Id_accidentalidad;seq_fecha;franja_horaria;r-franja;seq_tipo_accidente;seq_afectación;seq_tipo_servicio;seq_empresa_operadora;concesion;linea;ruta;coordenada_X;coordenada_Y;desp_suceso;num_lesionados _valorados;num_lesionados _trasladados;num_víctimas_fatales;gravedad_afectados;conciliación;placa;inmovilizado;sentido
202519;6;8 - 9;08:00 - 11:59;2;3;3;5;1;[682] C80;[2719] C80 V.3;597110;511001;"tabla 6/ viaje 2/ operador informa que una volqueta lo cierra, se produce choque, no se presentan lesionados, se envia asistencia/se concilia a favor del zonal/ zonal se dirige a patio/ reportado por TCZ Luis Lara a Ente Gestor  Alfonso B  Jimenez      
";0;0;0;5;Sí;SMS987;No;Sur-Norte
202524;6;8 - 9;08:00 - 11:59;2;3;3;5;1;[59] 99;[3272] 99  V.4;595781;512886;Tabla 25 / Viaje 1/ Operador reporta que colisiona un particular por el costado izquierod trasero, no se presentan heridos, se envia asistencia al punto/ al punto llega policia de transito el cual hace informe policial, con Causal 121 (no mantener distancia de seguridad) para el operador, zonal se dirige para el patio/   Reportado por el TCZ de ETIB - Jonatan Lozano/ Reportado al TS del Ente Gestor - Jose Manuel Duque;0;0;0;5;No;WEV595;No;Occi-Orien
202525;6;9 - 10;08:00 - 11:59;2;3;3;5;1;[59] 99;[3272] 99  V.4;595723;512926;Tabla 4 / Viaje 3/ Operador reporta que un particular lo colisiona por el costado trasero, no se presentan heridos, se envia asistencia al punto/ se concilia y el zonal continua en recorrido/ Reportado por el TCZ de ETIB - Jonatan Lozano/ Reportado al TS del Ente Gestor - Jose Manuel Duque;0;0;0;5;Sí;VDS998;No;Occi-Orien
202533;6;9 - 10;08:00 - 11:59;2;3;3;5;1;[534] C_115;[3147] C_115 V.3;605088;515860;Tabla 20 / Viaje 1 operador informa que camioneta realiza el giro lo cierra / colisiona por la parte delantera del zonal / no hay daños/ no hay lesionados/ zona continua recorridotercero se retira del punto sin suministrar datos/ zonal continua recorrido / Reportado por el TCZ de ETIB - Diana Arias/ Reportado al TS del Ente Gestor - Alfonso B  Jimenez ;0;0;0;5;No;WGL230;No;Norte-Sur
202543;6;10 - 11;08:00 - 11:59;4;3;3;5;1;[293] 544_A;[3281] 544 V.4;597087;513689;Tabla 1 / Viaje 3 /el operador reporta que un  provicional  lo cierra  por el costado derecho colisionandolono se presenta heridos  /en espera de asistencia /  Reportado por el TCZ de ETIB - Sanchez Albarracin Luisa Fernanda/ Reportado al TS del Ente Gestor - Jose Manuel Duque;0;0;0;5;No;ESL226;No;Orien-Occi
202550;6;11 - 12;08:00 - 11:59;2;3;3;5;1;[204] C52;[3047] C52 V8;593193;510274;Tabla 16 / Viaje 2/ Operador informa que colisiona por la parte derecha  trasera al particular,  se le envía asistencia al punto / concilia a favor del tercero, zonal se dirige  por sus propios medios a patio,  Reportado Por El Tcz De Etib - Pacheco Carlos Fernando/ Reportado Al Ts Del Ente Gestor - Eudover Montoya;0;0;0;5;Sí;VET872;No;Sur-Norte
202558;6;11 - 12;08:00 - 11:59;9;3;3;5;1;[594] 599;[3256] IDA V.5;603694;518350;Tabla 22 / Viaje 3 operador reporta que una moto  se encuentra parqueada y el zonal no mide distancia y la colsiona   no se presentan heridos en el punto/ el motocilcista se retira del punto y el zonal continua el recorrido  / Reportado por el TCZ de ETIB - Omar Casallas/ Reportado al TS del Ente Gestor - Carlos Ordoñez  ;0;0;0;5;No;WML715;No;Sur-Norte
202577;6;13 - 14;12:00 - 15:59;6;3;3;5;1;[43] 135;[3000] 135_H_I_20170212;594598;508729;Tabla 0 / Viaje 0 operador informa que no mantiene el tp80 y colisiona por detras con zonal Z502061/ no hay lesionados/ se envia recomoto al punto/  / Reportado por el TCZ de ETIB - Diana Arias/ Reportado al TS del Ente Gestor - Eudover Montoya;0;0;0;5;Sí;VER585;No;Occi-Orien
202578;6;13 - 14;12:00 - 15:59;3;3;3;5;1;[274] 252;[1444] 252 V.2;600605;508843;Tabla 3 / Viaje 4 operador informa que colisiona taxi por la pare de atras/ no hay lesionados / se envia recomoto/ se concilia a favor del tercero / zonal se desplaza a patio sevillana 1 / Reportado por el TCZ de ETIB - Diana Arias/ Reportado al TS del Ente Gestor - Eudover Montoya;0;0;0;5;Sí;VFB962;No;Orien-Occi
202582;6;14 - 15;12:00 - 15:59;2;3;3;5;1;[500] 120;[3254] 120 V.5;589381;509134;Tabla 16 / Viaje 3 operador reporta que particualr le invade el carril y lo colsiona por el costado lateral derecho  no se presentan heridos en el punto /se llega a una conciliacion con el tercero y el zonal es enviado a aptio por sus propios medios / Reportado por el TCZ de ETIB - Omar Casallas/ Reportado al TS del Ente Gestor - Carlos Ordoñez ;0;0;0;5;Sí;WDE237;No;Norte-Sur
202586;6;14 - 15;12:00 - 15:59;2;3;3;5;1;[840] RP24;[3485] RP24;592980;508117;"Tabla 7 / Viaje 3/ Operador reporta que un camión lo colisiona por el costado izquierdo, no hay heridos se envia asistencia al punto Conclusión : el tercero deja Ciento veinte mil pesos "" y se retira del punto sin suministrar datos   /  Reportado por el TCZ de ETIB - Jonatan Lozano/ Reportado al TS del Ente Gestor - Carlos Ordoñez";0;0;0;5;No;WDE716;No;Sur-Norte
202608;6;17 - 18;16:00 - 19:59;9;3;3;5;1;[69] C11;[2804] C11 V.5;593591;510317;Tabla 15 / Viaje 4 operador reporta que un motociclista lo colisiona por la parte trasera, el tercero  no se cae, no tiene lesiones,  parquea la moto al frente del zonal e indica que quiere que le paguen los daños,  cuando se indica que se enviara asistencia  se da  al fuga , zonal continua el recorrido tercero se dio a la fuga / Reportado por el TCZ de ETIB - Diego Molano/ Reportado al TS del Ente Gestor - Eudover Montoya;0;0;0;5;No;WGI066;No;Orien-Occi
202617;6;17 - 18;16:00 - 19:59;6;3;3;5;1;[412] 731;[3085] 731 V.3;600821;511376;Tabla 2 / Viaje 3/ El operador reporta que un zonal de masivo capital Z24-4464 se encontraba en el paradero y el operador al intentar sobrepasar el zonal de masivo lo colisiona levemente y le rompe el espejo izquierdo  no se registran lesionados y el operador concilia con el tercero y continua con el recorrido Reportado por el TCZ de ETIB - Juan David Tellez Mendez/ Reportado al TS del Ente Gestor - Carlos Ordoñez;0;0;0;5;Sí;WDE747;No;Orien-Occi
202615;6;18 - 19;16:00 - 19:59;3;3;3;5;1;[263] E72;[3050] E72 V4;598985;511587;Tabla 11 / Viaje 3 operador informa voy en recorrido y un taxista me adelanta cerrando y colisionamos en costado , policia transito mueve los vehiculos y continuan recorrido  / Reportado por el TCZ de ETIB - Indira Gomez/ Reportado al TS del Ente Gestor - Nicolay Novoa;0;0;0;5;No;VES421;No;NO APLICA
202620;6;18 - 19;16:00 - 19:59;2;3;3;5;1;[767] R927;[3353] C 927 Contraflujo V.10;592869;512363;Tabla 1 / Viaje 3/operador reporta que un camion le invade el carril rompiendole espejo retrovisor izquierdo/ tercero se dio a la fuga/ no se presenta policia de transito al punto/ operador afirma que el puede continuar con recorrido normal a cabecera/ no hay lesionados en el punto/ Reportado por el TCZ de ETIB - Hector Rodriguez/ Reportado al TS del Ente Gestor - Miguel Orjuela;0;0;0;5;No;WEV604;No;Norte-Sur
202630;6;20 - 21;20:00 - 23:59;5;3;3;5;1;[598] 97;[1531] 97;603561;511091;zonal varado en via, operador indica  que  la puerta del operador se abre y pasa un dual el cual se lleva la puerta, se realiza informe policial   por causal 212, zonal se envia en vacio al patio  / Reportado por el TCZ de ETIB - Diego Molano/ Reportado al TS del Ente Gestor - Nicolay Novoa;0;0;0;5;No;VDP915;No;Sur-Norte
202640;6;21 - 22;20:00 - 23:59;6;3;3;5;1;[841] R117;[3423] RP117;600510;505778;"Tabla 15/viaje 4/
se reporta accidente de tránsito con vehículo zonal de Consorcio Express/ según versión inicial de operador/ tercero /choca parte lateral de zonal de Etib/ causando daños materiales/ no hay lesionados/ se envía asistencia al sitio/ llega representante de  Etib se concilia a favor, el zonal se desplaza para el patio/ Reportado por el TCZ de ETIB/ Sanabria Sierra Benjamín/ Reportado al TS del Ente Gestor/ Miguel Orjuela
";0;0;0;5;Sí;WGH818;No;Orien-Occi
202117;2;7 - 8;04:00 - 07:59;8;1;3;7;5;[593] 593;[3137] 593_HABIL_V3;591488;512476;"Tabla: 5/ Viaje: 1/ Detalle : el operador indica que va por su carrir y un bicitaxi lo va a adelantar por el costado derecho y colisiona el movil se envia asistencia al punto / al momento hay un lesionado conformado /Reportado a: Carlos Santamaría Tecnico supervisor TM S A/ Conlusion: se genera informe de transito con causal 103 ""Adelantar Cerrando"" para el operador, el cual es conducido para medicina legal y el movil es inmovilziado en patios de alamos  
";0;1;0;1;No;WGK070;No;Norte-Sur
202665;7;6 - 7;04:00 - 07:59;3;3;3;5;1;[43] 135;[3001] 135_H_V_20170212;595000;509285;Tabla 5 / Viaje 2/ el operador reporta que realiza  procede a frenar, pero el vehículo no lo responde/ como consecuencia de la maniobra se genera un choque simple/ en el cual no se presenta persona lesionada, ni tampoco persona fallecida/ se presenta daños al móvil y al tercero/ al punto  hace presencia policía de tránsito que es la entidad encargada de atender el evento/ a las 09:00/ el móvil se dirige para el patio de la empresa/ debido a que se realiza informe de tránsito (Colocando la causal 121 que significa no conservar distancia para el operador) Reportado por el TCZ de ETIB - Sánchez Torres Wilson Armando/ Reportado al TS del Ente Gestor – Alfonso Jiménez;0;0;0;5;No;VFC741;No;Orien-Occi
202676;7;7 - 8;04:00 - 07:59;3;3;3;5;1;[401] 132;[2460] 132 V.3;598140;515238;Tabla 7 / Viaje 1/ Operador reporta que el taxi lo intenta adelantar por la izquierda y golpea el zonal / No se presentan lesionados / El tercero no espera y se da a la fuga sin suministrar datos / Al no haber otra novedad el móvil continúa el recorrido/ Reportado por el TCZ de ETIB - Torres Abelardo/ Reportado al TS del Ente Gestor - José Manuel Duque;0;0;0;5;No;WGI061;No;Orien-Occi
202675;7;7 - 8;04:00 - 07:59;2;3;3;5;1;[31] C15;[3291] C15 V.5;602868;510873;Tabla 23 / Viaje 1 /el operador reporta que  no alcaza a  frenar y colisiona a un particular por detras /no se presenta lesionados /ninguno asume la responsabilidad al llegar el agente de transito informa causal 121 al operador (no mantener distancia de seguridad) al terminar la novedad el zonal se desplaza para patio de san jose / Reportado por el TCZ de ETIB - Sanchez Albarracin Luisa Fernanda/ Reportado al TS del Ente Gestor - Jose Manuel Duque ;0;0;0;5;No;TUP480;No;Sur-Norte
202679;7;7 - 8;04:00 - 07:59;2;3;3;5;1;[840] RP24;[3485] RP24;589286;508909;Tabla 9 / Viaje 1/  Operador reporta que colisiona con un particular por el costado izquierdo trasero dando un giro, no hay heridos, se envia asistencia al punto, cada quien asume sus daños y el zonal se dirige para el patio / Reportado por el TCZ de ETIB - Jonatan Lozano/ Reportado al TS del Ente Gestor - Jose Manuel Duque ;0;0;0;5;Sí;WCL640;No;Orien-Occi
202681;7;7 - 8;04:00 - 07:59;2;3;3;5;1;[712] C105;[2859] C105 V.3;595217;509697;Tabla 19 / Viaje 1 operador informa que camio lo colisiona por el faldon derecho del zonal/ no hay lesionados /  se envia recomoto al punto/ Se concilia a favor de Etib /zonal se desplaza a patio sevillana 1/ Reportado por el TCZ de ETIB - Diana Arias/ Reportado al TS del Ente Gestor - Jairo Zapata;0;0;0;5;Sí;VFC994;No;Sur-Norte
202689;7;8 - 9;08:00 - 11:59;2;3;3;5;1;[665] T24;[2510] T24 VUELTA V.3;588842;511260;Tabla 7 / Viaje 2 operador reporta que con la parte trasera del zonal le rompe el espejo del  conductor a un camion de la basura, no hay lesionados, se envia asistencia al punto / Conclusion: se realiza informe de transito en contra del operador, el zonal se dirige a patio / Reportado por el TCZ de ETIB - Veronica Lizarazo/ Reportado al TS del Ente Gestor - Jose Manuel Duque ;0;0;0;5;No;VEP154;No;Occi-Orien
202699;7;9 - 10;08:00 - 11:59;4;3;3;5;1;[767] R927;[3352] C 927 V.10;598259;519660;Tabla 22 / Viaje 1 operador reporta que al salir del paradero un bus del tpc no le da la via y le rompe el espejo izquierdo  NA / Reportado por el TCZ de ETIB - Omar Casallas/ Reportado al TS del Ente Gestor - Jose Manuel Duque ;0;0;0;5;No;WDE719;No;Norte-Sur
202700;7;9 - 10;08:00 - 11:59;2;3;3;5;1;[500] 120;[3254] 120 V.5;590295;509329;Tabla 7 / Viaje 3 operador reporta que particular frena bruscamente ocasionando que el zonal lo colsione por la parte trasera   no se presentan heridos en el punto /se llega a una conciliacion con el tercero y el zonal se dirige a patio por sus propios medios  / Reportado por el TCZ de ETIB - Omar Casallas/ Reportado al TS del Ente Gestor - Jose Manuel Duque ;0;0;0;5;Sí;WCL622;No;Sur-Norte
202702;7;10 - 11;08:00 - 11:59;2;3;3;5;1;[115] E16;[2679] E16 VUELTA V.5;601751;519341;Tabla 31 / Viaje 2/ Operador reporta que al pasar mediante un carro varado, colisiona por el costado izquierdo del zonal, no hay heridos, se envia asistencia al punto, se concilia y el zonal se dirige para el patio/ Reportado por el TCZ de ETIB - Jonatan Lozano/ Reportado al TS del Ente Gestor - Jose Manuel Duque;0;0;0;5;Sí;WDE764;No;Norte-Sur
202128;2;8 - 9;08:00 - 11:59;9;1;3;3;2;[96] 669;[2872] VUELTA V8;599238;519054;"Operador realizando tabla 16 viaje 03 indica que iba aproximar al paradero y un motociclista por adelantarlo colisiona contra el zonal quedando lesionado pero conciente, se envia tecnico de seguridad vial Wilson Largo y asistencia juridica abogado Bernardo Abril quienes concluyen el caso con responsabilidad del tercero por lo cual firma desestimiento de lesiones y de cualquier proceso judicial, movil se desplaza para patio operaciones/ Reportado a Elkin Martinez tecnico de supervision Transmilenio 
";0;1;0;1;No;WLU665;No;Orien-Occi
202705;7;11 - 12;08:00 - 11:59;2;3;3;5;1;[712] C105;[2859] C105 V.3;595917;510019;Tabla 17 / Viaje 2 operador informa que particular omite el pare y lo colisiona por la parte derecha del zonal/ no hay lesionados/ se envia recomoto al punto / se concilia a favor de Etib/ zonal se desplaza a patio sevillana 1/ Reportado por el TCZ de ETIB - Diana Arias/ Reportado al TS del Ente Gestor - Jairo Zapata;0;0;0;5;Sí;WML662;No;Sur-Norte
202714;7;11 - 12;08:00 - 11:59;2;3;3;5;1;[204] C52;[3047] C52 V8;605114;515927;Tabla 11 / Viaje 2/ Operador informa que un particular, lo colisiona por la parte derecha delantera al zonal,  se le envía asistencia al punto/  Se concilia a Favor del Zonal/ Zonal se dirige  por sus propios medios a Patio/  Reportado Por El Tcz De Etib - Pacheco Carlos Fernando/ Reportado Al Ts Del Ente Gestor - Miguel Orjuela ;0;0;0;5;Sí;SVS940;No;Orien-Occi
202715;7;11 - 12;08:00 - 11:59;2;3;3;5;1;[500] 120;[3254] 120 V.5;593225;510270;Tabla 4 / Viaje 3 operador reporta que al cambiar de carril con la parte trasera del zonal colisiona a un movil particular   no se presentan heridos en el punto/se realiza informe de transito con causal 157 para los dos / el zonal es enviado a aptio por sus propios medios   / Reportado por el TCZ de ETIB - Omar Casallas/ Reportado al TS del Ente Gestor - Carlos Ordoñez;0;0;0;5;No;TUP471;No;Norte-Sur
202722;7;12 - 13;12:00 - 15:59;3;3;3;5;1;[767] R927;[3352] C 927 V.10;597578;517253;Tabla 17 / Viaje 2 operador reporta que taxi no mide distancia y lo colsiona por la parte trasera   no se presentan heridos en el punto /el tercero afirma no tener tiempo para esperar la asistencia asi que se retira del punto y el zonal continua el recorrido  / Reportado por el TCZ de ETIB - Omar Casallas/ Reportado al TS del Ente Gestor - Carlos Ordoñez;0;0;0;5;No;ESL236;No;Sur-Norte
202733;7;14 - 15;12:00 - 15:59;2;3;3;5;1;[217] E26A;[3061] E26A V.7;603497;511773;tabla 6/ viaje 3/ operador indica que un particular lo cierra y con la llanta raya levemente el bomper delantero costado izquierdo- tercero se da a la fuga, zonal continua ruta , no se presentan lesionados/ reportado por TCZ Luis Lara a Ente Gestor  Miguel Orjuela;0;0;0;5;No;WML668;No;Norte-Sur
202734;7;14 - 15;12:00 - 15:59;2;3;3;5;1;[500] 120;[3254] 120 V.5;596858;510388;Tabla 20 / Viaje 3 operador  reporta que al estar en el paradero estacionado llega un furgon y no mide distancia y lo colisiona por la parte trasera se realiza procedimiento policial con causal 106 para el tercero /el zonal es enviado a aptio por sus propios medios / Reportado por el TCZ de ETIB - Omar Casallas/ Reportado al TS del Ente Gestor - Carlos Ordoñez;0;0;0;5;No;WCM272;No;Norte-Sur
202742;7;15 - 16;12:00 - 15:59;6;3;3;5;1;[412] 731;[3085] 731 V.3;588743;509304;Tabla 8 / Viaje 4/ Operador reporta que se encontraba en el paradero y un zonal de consorcio exprés Z107013 de la ruta 782 al sobrepasarlo le rompe el espejo izquierdo  no se registran lesionados   se concilia con cuenta de cobro y el zonal se dirige para el patio// Reportado por el TCZ de ETIB - Juan David Tellez Mendez/ Reportado al TS del Ente Gestor - Carlos Ordoñez;0;0;0;5;Sí;WEW097;No;Sur-Norte
202140;2;10 - 11;08:00 - 11:59;9;1;3;5;1;[841] R117;[3423] RP117;598361;508055;Tabla 26 / Viaje 1 operador reporta que  una motociclista frena bruscamente y con el zonal la colisiona por la parte trasera, la motocilcista se cae,  pero se levanta de nuevo, esta conciente, no se evidencia herida abierta, se envia asistencia es valorada por ambulancia ,  se llega a un acuerdo economico, el zonal se envia en vacio a patio  / Reportado por el TCZ de ETIB - Diego Molano/ Reportado al TS del Ente Gestor - Carlos Ordoñez;0;1;0;1;Sí;WEW126;No;Orien-Occi
202752;7;15 - 16;12:00 - 15:59;2;3;3;5;1;[217] E26A;[3061] E26A V.7;599683;511424;Tabla 22 / Viaje 2 Operador indica que una camioneta esta varada, al tomar la Izquierda y furgon no se da cuenta de la camioneta parqueada y golpea al zonal en la parte dercha delantera Se concilia a favor de Etib / móvil se desplaza para patio/ Reportado por el TCZ de ETIB - Silvia Paez/ Reportado al TS del Ente Gestor - Miguel Orjuela ;0;0;0;5;Sí;ESM130;No;Occi-Orien
202759;7;16 - 17;16:00 - 19:59;2;3;3;5;1;[494] 192;[3366] 192 V.8;599683;509489;Tabla 24 / Viaje 2 operador informa pasa un vehiculo tipo furgon y rompe el espejo retrovisor izquierdo /tercero se da a la fuga/ movil se dirige para patio autosur/ Reportado por el TCZ de ETIB - Indira Gomez/ Reportado al TS del Ente Gestor -  Brandon Vivas;0;0;0;5;No;VFC523;No;NO APLICA
202762;7;16 - 17;16:00 - 19:59;2;3;3;5;1;[265] C135;[3283] C135 V.4;593827;513211;Tabla 16 / Viaje 5/ Operador informa que una volqueta lo colisiono en la parte trasera no se presentan lesionados  se concilia con el tercero y el zonal se dirige para el patio// Reportado por el TCZ de ETIB - Juan David Tellez Mendez/ Reportado al TS del Ente Gestor - Carlos Ordoñez ;0;0;0;5;Sí;TUP994;No;Sur-Norte
202765;7;16 - 17;16:00 - 19:59;3;3;3;5;1;[518] C27;[2911] C27 V.3;602363;508694;Tabla 17/Viaje 3/Se reporta accidente de tránsito/con vehículo tipo Taxi/según reporte inicial de operador/tercero invade carril de zonal y choca/causando daños materiales/ no hay lesionados/ tercero se da a la fuga/ zonal continua con recorrido normal/Reportado por el TCZ de ETIB/Sanabria Sierra Benjamin/Reportado al TS del Ente Gestor/Miguel Orjuela;0;0;0;5;No;WPM885;No;Norte-Sur
202795;7;19 - 20;16:00 - 19:59;2;3;3;5;1;[841] R117;[3423] RP117;601275;504654;Tabla 2/ viaje 4/se reporta accidente de tránsito/con vehículo particular/según reporte inicial de operador/Al salir de paradero /con parte trasera/ choca a tercero /que al parecer no conserva la distancia/causando daños materiales/no hay lesionados/Operador por iniciativa propia concilia a favor de tercero/intercambian datos para cotización de arreglo de tercero/zonal continua recorrido/ Reportado por el TCZ de ETIB/Sanabria Sierra Benjamin/Reportado al TS del Ente Gestor/ Benjamin Franco;0;0;0;5;Sí;WEW171;No;Sur-Norte
202803;7;19 - 20;16:00 - 19:59;2;3;3;5;1;[737] R634;[3414] IDA V.5;607265;518937;Tabla 2 / Viaje 7/ presento accidente de transito simple donde Operador Informa que particular al adelantarlo lo cierray coliciona con el Zonal se envia asistencia al punto // tercero se da a la fuga operador se dirige para el patio// Reportado por el TCZ de ETIB - Camilo Manrique/ Reportado al TS del Ente Gestor - Benjamin Franco;0;0;0;5;No;WEV611;No;Sur-Norte
202802;7;20 - 21;20:00 - 23:59;6;3;3;5;1;[113] C1;[2707] C1 V.3;602790;509212;Tabla 20 / Viaje 5 operador informa movil 452008 en el semaforo pasa y me rompe el espejo retrovisor derecho y se da a la fuga  / se concilia cuenta a favor de etib / movil se dirige a patio autosur /Reportado por el TCZ de ETIB - Indira Gomez/ Reportado al TS del Ente Gestor - Nicolay Novoa;0;0;0;5;No;WGI343;No;NO APLICA
202827;8;5 - 6;04:00 - 07:59;2;3;3;5;1;[204] C52;[3047] C52 V8;595869;512849;Tabla 6 / Viaje 1 operador reporta que se encontraba girando para tomar la boyaca y colisiona contra un vehiculo particular no se presentan lesionados en el choque/ se realiza informe policial con codificacion 132 (no respetar la prelacion) en contra del movil, zonal se desplaza para patio autosur/ Reportado por el TCZ de ETIB - Moreno Andres/ Reportado al TS del Ente Gestor - Alfonso Jimenez;0;0;0;5;No;SVS719;No;Sur-Norte
202843;8;7 - 8;04:00 - 07:59;6;3;3;5;1;[115] E16;[2678] E16 IDA V.5;595587;511155;Tabla 32 / Viaje 1/ Operador reporta que colisiona con un zonal de masivo lo colisiona por la parte trasera, se le envía Recomoto por parte de la operadora Etib, Zonal  se dirige por sus propios  medios a patio / Reportado Por El Tcz De Etib - Pacheco Carlos Fernando/ Reportado Al Ts Del Ente Gestor - José  Manuel Duque;0;0;0;5;Sí;WDG144;No;Sur-Norte
202845;8;8 - 9;08:00 - 11:59;3;3;3;5;1;[58] 91;[2722] 91 PORTAL V.5;602582;511993;Tabla 13 / Viaje 1 El operador reporrta que va girando y un taxi lo adelanta por el costado izquiero lo colisiona/el tercero se da a la fuga/ Reportado por el TCZ de ETIB - Cedeño Lorena/ Reportado al TS del Ente Gestor - José  Manuel Duque ;0;0;0;5;No;WDE763;No;Sur-Norte
202848;8;8 - 9;08:00 - 11:59;3;3;3;5;1;[69] C11;[2804] C11 V.5;597158;511719;Tabla 2 / Viaje 2/ Operador reporta que un taxi lo colisiona por el costado derecho saliendo de una calle, no hay heridos, se envia asistencia al punto, se concilia y el zonal se dirige para el patio / Reportado por el TCZ de ETIB - Jonatan Lozano/ Reportado al TS del Ente Gestor - Alfonso Jimenez;0;0;0;5;Sí;WEW166;No;Occi-Orien
202851;8;8 - 9;08:00 - 11:59;3;3;3;5;1;[494] 192;[3366] 192 V.8;605610;517859;"tabla 21/ viaje 1/ operador informa que al ingresar al carril derecho choca un taxi , no se presentan lesionados, se envia asistencia/ zona se dirige a patio / reportado por TCZ Luis Lara a Ente Gestor  Fernando Forero      
";0;0;0;5;Sí;SVS470;No;Norte-Sur
202883;8;13 - 14;12:00 - 15:59;2;3;3;5;1;[665] T24;[2509] T24 IDA V.3;589935;511046;Tabla 8 / Viaje 5 /el operador reporta que al salir del semaforo  un particular  frena y el zonal lo colisiona por la parte de atras / el tercero al no ver  daños se retira del punto sin  suministrar datos /no se presenta lesionados  /ninguno asume la responsabilidad/ el zonal continua con el recorrido/ Reportado por el TCZ de ETIB - Sanchez Albarracin Luisa Fernanda/ Reportado al TS del Ente Gestor - Carlos Ordoñez;0;0;0;5;No;WGL220;No;DG EoN
202897;8;14 - 15;12:00 - 15:59;2;3;3;5;1;[841] R117;[3423] RP117;588357;510603;Tabla 14 / Viaje 3 /el operador reporta que un camión da reversa y colisiona al  zonal  por la parte de atrás /no hay lesionados/el tercero asume la responsabilidad / al terminar la novedad el zonal se dirige por sus propios medios para Patio San Bernardino/Reportado por el TCZ de ETIB - Sanchez Albarracin Luisa Fernanda/ Reportado al TS del Ente Gestor - Carlos Ordoñez;0;0;0;5;Sí;WEW185;No;Sur-Norte
202903;8;15 - 16;12:00 - 15:59;2;3;3;5;1;[249] 552;[1563] 552 V4;593018;507381;Tabla 8/ viqaje 3/ se reporta accidente de tránsito/con vehículo particular/según reporte inicial de operador/zonal colisiona por un costado al tercero/ causando daños materiales/no hay lesionados/ tercero se da a la fuga/ presuntamente por estar en contravia/zonal se dirige por sus propios medio para Cabecera La Estancia/Reportado por el TCZ de ETIB/Sanabria Sierra Benjamin/Reportado al TS del Ente Gestor/ Angélica Bernal;0;0;0;5;No;WNV209;No;Norte-Sur
202917;8;16 - 17;16:00 - 19:59;6;3;3;5;1;[43] 135;[3001] 135_H_V_20170212;603025;510036;Tabla 29 / Viaje 2 movil de este es mi bus  407033 dando reversa golpea el zonal de Etib, no hay lesionados/ operador de Este es mi bus asume se hace cuenta de cobro a favor de Etib y movil continua el servicio/ Reportado por el TCZ de ETIB - Monroy Moya Luis Alejandro/ Reportado al TS del Ente Gestor - Angelica Bernal;0;0;0;5;Sí;VER525;No;Norte-Sur
202926;8;18 - 19;16:00 - 19:59;2;3;3;5;1;[69] C11;[2804] C11 V.5;602663;512816;Tabla 23 / Viaje 2 operador reporta que un particular le invade carril y colisiona el zonal , no hay lesionados  , zonal se envia en vacio / Reportado por el TCZ de ETIB - Diego Molano/ Reportado al TS del Ente Gestor - Nicolay Novoa;0;0;0;5;Sí;SVS867;No;Sur-Norte
202930;8;18 - 19;16:00 - 19:59;2;3;3;5;1;[401] 132;[2460] 132 V.3;598269;515121;Tabla 21 / Viaje 3 el operador informa que va a girar y choca a un particular placas del tercero CYB747 el tercero se cansa de esperar tránsito y se retira del punto sin suministrar datos,  el zonal no presenta daños Reportado por el TCZ de ETIB - Bohorquez Murcia Yesid Giovanni/ Reportado al TS del Ente Gestor - Miguel orguela ;0;0;0;5;Sí;VDM462;No;Norte-Sur
202935;8;18 - 19;16:00 - 19:59;3;3;3;5;1;[398] 607;[3010] IDA V.3;598574;515868;Tabla 20 / Viaje 5 el operador informa que un taxi lo cierra y dice que hay choque  placas del taxi  ESM353NA / Reportado por el TCZ de ETIB - Bohorquez Murcia Yesid Giovanni/ Reportado al TS del Ente Gestor - Juan David Ortiz;0;0;0;5;Sí;VEB776;No;Sur-Norte
202958;8;20 - 21;20:00 - 23:59;2;3;3;5;1;[115] E16;[2678] E16 IDA V.5;601078;519037;Tabla 33 / Viaje 6 operador reporta que se encontraba estacionado  y na volqueta  le estalla el panoramico delantero ya que informa que   el señor de la volqueta dejo  rodar el movil  tercero se da a  la fuga zonal se desplaza para patio / Reportado por el TCZ de ETIB - Carlos Rivera/ Reportado al TS del Ente Gestor - Miguel Orjuela;0;0;0;5;No;WDG158;No;Sur-Norte
202961;8;20 - 21;20:00 - 23:59;5;3;3;5;1;[841] R117;[3423] RP117;589785;511216;Tabla 18/viaje 4/se reporta accidente de tránsito con vehículo Alimentador KE-138/ de la ruta 9-2/según reporte inicial de operador/tercero rompe espejo izquierdo de zonal y continua recorrido/(se da a la fuga)no hay lesionados/zonal se dirige por sus propios medios para Patio San Bernardino/ Reportado por el TCZ de ETIB/Sanabria Sierra Benjamin/Reportado al TS del Ente Gestor/ Miguel Orjuela;0;0;0;5;No;VFC038;No;Norte-Sur
202972;8;21 - 22;20:00 - 23:59;4;3;3;5;1;[518] C27;[2911] C27 V.3;595526;505576;Tabla 15/viaje 3/se reporta accidente de tránsito/con vehiculo de Transporte Público Colectivo/según reporte inicial de operador/tercero por sobrepasar móviles para evitar congestión/choca a zonal/ causando daños materiales/ no hay lesionados/ tercero se da a la fuga/opertador manifiesta poder continuar con recorrido/Reportado por el TCZ de ETIB / Sanabria Sierra Benjamin/Reportado al TS del Ente Gestor/ Nicolay Novoa;0;0;0;5;No;WNV208;No;Orien-Occi
202981;8;23 - 0;20:00 - 23:59;13;3;3;5;1;[58] 91;[2722] 91 PORTAL V.5;594197;508016;Tabla 14 / Viaje ET/ Operador informa que al frenar el movil se desliza a la derecha y colisiona a un camion, y una moto colisiona al zonal por la parte trasera, no hay lesionados / motociclista se da a la fuga y el conductor del camion ausme su daño, se envia movil para el patio en grua/ Reportado por el TCZ de ETIB - Fabian Fandiño/ Reportado al TS del Ente Gestor - Miguel Orjuela ;0;0;0;5;No;WDE760;No;Norte-Sur
202996;9;7 - 8;04:00 - 07:59;2;3;3;5;1;[712] C105;[2859] C105 V.3;595515;509860;"tabla 5/ viaje 2/ operador informa que una camioneta de la ETB choca el zonal en la parte trasera, no se presentan lesionados, se envia asistencia/ reportado por TCZ Luis Lara a Ente Gestor  Alfonso B  Jimenez      
";0;0;0;5;Sí;VER729;No;Sur-Norte
202998;9;8 - 9;08:00 - 11:59;2;3;3;5;1;[31] C15;[3291] C15 V.5;600578;508733;Tabla 29 / Viaje 1 operador informa que particular no realiza el pare y colisiona por la parte delantera del zonal/ no hay lesionados/ se envia recomoto/Se genera IPAT con codificacion para el tercero 112(Desobedecer Señales de Transito )zonal se desplaza a patio san jose 2 / Reportado por el TCZ de ETIB - Diana Arias/ Reportado al TS del Ente Gestor - Jose Manuel Duque ;0;0;0;5;No;ESL231;No;Sur-Norte