Id_accidentalidad;seq_fecha;franja_horaria;r-franja;seq_tipo_accidente;seq_afectación;seq_tipo_servicio;seq_empresa_operadora;concesion;linea;ruta;coordenada_X;coordenada_Y;desp_suceso;num_lesionados _valorados;num_lesionados _trasladados;num_víctimas_fatales;gravedad_afectados;conciliación;placa;inmovilizado;sentido
203015;9;9 - 10;08:00 - 11:59;6;3;3;5;1;[378] 580-;[3247] 580 V.7;590953;509590;Tabla 16 / Viaje 1 Operador reporta que el zonal de Masivo z-252058, lo colisiona por la parte derecha, no hay lesionados, se envia asistencia al punto, conclusion: se envia cuenta de cobro a favor de Masivo, zonal continua recorrido   / Reportado por el TCZ de ETIB - Veronica Lizarazo/ Reportado al TS del Ente Gestor - Jose Manuel Duque ;0;0;0;5;No;WEV578;No;Norte-Sur
203028;9;10 - 11;08:00 - 11:59;2;3;3;5;1;[594] 599;[3256] IDA V.5;590548;509046;Tabla 26 / Viaje 3 Operador reporta que un Camion  choca contra el zonal, no hay lesionados en el punto , se envia asistencia / Conclusion: el tercero se da a la fuga, operador continua el recorrido  / Reportado por el TCZ de ETIB - Veronica Lizarazo/ Reportado al TS del Ente Gestor - Jose Manuel Duque ;0;0;0;5;No;WML885;No;Sur-Norte
203055;9;14 - 15;12:00 - 15:59;13;3;3;5;1;[845] R283;[3442] 283;598368;513179;Tabla 6 / Viaje 3 El operador reporta se encontraba en el paradero, un particular colisiona una moto y la moto colisiona el zonalNA / Reportado por el TCZ de ETIB - Cedeño Lorena/ Reportado al TS del Ente Gestor -  Eudover Montoya;0;0;0;5;No;WCM758;No;NO APLICA
203059;9;15 - 16;12:00 - 15:59;2;3;3;5;1;[204] C52;[3047] C52 V8;596811;514038;Tabla 24 / Viaje 1 OPERADOR REPORTA QUE UN PARTICULAR LE INVADE EL CARROL Y COLISIONA CON EL ZONAL, INDICA QUE NO HAY LESIONADOS, SE  REALIZA INFORME POLICIAL  CAUSAL 105 PARA EL TERCERO , ZONAL SE ENVIA EN VACIO AL PATIO / Reportado por el TCZ de ETIB - Diego Molano/ Reportado al TS del Ente Gestor -  Eudover Montoya;0;0;0;5;No;VFE505;No;Orien-Occi
203061;9;15 - 16;12:00 - 15:59;2;3;3;5;1;[370] 367;[1046] 367 San Bernardino;593040;510216;Tabla 23 / Viaje 2 el operador informa que un particular lo cierra y dice que el zonal en calles anteriores le rompió el espejo retrovisor izquierdo placas del tercero EMQ862 / el tercero se va del punto sin dejar datos / Reportado por el TCZ de ETIB - Bohórquez Murcia Yesid Giovanni/ Reportado al TS del Ente Gestor - Carlos Ordoñez;0;0;0;5;Sí;WEW114;No;Occi-Orien
203090;9;19 - 20;16:00 - 19:59;2;3;3;5;1;[657] TC_14;[1786] TC_14;592234;509705;Tabla 4 / Viaje 14 el operador informa el vehiculo particular esta parqueado, al girar lo alcanzo a colisionar en costado lateral trasero /tercero se retira del punto movil se dirige para patio autosur sin daños/ Reportado por el TCZ de ETIB - Indira Gomez/ Reportado al TS del Ente Gestor - Giovanny Vasquez;0;0;0;5;No;VEX512;No;NO APLICA
203107;9;20 - 21;20:00 - 23:59;2;3;3;5;1;[773] R781;[2675] IDA V.2;593560;511210;Tabla 48 / Viaje 1/ Operador 701749 / operador reporta que un particular realiza un giro prohibido y colisiona al zonal,  no se registran lesionados el tercero se fuga del punto y el zonal se dirige para el patio/ Reportado por el TCZ de ETIB - Juan David Tellez Mendez/ Reportado al TS del Ente Gestor - Giovanny Vasquez;0;0;0;5;No;TUP895;No;Orien-Occi
203113;9;21 - 22;20:00 - 23:59;9;3;3;5;1;[737] R634;[3414] IDA V.5;608215;523356;Tabla 3 / Viaje 11/ presento accidente de transito simple sin heridos donde Operdor Informa que motociclista cololiciona parte delantera derecha del zonal // se concilia por 100 000 pesos a favor de etib operador se dirige para el patio// Reportado por el TCZ de ETIB - Camilo Manrique/ Reportado al TS del Ente Gestor - Miguel Orguela ;0;0;0;5;Sí;WCL620;No;Sur-Norte
203115;9;21 - 22;20:00 - 23:59;4;3;3;5;1;[657] TC_14;[1786] TC_14;592462;508998;Tabla 3 / Viaje 43 operador informa sale una buseta servicio tradicional dando reversa sin frenos y colisiona el movil parte delantera rompiendo el panoramico delantero /realizan causal 133(reverso imprudente) para tercero  / Reportado por el TCZ de ETIB - Indira Gomez/ Reportado al TS del Ente Gestor - Giovanny Vasquez;0;0;0;5;No;VER432;No;Norte-Sur
203122;9;23 - 0;20:00 - 23:59;2;3;3;5;1;[665] T24;[2510] T24 VUELTA V.3;595514;504394;Tabla 10 / Viaje 8/Operador informa que deja rodar un poco el zonal  y colisiona automóvil, no hay lesionado se envía asistencia al punto/ llega policía de tránsito y llegan a una conciliación donde el operador asume el daño, el zonal se desplaza para el patio / Reportado por el TCZ de ETIB - Diana Castro/ Reportado al TS del Ente Gestor - Giovanny Vasquez;0;0;0;5;Sí;WEW164;No;Norte-Sur
203146;10;8 - 9;08:00 - 11:59;4;3;3;5;1;[58] 91;[2722] 91 PORTAL V.5;604466;514957;Tabla 12 / Viaje 1 /el operador reporta que un bus provisional lo cierra por el costado derecho colisionandolo /no se presenta lesionados  /el tercero asume la responsabilidad/al terminar la novedad el zonal continua con el recorrido/  Reportado por el TCZ de ETIB - Sanchez Albarracin Luisa Fernanda/ Reportado al TS del Ente Gestor - John Siza;0;0;0;5;Sí;WDE747;No;Norte-Sur
203150;10;9 - 10;08:00 - 11:59;9;3;3;5;1;[837] RP3;[3513] P3 V.3;589190;510801;Tabla 11 / Viaje 2/ Presento accidente de transito simple sin heridos donde operador  Informa que al girar no ve al motociclista y lo colisiona se envia asistencia al punto // se concilia por 50 000 mil pesos a favor del tercero zonal se dirige para el patio// Reportado por el TCZ de ETIB - Camilo Manrique/ Reportado al TS del Ente Gestor - John Siza;0;0;0;5;Sí;WGI321;No;Sur-Norte
203151;10;9 - 10;08:00 - 11:59;2;3;3;5;1;[401] 132;[2460] 132 V.3;593299;512723;Tabla 47 / Viaje 2/ presento accidente de transito simple sin heridos donde operador  informa que particular al dar reversa colisiona al zonal  se envia asistencia al punto // se concilia por 70 000 mil pesos a favor del tercero zonal se dirige para el patio// Reportado por el TCZ de ETIB - Camilo Manrique/ Reportado al TS del Ente Gestor - John Siza;0;0;0;5;Sí;VEG982;No;Sur-Norte
202214;2;18 - 19;16:00 - 19:59;10;1;3;9;3;[475] 733;[2973] 733 VUELTA_V2;596454;509234;Tabla: 17/ Viaje: 10/  Donde el Operador informa que un vehículo particular se le atraviesa, el operador  frena de forma imprevista para evitar la colisión y en el hecho se caen 2 usuarias las cuales no estaban bien sujetas de los elementos de seguridad, una de ellas se queja de fuerte dolor en uno de los pies, se envía asistencia/ Finalmente se realiza conciliación a favor de usuaria :Móvil se dirige a patio/  Reportado por: FABIAN COLORADO de  Organización Suma  a José Contreras Técnico Transmilenio;0;1;0;1;Sí;VEW054;No;Sur-Norte
203153;10;9 - 10;08:00 - 11:59;3;3;3;5;1;[59] 99;[111] 99;587253;510079;Tabla 15 / Viaje 1/ el operador reporta que un taxi no  respeta el pare y colisiona al zonal/no hay lesionados /el tercero asume la responsabilidad / al terminar la novedad el zonal se desplaza para patio/ Reportado por el TCZ de ETIB - Sanchez Albarracin Luisa Fernanda/ Reportado al TS del Ente Gestor - John Siza;0;0;0;5;Sí;VEJ255;No;Norte-Sur
203157;10;10 - 11;08:00 - 11:59;2;3;3;5;1;[837] RP3;[3513] P3 V.3;595909;509603;Tabla 13 / Viaje 2/ presento accidente de transito simple sin heridos donde Operador informa  que camioneta sale de una bomba de gasolina y colisiona al zonal, reporta tambien que el tercero le saca un arma para intimidarlo donde lo cogen policias de cuadrante y lo lleva para la estacion de policia  // se concilia por 50 000 mil pesos a favor de etib zonal se dirige para patio// Reportado por el TCZ de ETIB - Camilo Manrique/ Reportado al TS del Ente Gestor - Jhon Ariza;0;0;0;5;Sí;WDG924;No;Sur-Norte
203160;10;10 - 11;08:00 - 11:59;2;3;3;5;1;[204] C52;[3047] C52 V8;594138;510945;Tabla 17 / Viaje 2 operador informa que particular lo cierra /lo colisiona en el bomper trasero costado derecho y se da a la fuga/ no hay lesionados/ zonal continua recorrido tercero se da a la fuga/ zonal continua recorrido / Reportado por el TCZ de ETIB - Diana Arias/ Reportado al TS del Ente Gestor -  Jazmin Marin;0;0;0;5;No;WGI043;No;Occi-Orien
203174;10;12 - 13;12:00 - 15:59;3;3;3;5;1;[115] E16;[2678] E16 IDA V.5;595441;510447;Tabla 5 / Viaje 5/el operador reporta que un  taxi lo cierra por el costado derecho colisionandolo /no se presenta lesionados  / Reportado por el TCZ de ETIB - Sanchez Albarracin Luisa Fernanda/ Reportado al TS del Ente Gestor - Daniel Benavides;0;0;0;5;No;WDE765;No;Sur-Norte
203189;10;15 - 16;12:00 - 15:59;2;3;3;5;1;[398] 607;[2082] VUELTA V2;600264;518040;Tabla 13 / Viaje 4 operador reporta que al estar en el paradero desalimentando un particular lo colisiona por la parte trasera  no se presentan heridos en el punto/se llega a una conciliacion con eltercero y el zonal es enviado a patiopor sus propios medios   / Reportado por el TCZ de ETIB - Omar Casallas/ Reportado al TS del Ente Gestor - CE;0;0;0;5;Sí;WGL225;No;Norte-Sur
202223;2;18 - 19;16:00 - 19:59;16;1;3;1;6;[396] 740;[3480] 740_1_20181022_PENINSULA;600837;503106;"Operador reporta que con el móvil a su cargo realizando la tabla 16 viaje 7, presenta un evento con las siguientes características: Según versión del  operador  indica que al realizar la  parada dos  usuarias  se suben al móvil  y al arrancar  una de ellas en estado de gestación   se resbala  y se cae   al andén   , la usuaria esta consiente se solicita apoyo de  ambulancia al  punto , donde se presenta un  lesionado, al punto se envía asistencia de recomoto y abogado del concesionario  Reportado a TS MIGUEL ORJUELA  de TMSA, reportado por TC yisel salas de CE 

";0;1;0;1;No;WGG396;Sí;Orien-Occi
203216;10;18 - 19;16:00 - 19:59;9;3;3;5;1;[113] C1;[2707] C1 V.3;592054;510019;Tabla 6 / Viaje 5 operador informa estoy  esperando el cambio en el semaforo , una moto pierde el equilibrio colisiona un vehiculo particular y alcanza a tocar el lado del zonal y el motociclista se da a la fuga , tercero vehiculo particular esta en el punto reclamando por los daños / llega policia de transito y tercero se retira del punto , movil se dirige patio autosur sin daños/ Reportado por el TCZ de ETIB - Indira Gomez/ Reportado al TS del Ente Gestor - Jimmy Rodríguez;0;0;0;5;No;WEW178;No;Norte-Sur
203225;10;20 - 21;20:00 - 23:59;2;3;3;5;1;[115] E16;[2678] E16 IDA V.5;595668;511962;Tabla 22 / Viaje 5 operador  reporta que camioneta lo adelanta lo cierra  y colisiona con el zonal    no se reportan lesionados conclusion policía de tránsito no contaba con papelería para realizar ipat y queda de enviarlo el día 11-11-2018 zonal se desplaza para  patio para  patio en el transcurso del día / Reportado por el TCZ de ETIB - Carlos Rivera/ Reportado al TS del Ente Gestor - Jimmy Rodríguez;0;0;0;5;No;WDE755;No;NO APLICA
203244;10;23 - 0;20:00 - 23:59;2;3;3;5;1;[378] 580-;[3247] 580 V.7;600747;505497;Tabla 24 / Viaje 1/Operador indica  que  un  carro particular le indica  que al pasar el le rompe espejo retrovisor izquierdo, no hay lesionados se envía asistencia al punto/ llega tránsito le explica al tercero y exonera al zonal por que el zonal no fue el que cometió el daño/el tercero se va del punto sin suministrar datos/ zonal se desplaza para el patio / Reportado por el TCZ de ETIB - Diana Castro/ Reportado al TS del Ente Gestor - Jimmy Rodríguez;0;0;0;5;No;WCM294;No;Sur-Norte
203273;11;14 - 15;12:00 - 15:59;4;3;3;5;1;[594] 599;[3256] IDA V.5;598927;524571;Tabla 17 / Viaje 3 Operador reporta que un bus de servicio publico pasa y le rompe el espejo retrovisor derecho y se da a la fuga/ El zonal continua recorrido ya que el tercero se retira sin dejar datos  / Reportado por el TCZ de ETIB - Veronica Lizarazo/ Reportado al TS del Ente Gestor - Gabriel Rodríguez ;0;0;0;5;No;WMN361;No;Norte-Sur
203308;12;6 - 7;04:00 - 07:59;3;3;3;5;1;[841] R117;[3423] RP117;590729;509356;tabla 5/ viaje 1/ operador informa que deja rodar el zonal y choca un taxi -no se presentan lesionados, se envia asistencia/ se llega a una conciliación por valor de  a favor del Tercero/reportado por TCZ Luis Lara a Ente Gestor  Alvaro Cruz;0;0;0;5;Sí;WEW115;No;Sur-Norte
203311;12;8 - 9;08:00 - 11:59;4;3;3;5;1;[773] R781;[2675] IDA V.2;587956;509829;Tabla 10 / Viaje 3 / Operador reporta que por adelantar un bus del TPC colisiona por le costado derecho trasero, no hay heridos se envía asistencia al punto, se concilia y el zonalse dirige para el patio/ Reportado por el TCZ de ETIB - Jonatan Lozano/ Reportado al TS del Ente Gestor - Jairo Zapata;0;0;0;5;Sí;WDE764;No;Orien-Occi
202232;2;19 - 20;16:00 - 19:59;9;1;3;6;4;[241] 359;[2885] 359_20170822;603027;515804;Operador reporta que con el móvil a su cargo realizando la tabla 7 viaje 5, presenta un evento con las siguientes características: el móvil se desplazaba en el Recorrido por el Carril, cuando según versión del Operador: Según el operador la moto se le mete por el lado izquierdo y se cae  Como consecuencia de la maniobra realizada,  se genera una Colisión contra Motocicleta  Evento en el cual si se presenta una persona lesionada ( Motociclista)  Si se generan daños materiales en el zonal y el tercero  Si se presenta policía de transito  El operador se desplaza hacia patio zonal de Gmovil  Se informa al Técnico de Supervisión de Transmilenio S A  Miguel Orjuela  por El Regulador de Control de Gmóvil SAS JOSE ANTONIO CASTRO GARCÍA  Observaciones: Al punto se desplaza abogado de la empresa  Llega ambulancia la cual valora y traslada a la afectada  ;0;1;0;1;Sí;SMX680;No;Occi-Orien
202230;2;19 - 20;16:00 - 19:59;16;1;3;5;1;[845] R283;[3442] 283;590785;508172;Tabla 27 / Viaje 1 Operador reporta que la usuaria al bajarse del movil se resbala cayendo en el anden/ no se encuentra herida abierta sin embargo la usuaria solicita asistencia medica/ Se codifica al operador con 145 (arrarncar sin precaucion) / Reportado por el TCZ de ETIB - Bernal Luis/ Movil se dirije a patio Alamos /Reportado al TS del Ente Gestor - Jorge Enrique Gutiérrez;0;1;0;1;No;WCN427;Sí;Norte-Sur
202237;2;20 - 21;20:00 - 23:59;9;1;3;9;3;[253] 736;[2326] 736v2_IDA;596324;509034;Tabla 60 (Retoma de tabla 29), Viaje 1/ Operador informa que al pasar la interseccion en sentido sur - norte lo hace con el semaforo en amarillo en ese momentos los vehiculos que se desplazan de Or a Occ inician marcha, operador argumenta que una moto queda frente al zonal y no alcanza a frenar por lo cual lo golpea  Despues de presentado el evento taxi de placas SWS 806 con un palo le rompe el espejo y le golpea la cabeza del operador, y al ver a policia emprende la fuga  Tercero firma desistimiento y se determina que cada uno asuma daños, el zonal se dirige a patio   Reportado por TCZ Julian Orozco SUMA SAS  Reportado a TS Fredy Cardona TMSA ;0;1;0;1;No;WGH209;No;Sur-Norte
203318;12;10 - 11;08:00 - 11:59;2;3;3;5;1;[184] 782;[2680] IDA V.4;595678;510302;"Operador reporta que con el móvil a su cargo realizando la tabla 8, viaje 5, presenta un evento con las siguientes características: Operador iba psando por su carril y un particular no realiza el pare y choca con el zonal en el costado izquierdo delantero no hay lesionados, generando solo daños materiales, al punto se envía asistencia de recomoto y/o abogado del concesionario  Reportado a TS Juan David Ortiz de TMSA, reportado por TC John Gutierrez de CE 
";0;0;0;5;Sí;WDG912;No;Sur-Norte
203323;12;11 - 12;08:00 - 11:59;4;3;3;5;1;[840] RP24;[3485] RP24;592397;508050;Tabla 9 / Viaje 1 Operador reporta que por no colisionar una moto frena bruscamente y un bus del TPC lo colisiona por el costado trasero, no hay heridos, se envia asistencia, al punto llega policia de transito y realizan informe policial con causal 121(No Mantener Distancia de Seguridad )para el tercero, el zonal se dirige para el patio/ Reportado por el TCZ de ETIB - Jonatan Lozano/ Reportado al TS del Ente Gestor - Jairo Zapata;0;0;0;5;No;TUP485;No;Norte-Sur
203334;12;13 - 14;12:00 - 15:59;2;3;3;5;1;[274] 252;[1444] 252 V.2;595770;510193;Tabla 6 / Viaje 4/Operador informa que un furgon paso muy cerca al zonal y le rompe el espejo izquierdo y se fuga del punto  no se registran lesionados, el zonal se dirige para el patio / Reportado por el TCZ de ETIB - Juan David Tellez Mendez/ Reportado al TS del Ente Gestor - Gabriel Rodriguez;0;0;0;5;No;WML663;No;Occi-Orien
203341;12;15 - 16;12:00 - 15:59;9;3;3;5;1;[43] 135;[3000] 135_H_I_20170212;595646;508651;Tabla 8 / Viaje 8/ presento accidente de transito simple sin heridos donde operador repor ta que moto lo coliciona parte trasera del zonal  se envia asistencia al punto// cada quien asume sus daños tercero se retira del punto zonal se dirige para el patio //Reportado por el TCZ de ETIB - Camilo Manrique/ Reportado al TS del Ente Gestor - Gabriel Rodriguez;0;0;0;5;Sí;WML665;No;Sur-Norte
203342;12;16 - 17;16:00 - 19:59;2;3;3;5;1;[348] 59A;[1436] 59A V.2;596535;509086;Tabla 1 / Viaje 6/ presento accidente de transito simple sin heridos donde operador reporta que particular al adelantarlo lo cierra y colisiona con el zonal se envia asistencia en el punto// Se concilia por $300 000 mil pesos  a favor del tercero zonal se dirige para patio// Reportado por el TCZ de ETIB - Camilo Manrique/ Reportado al TS del Ente Gestor - Gabriel Rodriguez;0;0;0;5;Sí;WPM885;No;Norte-Sur
203345;12;17 - 18;16:00 - 19:59;3;3;3;5;1;[378] 580-;[3247] 580 V.7;588856;509783;Tabla 8 / Viaje 5 operador  reporta que por  esquivar  un vehículo   que iba transitando  por el lado  izquierdo , colisiona  con un  taxi   por  la parte  derecha  no  se reportan lesionados conclusion   tercero  se da  a la fuga   / Reportado por el TCZ de ETIB - Carlos Rivera/ Reportado al TS del Ente Gestor - Gabriel Rodriguez;0;0;0;5;No;TUP494;No;Sur-Norte
203366;13;6 - 7;04:00 - 07:59;2;3;3;5;1;[3] 496;[3300] 496 V.4;590813;509417;Tabla 8 / Viaje 1 El operador reporta choque simple con particular, él informa, que el señor del particular le cierra el paso en la glorieta causando la colisión   El tercero asume la responsabiulidad, los moviles no tiene daños y el particular se retira del punto, el zonal continua en recorrido  / Reportado por el TCZ de ETIB - Vente Sanmiguel Raul Alexander/ Reportado al TS del Ente Gestor - Miguel Orjuela;0;0;0;5;No;VEP265;No;NO APLICA
203379;13;8 - 9;08:00 - 11:59;2;3;3;5;1;[398] 607;[3010] IDA V.3;601100;519061;Tabla 14 / Viaje 1/ Operador reporta que en la congestión el tercero frena, él no alcanza a frenar y lo golpea en la parte trasera / No se presentan lesionados / Se envía asistencia/ Al punto hace presencia el recomoto de la empresa pero el tercero luego deside no esperar y se da a la fuga sin suministrar datos / Al no haber otra novedad el móvil se desplaza por sus medios para patio/ Reportado por el TCZ de ETIB - Torres Abelardo/ Reportado al TS del Ente Gestor - Juan David Ortiz;0;0;0;5;No;WGI329;No;Sur-Norte
203420;13;11 - 12;08:00 - 11:59;2;3;3;5;1;[265] C135;[3283] C135 V.4;603120;509002;"Tabla 8 / Viaje 3 Operador reporta que colisiona un particular en la parte tasera, no hay heridos se envia asistencia al punto, se concilia y el zonal continua en recorrido/ Reportado por el TCZ de ETIB - Jonatan Lozano/ Reportado al TS del Ente Gestor - Nicolay Novoa
";0;0;0;5;Sí;TUP911;No;Occi-Orien
203446;13;16 - 17;16:00 - 19:59;11;3;3;5;1;[518] C27;[2911] C27 V.3;591471;507653;Tabla 8 / Viaje 4 operador reporta que se encuentra en el paradero alimentando y un ciclista  se atravieza e indica que metros atras el zonal lo hizo caer, operado manifiesta que no lo toco ni presento novedad alguna// tercero insulta al operador lo escupe y le indica que lo espera en la cabecera, se retira del punto y el zonal continua recorrido/ Reportado por el TCZ de ETIB - Moreno Andres/ Reportado al TS del Ente Gestor - Jhon Lopez;0;0;0;5;No;WNV213;No;Occi-Orien
203448;13;16 - 17;16:00 - 19:59;2;3;3;5;1;[592] 23;[2862] 23 V.4;599318;511369; Tabla 27 / Viaje 1/Operador indica que carro particular lo alcanza y le dice que al pasar se le abre la tapa del combustible con el cual le raya el carro, no hay lesionados se envía asistencia /llega policía de tránsito y concilian a favor del tercero el zonal se desplaza para el patio/ Reportado por el TCZ de ETIB - Diana Castro/ Reportado al TS del Ente Gestor - Jhon López;0;0;0;5;Sí;VEP300;No;Norte-Sur
203458;13;17 - 18;16:00 - 19:59;14;3;3;5;1;[113] C1;[2707] C1 V.3;594345;510483;Tabla 29 / Viaje 3/ Operador informa que al dar el giro a la izquierda, colisiona a una ambulancia con la parte trasera del zonal, no hay lesionados / Tercero se retira del punto sin daños y zonal continua servicio/ Reportado por el TCZ de ETIB - Fabian Fandiño/ Reportado al TS del Ente Gestor - Rocio Dominguez;0;0;0;5;No;VEU019;No;Sur-Norte
203497;13;20 - 21;20:00 - 23:59;2;3;3;5;1;[737] R634;[3415] VUELTA V.5;605788;517828;Tabla 10 / Viaje 11/ Operador  informa que en el trancon al hacer el cambio de carril para pasar por debajo del puente un  particular por no dejarlo pasar alcanza a colisionar el particular en guarda barro parte trasera/ se realiza informe causal 103 en contra del operador y movil para patio/Reportado por el TCZ de ETIB - Monroy Moya Luis Alejandro/ Reportado al TS del Ente Gestor - Alfonso Jimenez;0;0;0;5;No;WCM282;No;NO APLICA
203506;13;20 - 21;20:00 - 23:59;6;3;3;5;1;[43] 135;[3001] 135_H_V_20170212;600105;508714;Tabla 5 / Viaje 10/ Operador reporta que un zonal de tranzit 904279, pasa y le rompe el espejo retrovisor izquierdo, no hay lesionados  / Reportado por el TCZ de ETIB - Veronica Lizarazo/ Reportado al TS del Ente Gestor - Rocio Dominguez;0;0;0;5;No;VEO785;No;NO APLICA
203514;13;22 - 23;20:00 - 23:59;2;3;3;5;1;[657] TC_14;[1786] TC_14;592683;508450;Tabla 4  / Viaje En Transito/  el operador que se dirigia en transito para el patio, informa el particular sale sin precausion y colisiona en parte lateral trasera, no hay lesionados/ Se concilia con el tercero y se envia movil para el patio / Reportado por el TCZ de ETIB - Fabian Fandiño/ Reportado al TS del Ente Gestor - Rocio Dominguez;0;0;0;5;Sí;VEO690;No;Sur-Norte
203521;13;23 - 0;20:00 - 23:59;2;3;3;5;1;[500] 120;[3254] 120 V.5;587492;510005;Tabla 108 / Viaje 3/ el operador reporta que  un particular se atraviesa y al hacer  una maniobra queda en contravia colisionandolo/no se presenta lesionados / agente de transito informa Causal : 104 para el operador Adelantar Invadiendo Carril de Sentido Contrario// al terminar la novedad el zonal se desplaza para el patio de bosa san José //Reportado por el TCZ de ETIB - Sanchez Albarracin Luisa Fernanda/ Reportado al TS del Ente Gestor - Rocio Dominguez;0;0;0;5;No;WDE715;No;Norte-Sur
203530;14;6 - 7;04:00 - 07:59;11;3;3;5;1;[773] R781;[3412] VUELTA V.3;591640;510182;Tabla 4 / Viaje 2 El operador reporta choque con un Ciclista  Él informa que el ciclista no transita por la cicloruta, el operador indica que por el punto siego de la tabla no vio el señor y lo colisiona, causando que se caiga y ocasionándole daños a la bicicleta, la versión inicial del operador es que el señor ciclista no presenta lesiones  Al punto llega representante de ETIB, y confirma que el tercero no espera la asistencia del tránsito y se retira del punto, el zonal continua en recorrido desde el punto / Reportado por el TCZ de ETIB - Vente Sanmiguel Raul Alexander/ Reportado al TS del Ente Gestor - Brandon Vivas ;0;0;0;5;No;WLT626;No;NO APLICA
203529;14;6 - 7;04:00 - 07:59;6;3;3;5;1;[184] 782;[2680] IDA V.4;603765;518317;Tabla 6 / Viaje 1 El operador reporta choque con otro zonal, él informa que el señor no conserva la distancia de seguridad y colisiona al zonal por la parte trasera en el costado izquierdo, rompiéndose el espejo izquierdo del zonal del Gmovil  Zonal 507095Al punto llega representante de ETIB y se determina que la responsabilidad es compartida, se concilia en que cada quien asume sus daños, el móvil no continua en recorrido y de desplaza para el patio de concesionario / Reportado por el TCZ de ETIB - Vente Sanmiguel Raul Alexander/ Reportado al TS del Ente Gestor - Juan David Ortiz;0;0;0;5;Sí;WDE750;No;NO APLICA
203540;14;7 - 8;04:00 - 07:59;1;3;3;5;1;[682] C80;[2719] C80 V.3;601946;507798;(14/nov /2018/ 07:15) / NOVEDAD SEGURIDAD & CONVIVENCIA - VANDALISMO/ Ruta C80/ Tabla 13 / Viaje 1/ Móvil Z70-0059/ Operador 704208 / Operador reporta que al aproximar alcanza a rozar a un señor que se encuentra en el paradero sin causarle lesiones, pese a piderle disculpas el tercero arremete contra el zonal y con el puño le rompe la ventana corredera del lado del operador (se causa cortadura en la mano) y se da a la fuga pero un agente de la estación bicentenario lo detiene / Se envía asistencia/ Dirección Calle 6 con Carrera 9/ Parada 657A00/ Sentido Oriente-Occidente/ Reportado por el TCZ de ETIB - Torres Abelardo/ Reportado al TS del Ente Gestor - Yunis Anaya;0;0;0;5;No;VEO636;No;Orien-Occi
202278;3;9 - 10;08:00 - 11:59;9;1;3;2;9;[342] 639_;[2171] 639 VUELTA 150216;591977;506167;Operador reporta que con el móvil a su cargo realizando la tabla 8, viaje 2, presenta un evento con las siguientes características: informa que una motocicleta golpea el zonal por el bomper trasero, donde se presentan lesionados, al punto se envía asistencia de recomoto Fabio Mora quien informa se llega a un acuerdo económico, y/o abogado del concesionario  Reportado a TS CARLOS SANTAMARIA  de TMSA, reportado por TC Edison Motta de CE ;0;1;0;1;Sí;WCL947;No;Norte-Sur
203548;14;8 - 9;08:00 - 11:59;2;3;3;5;1;[675] 94;[2758] IDA V.2;600528;526182;Tabla 32 / Viaje 1 el operador informa que deja rodar el movil y choca un particula placas del tercero  WOV608/se realiza informe policial conCausal 121 para el operador Reportado por el TCZ de ETIB - Bohorquez Murcia Yesid Giovanni/ Reportado al TS del Ente Gestor - Brandon Vivas;0;0;0;5;Sí;WCM765;No;Norte-Sur
203550;14;8 - 9;08:00 - 11:59;2;3;3;5;1;[262] 56A;[3055] 56A V.3;601891;511198;Tabla 15 / Viaje 1/ Operador reporta que un camión lo adelanta cerrando y le rompe el espejo retrovisor costado izquierdo / Tercero se da a la fuga / Móvil no puede continuar el recorrido por lo que se desplaza para patio por sus medios con la debidas precausiones/ Reportado por el TCZ de ETIB - Torres Abelardo/ Reportado al TS del Ente Gestor - Yunis Anaya;0;0;0;5;No;WPP399;No;Occi-Orien
203551;14;8 - 9;08:00 - 11:59;2;3;3;5;1;[656] TC_11;[2901] TC11 V.3;594074;507390;Tabla 2 / Viaje 5/ operador reporta que un camion le invade el carril y choca a el zonal en el costado izquierdo del mismo/ no se presenta lesionados en el punto/ se presenta policia de transito al punto el cual esta pendiente del caso/ se concilia a favor de ETIB S A S/ movil se envia para patio/ tercero se retira del punto sin suministrar ningun dato/ Reportado por el TCZ de ETIB - Hector Rodriguez/ Reportado al TS del Ente Gestor - Yunis Anaya;0;0;0;5;Sí;VDZ810;No;NO APLICA
203557;14;9 - 10;08:00 - 11:59;9;3;3;5;1;[398] 607;[2082] VUELTA V2;588240;510954;Tabla 8 / Viaje 2/ Operador reporta que al dar paso a otro zonal se golpea a una motocicleta / No se presentan lesionados / Al punto se envía recomoto pero el tercero se retira del punto sin suministrar datos / Al no haber otra novedad el móvil se desplaza por sus medios para el patio / Reportado por el TCZ de ETIB - Torres Abelardo/ Reportado al TS del Ente Gestor - Juan David Ortíz;0;0;0;5;No;WGL218;No;Orien-Occi
203586;14;12 - 13;12:00 - 15:59;3;3;3;5;1;[518] C27;[2911] C27 V.3;599774;506909;Tabla 27 / Viaje 1/ Operador reporta que el taxi lo adelanta por la izquierda cerrando y se produce el choque / No se presentan lesionados / Se envía asistencia pero el tercero deside no esperar y se da a la fuga / Móvil continúa el recorrido en servicio / Reportado por el TCZ de ETIB - Torres Abelardo/ Reportado al TS del Ente Gestor - John Jairo López;0;0;0;5;No;WML662;No;Sur-Norte