Id_accidentalidad;seq_fecha;franja_horaria;r-franja;seq_tipo_accidente;seq_afectación;seq_tipo_servicio;seq_empresa_operadora;concesion;linea;ruta;coordenada_X;coordenada_Y;desp_suceso;num_lesionados _valorados;num_lesionados _trasladados;num_víctimas_fatales;gravedad_afectados;conciliación;placa;inmovilizado;sentido
203591;14;13 - 14;12:00 - 15:59;12;3;3;5;1;[3] 496;[3300] 496 V.4;589301;508711;"

Tabla 116 / Viaje 1 operador afirma que una buseta escolar se pasa y no se mide rompiendo el espejo izquierdo , se da a la fuga  / el operador hace trasbordo de un usuario y se desplaza para el patio / se retoma la tabla desde cabecera nuevamente sin perder kilometraje/ Reportado por el TCZ de ETIB - Fabian Andres  Sarmiento/ Reportado al TS del Ente Gestor - Nicolay Novoa
";0;0;0;5;No;VEM276;No;Orien-Occi
203603;14;14 - 15;12:00 - 15:59;2;3;3;5;1;[773] R781;[2675] IDA V.2;595676;512049;Tabla 28 / Viaje 3/ Operador reporta que un particular lo colisiona por el costado derecho, no hay heridos se envía asistencia al punto/ se concilia y el zonal continua en recorrido/ Reportado por el TCZ de ETIB - Jonatan Lozano/ Reportado al TS del Ente Gestor - Gabriel Rodriguez;0;0;0;5;Sí;TUP969;No;Occi-Orien
203614;14;15 - 16;12:00 - 15:59;2;3;3;5;1;[494] 192;[3366] 192 V.8;599955;509286;Tabla 16 / Viaje 2 / Operador informa que un vehiculo de la cruz roja le invade el carril y lo colisiona por un costado, no hay lesionados / se concilia con el tercero y zonal se envia para el patio / Reportado por el TCZ de ETIB - Fabian Fandiño/ Reportado al TS del Ente Gestor - Cristian Ortiz;0;0;0;5;Sí;WGL217;No;Occi-Orien
203627;14;16 - 17;16:00 - 19:59;12;3;3;5;1;[767] R927;[3353] C 927 Contraflujo V.10;598896;520191;Tabla 1 / Viaje 3 operador informa que no mide la deitancia entre el zonal y camioneta escolar/ la colisiona por la parte de atras/ no hay lesionados/ se envia recomoto /Se realiza IPAT causal 121(No Mantener Distancia de Seguridad ) a etib/ Zonal se desplaza a patio san jose 1/ Reportado por el TCZ de ETIB - Diana Arias/ Reportado al TS del Ente Gestor - Gabriel Rodriguez;0;0;0;5;No;WEV604;No;Sur-Norte
203641;14;18 - 19;16:00 - 19:59;2;3;3;5;1;[115] E16;[2678] E16 IDA V.5;601264;519120;Tabla 2 / Viaje 7 el operador informa un particular me cierra e informa que lo colisione / llega policia de transito y realiza causal 145 ( Arrancar sin Precaución )para ambos , movil se dirige para cabecera / Reportado por el TCZ de ETIB - Indira Gomez/ Reportado al TS del Ente Gestor - Alfonso Jimenez;0;0;0;5;No;TUP919;No;Sur-Norte
203660;14;20 - 21;20:00 - 23:59;2;3;3;5;1;[837] RP3;[3513] P3 V.3;589702;510960;Tabla 13 / Viaje 5 / Operador informa que un particular deja rodar el Carro y colisiona al  zonal/ Conclusión/  Se  concilia a favor del Zonal y continua  con le servicio habitual/  Reportado Por El Tcz De Etib - Pacheco Carlos Fernando/ Reportado Al Ts Del Ente Gestor - Alfonso Jiménez;0;0;0;5;Sí;WEW125;No;Sur-Norte
203686;15;0 - 1;01:00 - 03:59;18;3;3;5;1;[115] E16;[2678] E16 IDA V.5;605151;525386;Tabla 7 / Viaje 9 El operador reporta choque con infraestructura (andén), él informa que un motociclista le cierra el paso le invade el carril y lo obliga a colisionar con el andén, no se presenta lesionados y el operador espera asistencia pues se pinchó dela posición 2  El operador, no continua en recorrido espera asistencia de parte de mtto  / Reportado por el TCZ de ETIB - Vente Sanmiguel Raúl Alexander/ Reportado al TS del Ente Gestor - Alfonso Jiménez;0;0;0;5;No;TUP959;No;NO APLICA
203688;15;5 - 6;04:00 - 07:59;18;3;3;5;1;[115] E16;[2678] E16 IDA V.5;590164;509159;Tabla 14 / Viaje 1 El operador reporta choque contra infraestructura, él informa que al hacer la aproximación colisiona con un poste, rompiéndose el espejo derecho, no se presentan lesionados  El señor retorna a patio para cambiar el zonal y continuar en recorrido con otro móvil / Reportado por el TCZ de ETIB - Vente Sanmiguel Raul Alexander/ Reportado al TS del Ente Gestor - Miguel Orjuela;0;0;0;5;No;WMN302;No;NO APLICA
203689;15;5 - 6;04:00 - 07:59;6;3;3;5;1;[69] C11;[2804] C11 V.5;593681;510330;accidentalidad simple/ 15/nov/jueves - 05:32/móvil 704394/ ruta 117/ tabla 12/ viaje 1/ Obz 705413/ paradero 031A09/ dirección / sentido Sur-Norte/ operador informa que zonal Z25-7128 choca el zonal en la parte trasera, no se presentan lesionados, se envía asistencia/ reportado por TCZ Luis Lara a Ente Gestor  Yunis Anaya;0;0;0;5;No;WEW183;No;Sur-Norte
203694;15;6 - 7;04:00 - 07:59;5;3;3;5;1;[378] 580-;[3247] 580 V.7;590389;509376;Tabla 13 / Viaje 1 El operador reporta que un Bus Alimentador pasa y le rompe el espejo izquierdo, él indica que no alcanzo a ver el número del bus, que el zonal está lleno y que puede continuar en recorrido, no se presentan lesionados   El operador continua en recorrido  / Reportado por el TCZ de ETIB - Vente Sanmiguel Raul Alexander/ Reportado al TS del Ente Gestor - Miguel Orjuela;0;0;0;5;No;WCL629;No;NO APLICA
203711;15;8 - 9;08:00 - 11:59;4;3;3;5;1;[401] 132;[2460] 132 V.3;596248;514609;Tabla 18 / Viaje 1/ tresento accidente de transito simple sin heridos donde operador reporta que colisiona a un bus municipal parte trasera  se envia asistencia al punto // tercero se da a la fuga operador se dirige para el patio// Reportado por el TCZ de ETIB - Camilo Manrique/ Reportado al TS del Ente Gestor - Miguel Orjuela;0;0;0;5;No;WEW173;No;Sur-Norte
203790;15;18 - 19;16:00 - 19:59;2;3;3;5;1;[401] 132;[2460] 132 V.3;599205;514140;Tabla 24 / Viaje 3/ Operador informa que un particular, lo colisiona por la parte derecha delantera del zonal,  se le envía asistencia al punto/ se procede hacer informe de transito con codificación 103  para el  Obuz, zonal se dirige por sus propios medios a  patio / Reportado Por El Tcz De Etib - Pacheco Carlos Fernando/ Reportado Al Ts Del Ente Gestor - Alfonso B  Jiménez L ;0;0;0;5;No;VEQ448;No;Norte-Sur
203799;15;19 - 20;16:00 - 19:59;6;3;3;5;1;[518] C27;[2911] C27 V.3;595635;505634;Tabla 19 / Viaje 2 operador reporta que un zonal de SUMA lo colisiona por la parte de atras rompiendo el panoramico trasero, no se presentan lesionados en el Hecho /Se realiza informe policial con codificacion 121 (no mantener la distancia de seguridad) para el zonal de SUMA/ zonal de ETIB ser desplaza para patio sevillana/ Reportado por el TCZ de ETIB - Moreno Andres/ Reportado al TS del Ente Gestor - Carlos Ordoñez;0;0;0;5;No;WML670;No;Orien-Occi
203811;15;20 - 21;20:00 - 23:59;2;3;3;5;1;[845] R283;[3442] 283;602377;518005;Tabla 17 / Viaje 4 operador informa que particular lo colisiona por detras/ no hay lesionados/ se envia recomoto/ tercero asume sus daños y se retira del punto/ zonal no presenta daños/ zonal continua recorrido/  Reportado por el TCZ de ETIB - Diana Arias/ Reportado al TS del Ente Gestor - Carlos Ordoñez;0;0;0;5;No;WEV609;No;Norte-Sur
203847;16;7 - 8;04:00 - 07:59;13;3;3;5;1;[737] R634;[3415] VUELTA V.5;608417;524517;Tabla 12 / Viaje 3 el operador informa que choca a un particular por la parte trasera placas del tercero BTO385 y en la parte trasera del movil  lo choca un particular de placas BPE385 /se llega a conclusion favor del tercero de placas BTO 385 //Conciliación con el particular  BPE385 30000 mil pesos a favor del zonal /Reportado por el TCZ de ETIB - Bohorquez Murcia Yesid Giovanni/ Reportado al TS del Ente Gestor - Miguel Orjuela ;0;0;0;5;Sí;ESL228;No;Norte-Sur
203862;16;9 - 10;08:00 - 11:59;2;3;3;5;1;[217] E26A;[3061] E26A V.7;603163;510746;Tabla 22 / Viaje 1/ Operador reporta que el particular frena por dar paso a otro vehículo y el zonal lo golpea por la parte trasera / No se presentan lesionados / Se envía asistencia/ Al punto llega el recomoto del concesionario el cual realiza conciliación económica en el punto / Al no haber otra novedad el móvil se desplaza por sus medios para cabecera/ Reportado por el TCZ de ETIB - Torres Abelardo/ Reportado al TS del Ente Gestor - Yunis Anaya;0;0;0;5;Sí;WGL238;No;Orien-Occi
203869;16;9 - 10;08:00 - 11:59;6;3;3;5;1;[59] 99;[3272] 99  V.4;591564;510109;Tabla 9 / Viaje 3 operador  reporta  que lo  chocan al  pasar  el semaforo  de la  carrera 80 no  se reportan  lesionadosEN CURSO  / Reportado por el TCZ de ETIB - Carlos Rivera/ Reportado al TS del Ente Gestor - Miguel Orjuela ;0;0;0;5;No;WCM759;No;Sur-Norte
203874;16;10 - 11;08:00 - 11:59;3;3;3;5;1;[115] E16;[2678] E16 IDA V.5;593877;510373;Tabla 13 / Viaje 3 operador  reporta  que  un  taxi  lo cierra  y  le  hace  saber  que  cuadras  atras  le  parte  el espejo  izquierdo  operador    niega  los  hechos tercero  seda  a la  fuga  / Reportado por el TCZ de ETIB - Carlos Rivera/ Reportado al TS del Ente Gestor - Miguel Orjuela ;0;0;0;5;No;TUP898;No;Sur-Norte
203890;16;13 - 14;12:00 - 15:59;3;3;3;5;1;[293] 544_A;[3281] 544 V.4;593891;511152;Tabla 12 / Viaje 3 el operador informa que un taxi frena bruscamente y el zonal no alcanza a frenar/ se realiza conciliación y se envia movil a patio/ Reportado por el TCZ de ETIB - Bohorquez Murcia Yesid Giovanni/ Reportado al TS del Ente Gestor - Gabriel Rodriguez;0;0;0;5;Sí;WCN426;No;Norte-Sur
203900;16;15 - 16;12:00 - 15:59;2;3;3;5;1;[120] 787_A;[3505] 787A_VUELTA;588584;512259;Tabla 18 / Viaje 4 operador reporta que se encontraba esquivando un hueco en la via y alcanza a colisionar con un vehiculo particular, no se presentan lesionados en el choque/ tercero se da a  la fuga zonal se desplaza para patio san bernardino/ Reportado por el TCZ de ETIB - Moreno Andres/ Reportado al TS del Ente Gestor - Jhon Jairo Lopez;0;0;0;5;No;WDG922;No;Norte-Sur
203902;16;15 - 16;12:00 - 15:59;3;3;3;5;1;[518] C27;[2911] C27 V.3;592810;507215;Tabla 5 / Viaje 4 operador reporta que un taxi sale de improvisto en la interseccion y se presenta la colision, no se presentan lesionados en el choque /tercero se da a la fuga zonal para cabecera/ Reportado por el TCZ de ETIB - Moreno Andres/ Reportado al TS del Ente Gestor - Jhon Jairo Lopez;0;0;0;5;No;WPM873;No;NO APLICA
203943;16;20 - 21;20:00 - 23:59;6;3;3;5;1;[664] T40;[1836] T40;593795;511048;"Tabla 10 / Viaje 3/ Operador informa que el movil 70-7160 de la misma ruta lo colisiona por la parte trasera, no hay lesionados / Placas WLT-623/ Operador 703294 del movil 70-7160 tabla 7 asume el daño, y zonal se envia para el patio Reportado por el TCZ de ETIB - Fabian Fandiño/ Reportado al TS del Ente Gestor - Carlos Ordoñez 
";0;0;0;5;No;WMN278;No;Norte-Sur
203942;16;20 - 21;20:00 - 23:59;9;3;3;5;1;[59] 99;[3272] 99  V.4;594654;512008;Tabla 23 / Viaje 7 el operador informa voy en recorrido se atraviesa un peaton y la moto frena y colisionamos en el costado lateral /Tercero se retira de punto, movil se dirige para patio sanjoseI/ Reportado por el TCZ de ETIB - Indira Gomez/ Reportado al TS del Ente Gestor - Alfonso Jimenez;0;0;0;5;No;VFE870;No;Orien-Occi
203958;16;21 - 22;20:00 - 23:59;2;3;3;5;1;[518] C27;[2911] C27 V.3;596117;505817;Tabla 32 / Viaje 1 operador reporta que un vehiculo particular viene reralizando maniobres peligrosas en la via cerrando el zonal, operador reporta que tuvo que frenar de improvisto pero no alcanza a colisionar al tercero, quien manifiesta que el zonal lo choco/ Reportado por el TCZ de ETIB - Moreno Andres/ Reportado al TS del Ente Gestor - Carlos Ordoñez ;0;0;0;5;No;WPM873;No;Orien-Occi
202322;3;16 - 17;16:00 - 19:59;16;2;3;10;10;[360] 614;[3092] 614_19022018_V4;598523;501907;Operador realizando tabla 8  viaje 3 reporta que hace aproximación en paradero para dejar usuaria, pero el zonal se encontraba en una subida, por lo cual el móvil se rueda hacia atrás y la señora al estar en descenso del zonal se cae sobre el andén, no presenta herida abierta,  pero sí se queja de dolor en el brazo izquierdo/ se solicita ambulancia y policía de tránsito, también se envía personal de seguridad vial al punto quien informa que, la usuaria manifiesta que no va a esperar la asistencia médica y se retira del punto por sus propios medios, el móvil se dirige a patio Cerros Tranzit/ reportado a ts angelica bernal de tmsa/ reporta tc nelson plazas de tranzit ;0;0;0;2;No;WEW160;No;Norte-Sur
203984;17;8 - 9;08:00 - 11:59;3;3;3;5;1;[592] 23;[2862] 23 V.4;593320;508471;Tabla 9 / Viaje 2/ operador reporta que un taxi afirma que el lo choco/ operador afirma que el no lo alcanzo a tocar/ no se presenta lesionados en el punto/ tercero se dio a la fuga/ no se presento policia de transito al punto/ movil continua con recorrido normal a cabecera/ Reportado por el TCZ de ETIB - Hector Rodriguez/ Reportado al TS del Ente Gestor - Jorge Enrique Gutièrrez;0;0;0;5;No;VER599;No;Sur-Norte
203989;17;9 - 10;08:00 - 11:59;2;3;3;5;1;[401] 132;[2460] 132 V.3;588792;510963;Tabla 7 / Viaje 1 operador informa que  un vehículo y una moto se encuentran mal parqueador y no dan paso, operador trata de pasar y alcanza a tocar el automóvil, no se presnetan lesionados cada uno asume sus daños/ zonal se desplaza para patio/ Reportado por el TCZ de ETIB - Paola Mayus/ Reportado al TS del Ente Gestor - Jorge Enrique Gutièrrez;0;0;0;5;No;WEW164;No;Sur-Norte
203997;17;10 - 11;08:00 - 11:59;2;3;3;5;1;[767] R927;[3352] C 927 V.10;595484;517162;Tabla 2 / Viaje 2/ Operador reporta que que un camión dando un giro con el costado trasero colisiona el zonal por la parte izquierda delantera rompiendo un vidrio de la puerta, operador le da manejo, zonal continua en recorrido, no hay heridos, operador no toma placas/ Reportado por el TCZ de ETIB - Jonatan Lozano/ Reportado al TS del Ente Gestor - Jorge Enrique Gutièrrez;0;0;0;5;No;WDE722;No;Occi-Orien
203999;17;10 - 11;08:00 - 11:59;2;3;3;5;1;[667] C701;[3473] C701 V.6;598751;507254;Tabla 6 / Viaje 2 operador informa que colisiona un particular por la parte trasera/ no se  presentan lesionados tercero se da a la fuga, zonal continua en recorrido / Reportado por el TCZ de ETIB - Paola Mayus/ Reportado al TS del Ente Gestor - Jorge Enrique Gutièrrez;0;0;0;5;No;WGL243;No;Sur-Norte
204008;17;12 - 13;12:00 - 15:59;6;3;3;5;1;[113] C1;[351] C1;599730;511501;Tabla 23 / Viaje 1 Operador reporta que un zonal de Consorcio golpea la parte de atras del zonal, no hay lesionados, se envia asistencia al punto Conclusion: se concilia a favor de Etib, zonal se retira a patio / Reportado por el TCZ de ETIB - Veronica Lizarazo/ Reportado al TS del Ente Gestor - Aura Agudelo ;0;0;0;5;Sí;SMX696;No;Sur-Norte
204016;17;13 - 14;12:00 - 15:59;2;3;3;5;1;[773] R781;[2675] IDA V.2;605634;520124;Tabla 12 / Viaje 3/ presento accidente de transito simple sin heridos donde Operador reporta que particular lo cierra y coliciona al zonal parte derecha  quebrando vidrio puerta 3  // tercero se da a la fuga operador se dirige para el patio// Reportado por el TCZ de ETIB - Camilo Manrique/ Reportado al TS del Ente Gestor - Aura Agudelo ;0;0;0;5;No;WDE737;No;Sur-Norte
202010;1;8 - 9;08:00 - 11:59;3;3;3;3;2;[821] 60 V2;[3340] 60 EEMB;599550;514550;Tabla 8 viaje 1 Operador reporta que un taxi colisiona el zonal con su puerta delantera sin presentar lesionados en el evento, se envían abogado jurídico Leonardo García  y policía de tránsito quienes realizan conciliación en contra del tercero con Hipótesis 157 (vehículo estacionado que abre las puertas sin precaución de evitar accidentes), y se genera IPAT,   Móvil se desplaza a patio,  se reporta a Wilson Largo del Área de Accidentalidad se reporta a Elkin Martínez Supervisor Transmilenio Reportado por Rocio Salcedo Este Es Mi Bus  ;0;0;0;5;No;WNT341;No;Sur-Norte
202024;1;10 - 11;08:00 - 11:59;2;3;3;3;2;[835] 201B;[3397] 201B CIRCULAR;596762;524435;Operador realizando tabla 23 viaje 1  Informa reporta que  golpea un vehiculo particular lo golpea con la parte trasera izquierda no se presentar lesionados en el evento, se envian asistencias al punto Abogado Leonardo Garcia, se concluye se ellabora informe de transito Hipotesis 104(Adelantar invadiendo carrir sentido contrario) con responsabilidad del Operador se reporta a Elkin Martinez Trasmilenio S Reportado por Luis Arias Tecnico de control ;0;0;0;5;No;WPO001;No;Occi-Orien
202039;1;12 - 13;12:00 - 15:59;3;3;3;3;2;[67] 385;[3052] NORMAL V8;602475;515265;El operador quien presta servicio para la tabla 2 viaje 5 reporta que presenta una colision contra un taxi ,según version del operador el taxi golpea al zonal por la parte trasera  , no se presentan lesionados, se envian asistencias pertinentes , pasados minutos no hace presencia policia de transito, y se logra llegar a un acuerdo finalmente se envia zonal a patio/ se informa novedad a Alfonso Jimenez Supérvisor de Transmilenio;0;0;0;5;Sí;WLU665;No;Occi-Orien
202103;1;23 - 0;20:00 - 23:59;2;3;3;3;2;[835] 201B;[3397] 201B CIRCULAR;598982;516287;tabla 4 viaje 7 / operador informa un vehiculo tipo furgon pasa demasiado cerca y colisiona de manera leve al oznal en la parte lateral, y se retira del punto/ en el hecho no se presentan lesionados/ zonal se desplaza para el patio/ reportado por Christian Garcia/ reportado a Rodrigo Gomez ;0;0;0;5;No;WDE492;No;Sur-Norte
202339;3;18 - 19;16:00 - 19:59;10;1;3;8;7;[160] R_E61;[368] R_E61;602699;523695;"Tabla: 6/ Viaje: 6/ Detalle: operador reporta que entrando a patio, frena el móvil y una señora que estaba dentro del zonal se cae debido a que esta no se encuentra bien agarrada, sufriendo heridas leves e informa que presentan dolor de espalda /Reportado a: Crisanto Ortiz Tecnico supervisor TM S A 
CONCLUSIÓN: se adelanta procedimiento por lesiones personales en accidente de tránsito, movil es llevado a patio alamos  causal 119 para el operador (frenar bruscamente) 
";0;1;0;1;No;WDD318;Sí;Norte-Sur
202115;2;7 - 8;04:00 - 07:59;2;3;3;3;2;[836] 112B;[3392] 112B CIRCULAR;602512;510666;Tabla 7 Viaje Operador reporta que un carro particular colisiona el zonal por la parte trasera sin presentar lesionados en el evento, se informa a Wilson Largo del Área de Accidentalidad, se envían asistencias Abogado jurídico Henry Rodriguez y policía de tránsito, quienes realizan conciliación en contra del Operador con Hipótesis 103 (adelantar cerrando) y se genera IPAT  Móvil se desplaza a patio sin presentar daños  Reportado por Rocio Salcedo EEMB Reportado a Elkin Martínez TMSA;0;0;0;5;No;VFD116;No;Orien-Occi
202145;2;10 - 11;08:00 - 11:59;2;3;3;3;2;[835] 201B;[3397] 201B CIRCULAR;596934;523666;Operador realizando tabla 23 viaje 1 informa que con la parte trasera del zonal golpea con un vehiculo particular el cual estaba mal estacionado se envian asistencias pasados minutos asiste el Abogado Alfonso Lopez, finalmente cada quien asume sus daños tercero se retira del sitio ,movil se desplaza para patio no se presentan lesionados/reporta tecnico de control Luis Arias  a supervisor transmilenio Elkin Martinez;0;0;0;5;Sí;WPO027;No;Sur-Norte
202176;2;14 - 15;12:00 - 15:59;2;3;3;3;2;[406] 540_activa;[2640] IDA V3;601455;502503;El operador de la tabla 3 viaje 6, reporta que realizaba el desvio por las obras y alcanza a golpear un furgon, no hay lesionados y se envian las asistencias pertinentes, pasados los minutos llega policia de transito  hace mover los carros y retirarce del punto, el movil continuo el recorrido, el tercero se retira dle punto, se cancela la asistencia juridica, informa tecnico de control Andres Camacho a supervisor control de Transmilenio Laura Sanchez;0;0;0;5;No;WPO013;No;Occi-Orien
202182;2;14 - 15;12:00 - 15:59;2;3;3;3;2;[406] 540_activa;[2640] IDA V3;595139;506248;El operador de la tabla 33 viaje 1 reporta que iba a realizar cambio de carril para tomar el carril central para girar a la izquierda y poder contunar el recorrido habitual, cuando un vehiculo particular frena repentinamente y por mas maniobrabilidad que realiza el operador golpea al tercero, no hay lsionados y se solciitan las asistencias pertinentes, pasados los minutos hace presencia policia de transito y la abogada de la empresa Maribel velanda, la responsabilidad es del operador por no mantener la distancia de seguridad y se genera IPAT, el zonal se desplaza para patio, informa tecnico de control zonal Andres Camacho a supervisor control de transmilenio Laura Sanchez;0;0;0;5;No;WPO016;No;Occi-Orien
202342;3;18 - 19;16:00 - 19:59;9;1;3;5;1;[594] 599;[3256] IDA V.5;589621;509041;Tabla 38 / Viaje 1 / Operador reporta que venía por la carrera 80 sentido occidente oriente, cruzo la intersección de la calle 70 bis y llevando la vía, de un momento a otro el motociclista venía rápido omitio el pare e impacto el móvil  en la posición 3-4// se confirma por medio de la secretaria de salud, que al ser trasladado el paciente muere antes de llegar al Hospital / Se codifica al tercero con 112 (omisión señal de PARE) Reportado por el TCZ de ETIB - Bernal Luis/ Reportado al TS del Ente Gestor - Jimmy Rodriguez;0;0;1;4;No;WMN117;No;Sur-Norte
202216;2;18 - 19;16:00 - 19:59;4;3;3;3;2;[775] 105 EEMB;[3416] 105 CONF VIA ALAMOS ;593776;513183;Operador quien realiza tabla 2 viaje 7 reporta que un bus provisional lo adelanta y el zonal lo golpea por la parte trasera/  no hay heridos en el punto/ se informa a Jhony Herrera técnico de vías/ se envia aistencia juridica policia no hace presencia/ al llegar el abogado el operador le indica que concilio en el punto con el tercero sin autorización de centro de control este toma el dinero y se retira del lugar sin dejar datos/ zonal se desplaza para patio, operador acepta responsabilidad  reporta Nataly Díaz a Alfonso Bienvenido Jimenez TSMA ;0;0;0;5;Sí;VEL327;No;Norte-Sur
202224;2;19 - 20;16:00 - 19:59;2;3;3;3;2;[775] 105 EEMB;[3416] 105 CONF VIA ALAMOS ;594891;514230;Operador quien realiza tabla  7 viaje 7 reporta que en un particular le invade el carril colisionandolo/ no hay heridos en el punto/ se informa a Jhony Herrera técnico de vías/ se envian asistencias/ al llegar las asistencia juridica se da responsabilidad al tercero quien se molesta con el abogado se sube al vehículo y se retir del lugar sin dejar datos, no hace presencia policia, zonal se desplaza para patio reporta Nataly Díaz a Bienvenido Jimenez TSMA ;0;0;0;5;No;VEX423;No;Norte-Sur
202233;2;19 - 20;16:00 - 19:59;9;3;3;3;2;[406] 540_activa;[2325] VUELTA V2;600538;503124;El operador reporta quen un vehiculo de la empresa consorcio express se encontraba varado en via, el estaba sobrepasando el zonal cuando escucha un estruendo, verifica que otro vehiculo golpea al zonal, el tercero inmediatamente se retira del punto dandose a la fuga, no hay lesionados y el operador continua el recorrido, ifnorma tecnico de control zonal Andres Camacho a supervisor control de Transmilenio Alfonso Jimenez;0;0;0;5;No;WPO043;No;Sur-Norte
202251;2;21 - 22;20:00 - 23:59;2;3;3;3;2;[668] T31;[2868] T31 V8;598928;515317;Operador de Tabla 7 Viaje 11 Indica que un carro particular le invade el carril y golpea al zonal,en el lugar no se presentan lesionados, se envian las asistencias pertinentes las cuales no realizan presencia el tercero asume sus daños y el movil se dirije para patio  Reporta tecnico de control zonal Diego Jaime Sissa/a supervisor transmilenio Alfonso B  Jimenez;0;0;0;5;No;WNT096;No;Orien-Occi
202277;3;9 - 10;08:00 - 11:59;2;3;3;3;2;[377] R_108;[923] RUTA 108 IDA HABIL;600786;519207;Operador realizando tabla 19 viaje 3 informa que  un vehiculo afiliado al Acueducto  lo golpea por el lado izquierdo, Tercero se da a la fuga  Movil se desplaza a patio  reporta tecnico de control  Luis Arias  a supervisor transmilenio Rodrigo Gomez;0;0;0;5;No;SMS567;No;Orien-Occi
202288;3;10 - 11;08:00 - 11:59;2;3;3;3;2;[835] 201B;[3397] 201B CIRCULAR;600753;519219;Operador realizando tabla 5 Viaje 3 Informa que un vehiculo tipo furgon  lo golpea por el lado derecho delantero , Tercero se da a la fuga  no se obtuvo informacion , Movil continua con el recorrido, reporta tecnico de control  Luis Arias  a supervisor transmilenio Ivan Escobar;0;0;0;5;No;WDE493;No;Sur-Norte
202365;3;21 - 22;20:00 - 23:59;11;1;3;9;3;[95] 796A;[2420] 796v3_VUELTA;600481;509186;Tabla 09 viaje 12 / Según la versión del operador él dice qué transita por su carril, en el cual él va en sentido norte sur, cuando Dos personas que se movilizaban en una sola bicicleta la parecer en estado de embriaguez omiten una señal de pare y colisionan contra el costado derecho del bus en la parte posterior saliendo proyectadas contra el anden, donde uno de ellos fallece en el punto y el otro  queda lesionado y trasladado a centro asistencial/ Se realiza IPAT con causal 090 y 157 para los ciclistas / Móvil es dirigido a Patios Alamos y operador a URI:  Reportado a TS Jairo Zapata TMSA/ Reportado por TC Alejandro Rodriguez Lesionado/ Reportado a TS jairo Zapata TMSA/ Reportado por TC Alejandro Rodriguez Suma ;0;1;1;4;No;WHQ126;Sí;Sur-Norte
202303;3;12 - 13;12:00 - 15:59;2;3;3;3;2;[67] 385;[3052] NORMAL V8;601504;516923;Operador que realizaba tabla 18 viaje 3, informa que un vehiculo particular lo impacta mientras salia de un anden, en reversa  En el hecho no se presentan heridos en el hecho  Se concilia con el particular  Zonal continua ruta  Reporta Técnico de Control Zonal felipe sierra de Este Es Mi Bus SAS a Técnico Supervisor de TransMilenio SA Humberto Sanchez Garcia;0;0;0;5;Sí;WCL671;No;Orien-Occi
202360;3;20 - 21;20:00 - 23:59;2;3;3;3;2;[821] 60 V2;[3340] 60 EEMB;600660;520054;"Operador realzando tabla 6 viaje 7 ,reporta ir por el carril numero 2, un particular intenta revasarlo y lo colisiona, en el evento no se presentan heridos, se solicitan asistencias, finalmente llega al punto Abogado Henry Rodriguez y policia de transito dictaminando reponsabilidad para el operador con hipotesis 103 Adelantar Cerrando, el movil se dirige para patio  Reporta Técnico de Control Zonal Julio Reyes de Este Es Mi Bus SAS a Técnico Supervisor de TransMilenio SA Crisanto  Ortiz Ruiz
";0;0;0;5;No;WNT110;No;Sur-Norte
202366;3;21 - 22;20:00 - 23:59;9;3;3;3;2;[831] 914B;[3387] 914 CIRCULAR;600345;520747;Operador de Tabla 12 viaje 11 Indica que una motocicleta lo golpea por la parte de atras al zonal, en el lugar no se presentan lesionados y se solicitan asistencias pertinentes asistiendo la abogada Maribel Velandia y policia de transito  El movil se dirije para patio  reporta tecnico control diego jaime a supervisor transmilenio Crisanto Ortíz ;0;0;0;5;No;WPN485;No;Occi-Orien
202387;4;12 - 13;12:00 - 15:59;6;3;3;3;2;[821] 60 V2;[3340] 60 EEMB;599773;508343;Tabla: 9 Viaje: 3 Operador informa que va por su carril y un zonal de la empresa ETIB por adelantarlo lo impacta por la parte trasera/ en la novedad no se presentan lesionados/ El tercero acepta la responsabilidad, Enlace José Bernal autoriza enviar cuenta de cobro por los daños ocasionados a favor de este es mi bus/ El zonal continua su recorrido, reporta técnico de control  zonal Darwin Martínez  a  técnico supervisor TMSA  Elkin Martínez;0;0;0;5;Sí;WPN493;No;Occi-Orien
202371;3;23 - 0;20:00 - 23:59;9;2;3;5;1;[265] C135;[3283] C135 V.4;591157;511906;"(03/nov /2018/ 22:47) / ACCIDENTALIDAD - CON HERIDO/ Ruta C135/ Tabla 9 / Viaje 7/ Móvil Z70-7058/ Operador 704255 / el operador reprta que delante de el tres motocicletas se invaden carril,chocando entre ellas,quedando una debajo del zonal,hasta el momento el reporte de heridos es de dos personas/ Dirección Calle 49 sur por carrera 87 k/ Parada 541A08/ Sentido Sur-Norte/ Placas NA/ Reportado por el TCZ de ETIB - Rodríguez Gina/ Reportado al TS del Ente Gestor - Jimmy Rodriguez
";0;0;0;2;No;TUP969;No;Sur-Norte
202428;4;21 - 22;20:00 - 23:59;2;3;3;3;2;[775] 105 EEMB;[3416] 105 CONF VIA ALAMOS ;597035;519052;tabla 6 viaje 9 / operador informa que debido a los carros estacionados a ambos costados de la via, colisiona de manera leve a un vehiculo particular/ en el hecho no se presentan lesionados/ no asiste policia de transito/ Abogado Ruben Alvear, responsabilidad para el operador, hipotesis 103 (adelantar cerrando)/  zonal se dirige para el patio/ reportado por Christian Garcia/ reportado a Rocio Dominguez ;0;0;0;5;Sí;WEX331;No;Orien-Occi