Id_accidentalidad;seq_fecha;franja_horaria;r-franja;seq_tipo_accidente;seq_afectación;seq_tipo_servicio;seq_empresa_operadora;concesion;linea;ruta;coordenada_X;coordenada_Y;desp_suceso;num_lesionados _valorados;num_lesionados _trasladados;num_víctimas_fatales;gravedad_afectados;conciliación;placa;inmovilizado;sentido
202472;5;19 - 20;16:00 - 19:59;2;3;3;3;2;[67] 385;[3052] NORMAL V8;597361;520492;Operador, quien realiza la ruta con la Tabla 14 en el viaje 9 informa que vehiculo particular colisiona el zonal En el evento no se presentan heridos  Se solicita asistencia al lugar  Pasados minutos, el tercero se retira del lugar sin suminstrar datos  Zonal continua recorrido  Reporta Técnico de Control Zonal Andrés Felipe Martínez Moreno de Este Es Mi Bus SAS a Técnico Supervisor de TransMilenio SA Ana Rocio Dominguez Leguizamon;0;0;0;5;No;WNT114;No;Occi-Orien
202541;6;10 - 11;08:00 - 11:59;2;3;3;3;2;[739] 271L;[2666] 271_02202017_N-S_V4;595101;506350;Operador realizando tabla 7 viaje 4, reporta ir por su carril y un camion pasa a alta velocidad y daña el espejo retorvisor, en el evento no se presentan heridos, el tercero se retira del lugar sin asumir responsablilidad, el movil se dirige para patio, Reporta Técnico de Control Zonal Julio Reyes de Este Es Mi Bus SAS a Técnico Supervisor de TransMilenio SA Francisco Jose Becerra Chaves ;0;0;0;5;No;WPN478;No;Occi-Orien
202638;6;21 - 22;20:00 - 23:59;3;3;3;3;2;[835] 201B;[3397] 201B CIRCULAR;596980;520971;el operador informa que se encontraba realizando su recorrido normal cuando un taxi por adelantarlo para pasar el semaforo colisiona al zonal, se envian asistencia  Nota en Proceso;0;0;0;5;No;SMY857;No;Sur-Norte
202659;7;6 - 7;04:00 - 07:59;2;3;3;3;2;[668] T31;[2868] T31 V8;596891;519138;Tabla 12 viaje 1 reporta ir en recorrido y furgón pasa muy cerca sin precaución causando daños al zonal luego dándose a la fuga el operador continua con precaución desalimentando ya que lleva el cupo/ no se presentan lesionados/ reportado a Jhon Jairo Siza Supervisor Transmilenio;0;0;0;5;No;WPN486;No;Occi-Orien
202690;7;8 - 9;08:00 - 11:59;2;3;3;3;2;[668] T31;[2868] T31 V8;596197;521832;Tabla 13 viaje 3 reporta estar en procedimiento de revisión del móvil en pir unir y se le rueda el zonal colisionando a vehículo particular causándole daños no se reportan lesionados se envían asistencias pertinentes/ al punto se presenta asistencia jurídica y policía de transito quien da responsabilidad compartida motivo por el cual el tercero se retira del punto sin dejar datos Reportado a Técnico Supervisor de Transmilenio SA Juan Carlos Sánchez Reyes;0;0;0;5;Sí;WPN469;No;Orien-Occi
202737;7;14 - 15;12:00 - 15:59;3;3;3;3;2;[668] T31;[2868] T31 V8;596956;520971;El operador  quien presta servicio para la tabla 25 viaje 1 reporta que  presenta un accidente de transito simple contra un taxi,  segun version del operador,  él iba a realizar una aproximacion a un paradero y colisiona con el taxi, se envian asistencias pertinentes se reporta novedad a Wilson Largo Técnico de Vías,  pasados unos minutos el taxista abandona el lugar de los hechos , se continua recorrido, se informa novedad a Yunis Anaya Supervisor de Transmilenio ;0;0;0;5;No;WPN473;No;Norte-Sur
202390;4;13 - 14;12:00 - 15:59;7;1;3;5;1;[838] R465;[3446] IDA ;592814;510565;Tabla 15 / Viaje 3 Operador informa que un bicitaxi se atraviesa y en el momento de frenar una usuaria se golpea con un tubo del zonal , en la ceja derecha, tiene herida abierta, se envia asistencia al punto ,Conclusion: se concilia a favor de la usuaria, la cual firma desestimiento , el zonal se desplaza para patio / Reportado por el TCZ de ETIB - Veronica Lizarazo/ Reportado al TS del Ente Gestor - Jorge García;0;1;0;1;Sí;WEV605;No;Sur-Norte
202834;8;6 - 7;04:00 - 07:59;2;3;3;3;2;[831] 914B;[3387] 914 CIRCULAR;600293;518987;Tabla: 7 Viaje: 1 Operador informa que va por su carril y un furgón por adelantarlo lo impacta por un costado/ en la novedad no se presenta lesionados se envía asistencia de abogado al punto/ él cual informa que policía de transito realiza informe: Responsabilidad: Según el informe compartida con hipótesis: 112 (desobecer señales de transito) al tercero y 132(No respetar Prelacion) al operador / el zonal se desplaza para el patio// Reporta Técnico de Control Zonal Darwin Martínez  de Este Es Mi Bus SAS a Técnico Supervisor de TransMilenio SA John Jairo Siza Sabogal;0;0;0;5;No;WPO019;No;Sur-Norte
202393;4;13 - 14;12:00 - 15:59;9;1;3;7;5;[306] 113B;[2597] 113B_CICLOVIA_V5;599273;510603;Tabla 4 viaje 5 se recibe fonia donde el operador informa que va en recorrido y un motociclista al parecer con exceso de velocidad no se percata del paso del zonal ocasionandose colision, el motociclista se encuentra tendido en la via y esta siendo auxiliado por peatones, se llama a la linea de emergencia 123 para soicitar asistencia de ambulancia, quien informa minutos despues que se trata de una victima fatal, se da instruccion al operador de no descender del zonal  Asiste al punto abogado oscar Gonzalez y técnico vial German Combita/ Reportado a Edwin Garzon TS TMSA / Conclusion: Se genera informe de transito con  causal 112 ( desobedecer señales de transito ) para masivo, el operador es traslado a prueba de alcoholimetria y el zonal es llevado a patio alamos de transito  ;0;0;1;4;No;VEN871;No;Orien-Occi
202837;8;6 - 7;04:00 - 07:59;12;3;3;3;2;[66] 621;[3231] HABITUAL V7;600717;519589;Tabla 25 viaje 1 operador reporta accidente simple con trasnporte publico especial, marca Renaulth, modelo Duster, operador reporta por la calzada en el carril uno, manifiesta no mantiene distancia de seguridad y se ocasiona el choque, llega Policía de tránsito, mueve el móvil con del Transporte Publico especia de la posición final, dictamina hipótesis  121 (No Mantener Distancia de Seguridad) en contra de móvil de este EEMB, se llega conciliación monetaria en contra de EEMB, llega Abogado que atiende el caso Abogado Anderson Camino , zonal se envia para patio/  Tecnico de vias: Jhonny Herrera/  Técnico Supervisor de TransMilenio SA Jhon Siza ;0;0;0;5;Sí;WDE188;No;Norte-Sur
202872;8;11 - 12;08:00 - 11:59;2;3;3;3;2;[739] 271L;[2666] 271_02202017_N-S_V4;599601;517120;Tabla 37 viaje 1 reporta ir en recorrido y camion que pasa muy serca rompiendo espejo retrovisor izquierdo dandose a la fuga debido a esto no alcanza a tomar las placas no se presentan lesionados el zonal se desplaza a patio por sus medios/ reportado a Técnico Supervisor de TransMilenio SA Edwin Ricardo Garzon Losada;0;0;0;5;No;WPN473;No;Norte-Sur
202881;8;12 - 13;12:00 - 15:59;2;3;3;3;2;[377] R_108;[2887] RUTA 108_VUELTA_NS_HABIL;604849;520323;Tabla 31 viaje 1 operador reporta accidente simple con particulare (marca Mazda modelo 3) iba por el carril uno de la calzada y el particular frena inesperadamente y el operador choca levente le particular, desciende el tercero no ve daños y se retira del punto sin dejar daños, el movil continua/ Técnico de control zonal Yair Ariza a Técnico Supervisor de TransMilenio SA Gloria Chartano;0;0;0;5;No;SVS502;No;Occi-Orien
202934;8;17 - 18;16:00 - 19:59;6;3;3;3;2;[67] 385;[3052] NORMAL V8;603024;510022;El operador informa que estaba realizando viaje normal cuando ve la manifestacion y realiza reversa imprudentemente por evitar que los manifestantes dañaran el bus, haciendo esa maniobra colisiona a un bus zonal, se envian asistencia al punto, Se determina que el operador de Este Mi Bus asume la responsabilidad de los daños, se establece una conciliacion con cuenta de cobro por los daños ocacionados, el zonal continúa la ruta  Reporta Fernando Cruz tecnico control zonal a Supervisor Transmilenio Edwin Ricardo Garzon ;0;0;0;5;Sí;WCL698;No;Norte-Sur
202925;8;17 - 18;16:00 - 19:59;4;3;3;3;2;[197] R_C37;[2800] CIRCULAR 12062017;606400;520030;tabla 20 viaje 2 / operador informa que un colectivo del servicio publico pasa demasiado cerca y colisiona de manera leve al zonal y se retira del punto/ en el hecho no se presentaron lesionados/ zonal continua recorrido unicamente desalimentando por la cantidad de ususarios y con autorizacion del supervisor de Transmilenio/ reportado por Christian Garcia/ reportado a Aura Agudelo;0;0;0;5;No;WPN490;No;Orien-Occi
202928;8;17 - 18;16:00 - 19:59;2;3;3;3;2;[277] 59B;[3341] 59B P90;600242;520856;tabla 10 viaje 9 / operador informa que un vehiculo particular pasa demasiado cerca colisionando al zonal y luego se retira del punto/ operador no toma placas/ en el hecho no hay lesionados/ zonal se dirige al patio/ reportado por Christian Garcia/ reportado a Aura Agudelo ;0;0;0;5;No;VEW920;No;Sur-Norte
203017;9;9 - 10;08:00 - 11:59;2;3;3;3;2;[739] 271L;[2665] 271_20022017_S-N_V4;600599;518454;Tabla 18 viaje 3  reporta ir en recorrido y vehículo particular le invade el carril colisionando con el zonal causándole daños se envían asistencias pertinentes/ no se reportan lesionados/al punto se presenta Abogado de la aseguradora quien quien concilia con el tercero el cual nos indemniza el zonal se desplaza a patio por sus medios  reportado a Luis Alfredo Briceño Romero;0;0;0;5;Sí;WPN471;No;Sur-Norte
203072;9;16 - 17;16:00 - 19:59;2;3;3;3;2;[775] 105 EEMB;[3416] 105 CONF VIA ALAMOS ;595746;515086;Tabla 17 Viaje 5 Operador reporta que transitaba por carril izquierdo y un carro particular colisiona el zonal por la parte trasera sin presentar lesionados en el evento, al punto asisten Policía de y Abogado jurídico Maribel Velandia, quienes realizan conciliación a favor del concesionario por los daños causados al zonal, y se genera Hipótesis 121 (adelantar en curva o pendiente, Móvil se desplaza a patio con leve transferencia de pintura sobre la franja amarilla del costado derecho  Se reporta a Jhony Herrera del Área de Accidentalidad Reportado por Roció Salcedo tecnico de Control Reportado a Edwin Garzón Supervisor Transmilenio;0;0;0;5;Sí;WPO025;No;Norte-Sur
203073;9;16 - 17;16:00 - 19:59;2;3;3;3;2;[96] 669;[2872] VUELTA V8;601416;517052;tabla 5 viaje 11 / operador informa que un vehiculo tipo furgon se rueda en reversa colisionando al zonal, en el hecho no hay lesionados/ Policia de Transito, hipotesis 145 (arrancar sin precaucion), responsabilidad para el tercero/ al punto asiste abogado Anderson Camino/ zonal se dirige al patio/ reportado por Christian Garcia/ reportado a Edwin Garzon ;0;0;0;5;Sí;WNT100;No;Orien-Occi
202416;4;18 - 19;16:00 - 19:59;7;1;3;6;4;[384] SE14;[3190] SE14_V_20180515;598389;507872;"Operador reporta que con el móvil a su cargo realizando la tabla 107 viaje 1, presenta un evento con las siguientes características: El móvil se desplazaba en el Recorrido por el Carril, cuando según versión del Operador: Por maniobra de tercero me veo obligado a frenar  intempestivamente y la usuaria se golpea  Como consecuencia del tercero,  se genera una Caída de Usuario contra Elemento Fijo del Bus con la parte interna del móvil  En la cual Si se presenta una  persona lesionada ( Usuario )  No se generan daños materiales en el móvil y el tercero, al punto No se presenta policía de Transito  El operador se dirige Con el Móvil hacia Patio Gmovil, le envían que se desplace por sus propios medios  Se informa al Técnico de Supervisión de Transmilenio S A  Samir Sechague  por El Regulador de Control de Gmovil SAS CYNTHIA YURANI RODRIGUEZ MARTINEZ  Observaciones: Al punto se desplaza abogado de la empresa  Llega ambulancia la cual valora y traslada al afectada hacia centro medico  Se indemniza a favor de la usuaria        
";0;1;0;1;Sí;WNS658;No;Norte-Sur
203081;9;16 - 17;16:00 - 19:59;2;3;3;3;2;[67] 385;[3052] NORMAL V8;598568;521930;Tabla 4 Viaje 5 Operador reporta que un carro particular colisiona el zonal por la parte derecha sin ocasionar lesionados en el evento Se reporta a Johnny Herrera del Área de Accidentalidad, al punto asiste Policía de tránsito y Abogado jurídico Leonardo García, donde se determina responsabilidad compartida, con Hipótesis 157 ( por establecer) para los dos conductores y Móvil se desplaza a patio Reportado a Edwin Garzón Supervisor Transmilenio  Reportado por Roció Salcedo Técnico de Control ;0;0;0;5;No;WCL686;No;Norte-Sur
203105;9;20 - 21;20:00 - 23:59;2;3;3;3;2;[66] 621;[3231] HABITUAL V7;601554;516944;Tabla 31/ Viaje 1/ Operador indica que un vehículo particular por tratar de sobrepasar el zonal adelanta cerrando y colisiona el zonal/al punto hace presencia policia de transito quien determina responsabilidad total para el tercero en el evento/Zonal se desplaza para patio/ en el lugar no se presentan lesionados y se solicitan asistencias jurídicas y policial  Reporta técnico de control zonal María Paula García  a técnico supervisor TMSA Aura Agudelo;0;0;0;5;No;WEX330;No;Orien-Occi
203104;9;20 - 21;20:00 - 23:59;2;3;3;3;2;[739] 271L;[2665] 271_20022017_S-N_V4;596614;522047;tabla 28 viaje 7 / operador informa que un vehciulo tipo furgon pasa demasiado cerca y colisiona al zonal retirandose del punto sin aceptar responsabilidad/ en el hecho no se presentan lesionados/ zonal a un paradero del Punto de inicio termina de desalimentar y se dirige a patio/ reportado por Christian Garcia/ reportado a Aura Agudelo;0;0;0;5;No;WPN470;No;Norte-Sur
202424;4;20 - 21;20:00 - 23:59;9;1;3;9;3;[384] SE14;[3190] SE14_V_20180515;596359;519552;"20:50 Operador reporta que con el móvil realizando tabla 14 viaje 8, presenta un evento con las siguientes características: el móvil se encontraba transitando cuando una moto se pasa el semáforo en rojo golpeando al zonal y generando la caída de sus ocupantes, se envía asistencia de ambulancia, apoyo de abogados de la aseguradora y líder de operaciones en vía TCZ William Gavilán Organización Suma a TS Samir Sechague
conclusion Chaleco tm 10 207834
Conductor Moto
Sharon Tatiana Paez cc 1018483319
celular 3213790979
diagnostico Trauma Craneoencefalico leve y politraumatismo
Translado medicentro fontibon 
Copiloto
Laura Andrea Paez CC 1014684347
diagnostico Trauma Craneoencefalico leve y politraumatismo
Translado al Jarsalud Teusaquillo
zonal transladado a patios Fontibon";0;2;0;1;No;WGK540;No;NO APLICA
203123;9;22 - 23;20:00 - 23:59;2;3;3;3;2;[775] 105 EEMB;[3416] 105 CONF VIA ALAMOS ;592478;508453;tabla 16  viaje 7  operador   informa que venía transitando por el carril izquierdo y un furgón de   pasa por el costado derecho golpeando el zonal, según versión del operador en el hecho no se presentaron lesionados, tercero se retira del punto sin dejar datos, zonal termina en retorno y se va para patio, reporta técnico de control zonal Luis Morales/a supervisor transmilenio Aura Lucía Agudelo Arenas  ;0;0;0;5;No;WDE185;No;Occi-Orien
203121;9;22 - 23;20:00 - 23:59;9;3;3;3;2;[406] 540_activa;[2640] IDA V3;594816;508313;"Operador quien realiza tabla 39 viaje 1 reporta que una moto le invade carril y se colisiona/ el motociclista no se cae y solo se tienen daños de la moto/ no hay heridos en el punto se envian asistencias/ al llegar asistencias juridica y policia, se da responsabilidad para el tercero e hipotesis 103 (adelantar cerrando)/  el tercero se molesta y se retira del lugar sin dejar datos,zonal se desplaza para patio/ se reporta a Aura Agudelo Supervisor de Transmilenio/ reportado por Nataly Díaz  
";0;0;0;5;No;WPO039;No;Norte-Sur
203227;10;20 - 21;20:00 - 23:59;2;3;3;3;2;[760] C41-C49;[3171] C41 HABITUAL V4;600385;520623;Operador realizando tabla 15 viaje 2  reporta choque con automovil, sin heridos en el  hecho,  pasados minutos tercero se da a la fuga, movil continua con el recorrido, Reportado a  Liz Salasar  Técnico de Supervision  Transmilenio S A,  Reportado por  Técnico control Este es Mi Bus Luis Arias ;0;0;0;5;No;VEL327;No;Sur-Norte
203233;10;21 - 22;20:00 - 23:59;2;3;3;3;2;[835] 201B;[3397] 201B CIRCULAR;600330;524635;Operador realizando tabla 6 viaje9 informa tener un choque con automovil particular, golpearlo por la parte trasera , sin heridos en el  hecho,tercero se retira del sitio, zonal continua con el recorrodo Reportado a  Nicolay Castro  Técnico de Supervision  Transmilenio S A,  Reportado por  Técnico control Este es Mi Bus Luis Arias ;0;0;0;5;No;WPO007;No;Orien-Occi
203271;11;13 - 14;12:00 - 15:59;2;3;3;3;2;[67] 385;[3054] CICLO VIA V8;601045;517471;Tabla 14 en el viaje 5 Operador informa que es alcanzado por conductor de vehículo particular quien le informa el  operador metros atrás le golpea el vehículo y ocasiona daños a su carro,  Operador afirma no haber tenido novedad alguna mientras realiza el recorrido  En el evento no se presentan lesionados  Se solicita asistencia al punto, Abogado jurídico Henry Rodríguez, el cual  habla con tercero quien finalmente acepta que el invadió carril por tanto que su responsabilidad es 103 (adelantar cerrando),  se molesta al no haber arreglo y se da a la fuga  Móvil se desplaza a patio sin presentar daños  Reporta Técnico de Control Zonal Andrés Felipe Martínez Moreno de Este Es Mi Bus SAS a Técnico Supervisor de Transmilenio SA Jenny Milena Ávila Bernal;0;0;0;5;No;WNT102;No;Orien-Occi
202446;5;10 - 11;08:00 - 11:59;10;1;3;10;10;[78] 330_;[2492] 330_S-N_V6_;595685;512200;tabla: 7, viaje: 3/ el operador informa que realizando recorrido frena y una usuaria de la tercera edad se cae dentro del zonal, no se visualiza ninguna herida abierta, se solicita ambulancia y Policía de Tránsito, a su vez se envía instpector de seguridad vial al punto quien informa que la lesionada es valorada y trasladada por la ambulancia, asimismo el policía realiza informe con causal 119 (frenar bruscamente) para operador de Tranzit, el móvil queda en cadena de custodia y el operador se traslada hacia la URI  reportado al técnico de supervisión de transmilenio s a  jhon siza  reportado por técnico de control: gustavo adolfo celis trujillo tranzit s a s ;0;1;0;1;No;WEW713;Sí;Sur-Norte
203280;11;16 - 17;16:00 - 19:59;4;3;3;3;2;[67] 385;[3052] NORMAL V8;603145;509939;Tabla 10 Viaje 7 Operador reporta que un bus provisional  transita por su lado izquierdo, colisionando el zonal y causando daños al espejo de este, el operador al ver lo sucedido cierra el paso de este ya que indica se iba a dar a la fuga, después de unos minutos se realiza conciliación por los daños generados al zonal,    Móvil se desplaza a patio,  se reporta a Wilson Largo del Área de Accidentalidad Reportado por Roció Salcedo Tecnico de Control  Reportado a Liz Salazar Supervisor Transmilenio ;0;0;0;5;Sí;WPN478;No;Sur-Norte
202450;5;12 - 13;12:00 - 15:59;19;1;3;4;8;[768] T50.;[2525] T50;598110;511154;El operador realizando la Tabla 8 viaje 4 informa que una usuaria se disponia a descender del bus zonal le aprisiona una mano con  la puerta aproximadamente manifiesta fuerte dolor en su mano y es atendida por ambulancia/ Llega al punto policía de tránsito  y abogado de la empresa Alfonso López se determina responsabilidad para el operador con Hipótesis número 157 (No estar pendiente de los usuarios) se realiza IPAT  El móvil se desplazó a patios de movilidad álamos  Toda la novedad fue informada a técnico supervisor de Transmilenio Elkin Martínez por Técnico de Control Cristian Martínez Este Es Mi Bus  ;0;1;0;1;No;VEY374;Sí;Occi-Orien
203309;12;7 - 8;04:00 - 07:59;18;3;3;3;2;[835] 201B;[3397] 201B CIRCULAR;598288;524781;operador  realizando tabla 1 viaje 1   manifiesta que en el punto hay un accidente de tránsito se le autoriza desviar  por parte de centro  de control , el operador no desvía y lo que hace es una maniobra peligrosa  (reversa) y    choca la parte trasera del zonal   con  un voladizo de una casa , el hecho no hay lesionados ,no hace presencia poliica ,  el operador se retira del punto y más adelante llama para reportar la novedad  ,operador manifiesta que no hubo daños en la infraestructura,   realiza transbordo y se desplaza para el patio,   reporta técnico Claudia Cruz a  supervisor de transmilenio  Jenny Ávila;0;0;0;5;No;WEX592;No;Sur-Norte
203317;12;10 - 11;08:00 - 11:59;6;3;3;3;2;[819] C36_V2;[3338] C36 EEMB Ida C.V.;599736;514774;Operador realizando la tabla 2 viaje 5/indica que al momento de terminar de desalimentar en el paradero saliendo a carril central lo choca móvil topo zonal el cual  realizanba la ruta 722 por el costado izquierdo trasero, se le informa a técnico de vías/ al punto hace presencia policía de tránsito , asistente jurídico: Rubén Alvear, responsabilidad para el tercero hipótesis 121 ( No Mantener Distancia De Seguridad), pero la conciliación se determina que cada uno asume sus daños , móvil continua servicio  Reporta Técnico de Control Zonal Fernanda Cely de Este Es Mi Bus SAS a Técnico Supervisor de TransMilenio SA Jenny Ávila ;0;0;0;5;Sí;WEX350;No;Sur-Norte
203401;13;9 - 10;08:00 - 11:59;2;3;3;3;2;[775] 105 EEMB;[3416] 105 CONF VIA ALAMOS ;593373;511380;tabla 25  viaje 1 / operador informa que un vehiculo tipo furgon pasa y lo colisiona de manera leve y luego se retira del punto/ en el hecho no hay lesionados/ zonal se dirige al patio/ reportado por Christian Garcia/ reportado a Edwin Garzon;0;0;0;5;No;WEV502;No;Occi-Orien
203449;13;16 - 17;16:00 - 19:59;2;3;3;3;2;[775] 105 EEMB;[2673] 105 BACHUÉ-BOITA;596055;513144;operador que realizaba tabla 29 viaje 1 transitando por fuera de ruta por acción de regulación  informa que un camión de marca Chevrolet le cierra la vía y lo choca, golpeándolo en el parte delantera izquierda, causando daños al zonal  En el hecho no se presentan heridos  No se envía asistencia jurídica ya que el tercero se da a la fuga  No hace presencia unidades de tránsito  Zonal continúa ruta  Reporta Técnico de Control Zonal Felipe sierra de Este Es Mi Bus SAS a Técnico Supervisor de Transmilenio SA Jorge Enrique Gutiérrez Rosero;0;0;0;5;Sí;WDE182;No;Sur-Norte
203495;13;20 - 21;20:00 - 23:59;2;3;3;3;2;[67] 385;[3052] NORMAL V8;600883;517671;Operador que realizaba tabla 11 viaje 7, informa que un vehículo particular Mazda, le cierra la vía y lo choca, golpeándolo en el parte delantera derecha, sin causarle daños al zonal  En el hecho no se presentan heridos  No se envía asistencia jurídica ya que el tercero se da a la fuga  No hace presencia unidades de tránsito  Zonal continúa ruta  Reporta Técnico de Control Zonal Felipe sierra de Este Es Mi Bus SAS a Técnico Supervisor de Transmilenio SA Andrés Muñoz ;0;0;0;5;No;WCL700;No;Orien-Occi
203561;14;9 - 10;08:00 - 11:59;2;3;3;3;2;[668] T31;[2868] T31 V8;600042;513439;"Tabla 7 viaje 3 / operador informa que un vehiculo tipo furgon pasa demasiado cerca y lo colisiona de manera leve a un costado del zonal y se retira del punto/ en el hecho no se presentaron lesionados/ operador realiza trasbordo de usuarios y se dirige para el patio/ reportado por Christian garcia/ reportado a Edwin Garzon
";0;0;0;5;No;WNT090;No;Occi-Orien
203585;14;12 - 13;12:00 - 15:59;2;3;3;3;2;[739] 271L;[2665] 271_20022017_S-N_V4;597179;514241;tabla 10 viaje 5 / operador informa que un vehiculo particular va saliendo sobre a la avenida sin precaucion alguna generando una colision leve/ version del operador indica que el tercero al ver que el tiene la responsabilidad y tampoco presenta daños significativos se retira del punto/ zonal continua en recorrido/ en el hecho hay lesionados/ reportado por Christian Garcia/ Reportado a Damaris Reyes ;0;0;0;5;No;WNT111;No;Sur-Norte
203587;14;12 - 13;12:00 - 15:59;6;3;3;3;2;[96] 669;[2871] IDA V8;602473;515269;tabla 3 viaje 9 / Operador informa que colisiona de manera leve a un zonal el cual realizaba la ruta 112B tabla 26/ operador en mencion asume responsabilidad/ ambos continuan en recorrido/ en el hecho no hay lesionados/ reportado por Christian Garcia/ reportado a Damaris Reyes ;0;0;0;5;Sí;WCL669;No;Occi-Orien
203696;15;6 - 7;04:00 - 07:59;3;3;3;3;2;[775] 105 EEMB;[3416] 105 CONF VIA ALAMOS ;593534;513008;El operador de la tabla 10 viaje 1 reporta que un taxi le impide el paso aclarando que le golpea el carro metros atras, hace presencia policia de vigilancia y posteriormente llega polciia de transito y el abogado de la empresa Jeynnith Smith Avila Avila, finalmente llegan a un acuerdo y el zonal se desplaza para patio, se reporta a supervisor de transmilenio Aura Agudelo, Reporta Andres Camacho;0;0;0;5;Sí;WDE179;No;Norte-Sur
203729;15;9 - 10;08:00 - 11:59;2;3;3;3;2;[821] 60 V2;[3340] 60 EEMB;600318;512352;tabla 24  viaje 1 operador  informa que venía transitando   carril uno de la vía  y    camión de basurasalió sin precaución   impactando el  zonal  en la parte posterior, según versión del operador en el hecho no se presentaron lesionados, al punto hace presencia policía de tránsito   quien reconoce el caso realiza apertura de informe  con causal  103 (Adelantar Cerrando ) codificando al operador, zonal se dirige  patio , se reporta   a  supervisor TransMilenio Edwin Ricardo Garzón Losa;0;0;0;5;No;WNT104;No;Orien-Occi
203735;15;10 - 11;08:00 - 11:59;2;3;3;3;2;[132] 193B;[2417] 193B CNFG PATIO 90 HABITUAL;603617;519717;"Operador con el zonal  a cargo realizando tabla 13 viaje  2  presenta  un choque simple sin lesionados  operador  manifiesta que  el móvil  particular lo cierra y  frena  enfrente  al  zonal  se solicita asistencia  jurídica el doctor Leonardo García ,al  punto llega  policía de tránsito quien determina responsabilidad para el operador hipótesis 121 ( no mantener distancia  de seguridad) ,Movil se desplaza para el pátio,   Reporta técnico de control  Claudia  Cruz a supervisor  de  tms Edwin Garzón 

";0;0;0;5;No;VEX687;No;Occi-Orien
203800;15;19 - 20;16:00 - 19:59;4;3;3;3;2;[406] 540_activa;[2325] VUELTA V2;601110;519069;"Tabla: 28 Viaje: 6 Operador informa que va por su carril y un bus intermunicipal por adelantarlo lo impacta por un costado, en la novedad no se presentan lesionados se envía asistencia de abogado al punto/ realiza fonia nuevamente informa que Policia de Transito el cual no se obtiene identificacion les da la orden de mover los vehiculos ya que no hay daños  el zonal continua el recorrido/ Reporta Técnico de Control Zonal Darwin Eduardo Martínez Rodríguez de Este Es Mi Bus SAS a Técnico Supervisor de TransMilenio SA Andrés Mauricio Muñoz Morales
";0;0;0;5;No;WPO035;No;Sur-Norte
203850;16;8 - 9;08:00 - 11:59;3;3;3;3;2;[821] 60 V2;[3340] 60 EEMB;599880;505204;El operador quien presta servicio para la tabla 17 viaje 1 reporta que  presenta un accidente de tránsito simple contra un taxi  segun versión del operador el taxi invade el carril del zonal y lo colisiona, se continua recorrido, el tercero no suministra datos, no se tomaron datos de policia de tránsito, se informa novedad a Wilson Largo Técnico de Vías y a Edwin Garzon Supervisor de Transmilenio ;0;0;0;5;Sí;WNT222;No;Norte-Sur
203872;16;10 - 11;08:00 - 11:59;2;3;3;3;2;[668] T31;[2868] T31 V8;600509;512711;El operador realizando la tabla 1 viaje 5 furgon pasa demasiado cerca y lo colisiona de manera leve por el costado izquierdo/ en el hecho no se presentan lesionados/ zonal continua unicamente desalimentando con previa autorizacion del supervisor de transmilenio  El tercero se retira pero manifestando que asume la responsabilidad del evento/ Se concilia a favor de la empresa no hace presencia policia  Luego el zonal de finalizar de desalimentar se desplaza a patio  Informa Técnico de Control Christian Garcia a Supervisor de Transmilenio Edwin Garzon ;0;0;0;5;Sí;WPN487;No;Occi-Orien
203896;16;14 - 15;12:00 - 15:59;9;3;3;3;2;[821] 60 V2;[3340] 60 EEMB;600022;508138;Operador, quien realiza la ruta con la Tabla 32 en el viaje 1, informa que motocicleta, de la cual el operador no alcanza a tomar placas, golpea el zonal en costado derecho trasero  En el evento no se presentan heridos  El tercero se retira del punto sin suministrar datos  Zonal continua recorrido  No se presenta policia de transito  Reporta Técnico de Control Zonal Andrés Felipe Martínez Moreno de Este Es Mi Bus SAS a Técnico Supervisor de TransMilenio SA Damaris  Reyes Vargas;0;0;0;5;No;WNT210;No;Norte-Sur
203909;16;16 - 17;16:00 - 19:59;2;3;3;3;2;[821] 60 V2;[3340] 60 EEMB;600233;517031;Operador, quien realiza la Ruta con la Tabla 32 en el Viaje 1, informa que vehiculo tipo furgon, del cual el operador no alcanza a tomar placas, pasa y le golpea en el costado izquierdo  En el evento no se presentan heridos  El tercero se retira del punto sin suministar datos  Zonal continua recorrido para cambio de movil  No se presenta policia de transito  Reporta Técnico de Control Zonal Andres Felipe Martinez Moreno de Este Es Mi Bus SAS a Técnico Supervisor de TransMilenio SA Damaris  Reyes Vargas;0;0;0;5;No;WNT210;No;Sur-Norte