Id_accidentalidad;seq_fecha;franja_horaria;r-franja;seq_tipo_accidente;seq_afectación;seq_tipo_servicio;seq_empresa_operadora;concesion;linea;ruta;coordenada_X;coordenada_Y;desp_suceso;num_lesionados _valorados;num_lesionados _trasladados;num_víctimas_fatales;gravedad_afectados;conciliación;placa;inmovilizado;sentido
203912;16;16 - 17;16:00 - 19:59;3;3;3;3;2;[739] 271L;[3520] 271_13112018_N-S_V5;597045;505152;Operador realizando la tabla 2 viaje 1 manifiesta que frena por que un vehículo tracción humana estaba mal parquedo/ Al detenerse un Taxi lo colisiona por la parte de atrás no se registran lesionados/ se realiza trasbordo de usuarios  Asiste abogada Maribel Velandia quién determina responsabilidad para el operador con Hipótesis 103 (Adelantar Cerrando) Policia de Tránsito realiza IPAT  y técnico de vias Jhonny Herrera/ El zonal se desplaza a patio  Informo Técnico de control Yair Ariza a Técnico Supervisor de TransMilenio Damaris Reyes  ;0;0;0;5;No;WNT112;No;Sur-Norte
202490;6;4 - 5;04:00 - 07:59;9;1;3;7;5;[290] R_Z4;[676] IDA_BSA-USQ;589022;512013;"Tabla: 9/ Viaje: 1/ Detalle : operador informa que un motociclista se le atravieza y no alcanza a reaccionar y colisionan / Asiste al punto : Aseguradora/ Reportado a: Fernando Forero Tecnico supervisor TM S A/ Conlusion: se realiza informe de transito con causal 121 ""No mantener distacia de Seguridad"" para el operador, el movil es inmovilizado y el operador es conducido a medicina legal para los respectivos examenes  
";0;1;0;1;No;VEV806;No;Occi-Orien
203953;16;20 - 21;20:00 - 23:59;12;3;3;3;2;[197] R_C37;[2800] CIRCULAR 12062017;604242;520454;Operador realizando Tabla 13 Viaje 4 informa que una ruta escolar colisiona el zonal,no se presentan lesionados  se envia asistencia juridica abogado Anderson Camino quien realiza conciliacion y el movil continua recorrido, al punto no hace presencia policia de transito   Reporta Técnico de Control Zonal Andrés Felipe Martínez Moreno de Este Es Mi Bus SAS a Técnico Supervisor de TransMilenio SA Andres Mauricio Muñoz Morales;0;0;0;5;Sí;WNT097;No;Orien-Occi
203959;16;22 - 23;20:00 - 23:59;2;3;3;3;2;[835] 201B;[3397] 201B CIRCULAR;598916;515338;"
El operador realizando tabla 36 viaje 1 informa que se desplazaba por su carril y un vehiculo particular sale sin precaución hacia el carril numero 2, el operador no tiene tiempo de reacción y chocanen el punto llega policia y les ordena mover los vehiculos  El tercero huye del sitio sin brindar información  No se presentan lesionados  Zonal continua con la ruta  Informa Técnico Control Julio Reyes a Supervisor de Transmilenio Andres Muñoz      ";0;0;0;5;No;WPO036;No;Orien-Occi
204018;17;13 - 14;12:00 - 15:59;2;3;3;3;2;[197] R_C37;[2800] CIRCULAR 12062017;597911;521243;Operador   realizando tabla  14  en el viaje  3   informa que va en recorrido un vehículo particular lo cierra informando que metros atrás   le colisiono el automóvil en el costado izquierdo y que tenía un video de esa novedad, operador solicita  ver el video para lo cual el tercero  solo muestra una imagen donde no  se evidencian las placas, al ver que se solicitan asistencias  manifiesta que  no  está seguro  de que sea el vehículo y se retira del punto   sin  brindar dato  alguno, en el hecho no se presentan lesionados, el móvil continua recorrido y no presenta ningún daño, al punto  no hace presencia policía, reporta técnico de control Luis Morales  a supervisor TMSA Andrés Muñoz;0;0;0;5;No;WPN476;No;Sur-Norte
201997;1;7 - 8;04:00 - 07:59;4;3;3;9;3;[595] T11;[2321] T11_IDA_SN_VISTA HERMOSA;606065;526922;"
Operador  reporta que realizando la tabla 27 viaje 1 , presenta un evento con las siguientes características: el móvil transitaba por el carril derecho , se encontraba transitando por su carril cuando un bus  de servicio intermunicipal pasa por el carril izquierdo sin precaución y a alta velocidad, golpeando el espejo izquierdo del zonal generando la ruptura del mismo  y de inmediato se da a la fuga, en el evento no se presentan personas lesionadas, el operador  continua recorrido   Se informa al Técnico de Supervisión de Transmilenio S A  Brandon Vivas, TC  oscar bolívar  SUMA S A S
";0;0;0;5;No;WGH215;No;Sur-Norte
202050;1;14 - 15;12:00 - 15:59;2;3;3;9;3;[384] SE14;[3190] SE14_V_20180515;597285;503928;Tabla: 14/ Viaje: 4 / operador informa que  presenta accidente de tránsito simple Con Volqueta  la cual por intentar sobrepasarlo alcanza a golpear el espejo del costado izquierdo del zonal ocasionando que este se rompa/Llega al punto verificador de calidad Carlos Quijano quien finalmente confirma que cada uno asume los daños y posteriormente el móvil es enviado a patio/ Reportado por: RIANO ANGELA  de Organización Suma a José Manuel Duque Técnico Transmilenio ;0;0;0;5;No;WEU871;No;Occi-Orien
202100;1;22 - 23;20:00 - 23:59;9;3;3;9;3;[182] 624;[3517] 624_VACÍO_VUELTAV2;595023;503320;Tabla: 9/ Viaje: 17 / Donde el operador informa que estaba dando reversa ya que hay un particular varado y en el hecho golpea y rompe el guarda barro de una moto que se encontraba detrás, no hay personas lesionadas, se envía asistencia al punto, Tercero se retira del punto móvil continua recorrido Reportado por: FABIAN COLORADO de  Organización Suma  a John Siza Técnico Transmilenio ;0;0;0;5;No;VEQ240;No;Sur-Norte
202102;1;22 - 23;20:00 - 23:59;4;3;3;9;3;[95] 796A;[2420] 796v3_VUELTA;595514;505180;"Tabla 17 viaje 12 - Operador reporta que bajando el cambio de cuarta a segunda, hace mal procedimiento y el cambio le queda en reversa y detrás de el viene un bus del TPC y lo impacta en la parte delantera, sentido Norte - Sur/ No hay lesionados/ Se envía asistencia de recomoto/ Finalmente se realiza IPAT con causal 134 para el zonal : zonal se desplaza para patio : Reportado a TS Jhon Siza TMSA/ Reportado por TC Alejandro Rodriguez Suma
";0;0;0;5;No;WHQ164;No;Norte-Sur
202120;2;7 - 8;04:00 - 07:59;4;3;3;9;3;[612] T12;[3233] T12_V2_IDA;596694;506126;Tabla 2 viaje 1 / Operador reporta que un colectivo  invade carril y lo impacta en la parte trasera , se envía asistencia  al punto /    Finalmente se realiza conciliación a favor / Móvil continua recorrido/  Reportado por: Johanna Marcela Fajardo Restrepo de Organización Suma a Brandon Vivas Tecnico Transmilenio ;0;0;0;5;No;WHP719;No;Sur-Norte
202170;2;13 - 14;12:00 - 15:59;6;3;3;9;3;[612] T12;[3233] T12_V2_IDA;602694;509188;Tabla: 22/ Viaje: 3  Operador informa que un el zonal de la empresa Masivo Capital Z25-2030 lo deja rodar debido a que al cambiar la tabla no le acciona el freno de seguridad por ende se rueda y golpea el hibrido, se comunica con la empresa Masivo Capital y ellos asumen la responsabilidad/ Movil se dirige a patio: Reportado por: Oscar Danilo Valderrama Morera de  Organización Suma  a José Manuel Duque Técnico Transmilenio |;0;0;0;5;Sí;WHS487;No;Orien-Occi
202172;2;13 - 14;12:00 - 15:59;2;3;3;9;3;[253] 736;[2326] 736v2_IDA;605979;526376;"Operador  reporta que  realizando la tabla 11 viaje 3 , presenta un evento con las siguientes características: el móvil transitaba por el carril derecho se encontraba transitando por su carril cuando un particular , cambia de carril sin precaución chocando el zonal en el costado derecho el en el evento no se presentan personas lesionadas, el operador realiza trasbordo de usuarios y espera asistencia de la empresa   Se informa al Técnico de Supervisión de Transmilenio S A  Sandra Suarez , TC óscar bolívar SUMA S A S además de esto me informa operador que el señor del particular lo está agrediendo verbalmente Finalmente se concilia a favor : movil a patio 
";0;0;0;5;Sí;ESM112;No;Sur-Norte
202200;2;15 - 16;12:00 - 15:59;2;3;3;9;3;[384] SE14;[3189] SE14_I_20180515;602097;512004;Tabla 4/Viaje 5:Presenta accidente de tránsito simple con furgón  el cual pasa alta velocidad y golpea el espejo del costado izquierdo del zonal ocasionando que este se rompa, operador informa que llega policía de vigilancia al punto y se concilia a favor de Suma, zonal continua con su recorrido/ Reportado a TS José Manuel Duque de TMSA  Reportado por TCZ Angela Riaño de Organización Suma;0;0;0;5;Sí;WEU871;No;Sur-Norte
202201;2;16 - 17;16:00 - 19:59;2;3;3;9;3;[514] 703(SU);[2915] 703v4_VUELTA;599346;506704;16:34 Operador reporta que con el móvil realizando la tabla 04 viaje 08, presenta un evento con las siguientes características: el móvil se encontraba alimentando usuarios cuando una camioneta golpea el espejo retrovisor izquierdo generado la fractura del espejo retrovisor izquierdo y de la carcaza, no se presenta personas lesionadas, zonal continua descargando usuarios y posterior a ello se envía a patio para el cambio del espejo Reportado por TCZ William Gavilán Organización Suma a TS José Manuel Duque  TMSA ;0;0;0;5;No;WGH204;No;Norte-Sur
202245;2;20 - 21;20:00 - 23:59;17;3;3;9;3;[566] 742_COMPLETA;[1456] 742_VUELTA_NS_150716;593317;503404;Tabla 2/ Viaje 6/ Operador informa que canino atreviesa la via de manera repentina, por lo cual el operador  no alcanza frenar y lo aplasta  Operador se detiene y baja del mismo e indica que nadie le hace ningun tipo de reclamacion  Operador continua recorrido  Reportado por TCZ Julian Orozco SUMA SAS  Reportado a TS Crisanto Ortiz;0;0;0;5;No;SWS557;No;Norte-Sur
202258;2;23 - 0;20:00 - 23:59;2;3;3;9;3;[427] 266;[1693] 266v3_IDA;599978;524119;El operador reporta que una volqueta de placas AJE361 lo cierra varias veces y lo insulta, pero el operador dice que es sin ninguna razón aparente o que se equivoco de bus, lo cierra varias veces y el operador lo evita quedándose en un paradero dejando usuarios pero el tercero le da reversa a su vehículo y con la parte trasera impacta la parte delantera del zonal, dejando daños considerables al bus del SITP Suma, la volqueta se va del punto y el zonal se dirige para patio Aguacero/ Reportado a TS Crisanto Ortiz TMSA/ Reportado por TC Alejandro Rodriguez Suma ;0;0;0;5;No;WGH193;No;NO APLICA
202265;3;6 - 7;04:00 - 07:59;4;3;3;9;3;[548] C13;[3177] C13_CIRCULAR;601335;509927;Tabla: 9/ Viaje: 1 /  Operadora reporta que pasa colectivo y le rompe el espejo retrovisor izquierdo, tercero manifiesta que fue por esquivar a otro zonal,  que se iba a perseguirlo y se da a la fuga / en el evento no se presentan usuarios lesionados, se realiza trasbordo y zonal se desplaza para patio   Reportado por: Alexander Duarte de  Organización Suma  a Laura Sánchez Técnico Transmilenio ;0;0;0;5;No;VFD180;No;Sur-Norte
202273;3;8 - 9;08:00 - 11:59;18;3;3;9;3;[427] 266;[1693] 266v3_IDA;595344;503389;Operador de código 801198 informa que mientras realizaba Tb: 25/ Vj: 1  tiene un evento con las siguientes características: Un bus del TPC adelanta cerrando al zonal y este por no impactarlo aorilla demasiado el vehículo golpeando con la parte derecha poste de alumbrado publico, no se presentan personas lesionadas o fallecidas, solo daños materiales, zonal se desplaza a patio/ Reportado por: Willy Garcia de  Organización Suma a Laura Sanchez Tecnico Transmilenio ;0;0;0;5;No;ESM108;No;Sur-Norte
202282;3;10 - 11;08:00 - 11:59;2;3;3;9;3;[486] P44;[2623] P44v2_IDA;591033;508266;"
Operador  reporta que  realizando la tabla 3  viaje 5   presenta un evento con las siguientes características: el móvil transitaba por el carril derecho se encontraba transitando por su carril cuando un particular   pasa sin precaución y golpea el zonal en la parte  trasera izquierda    y de inmediato se da a la fuga, en el evento no se presentan personas lesionadas, el operador  continua recorrido   Se informa al Técnico de Supervisión de Transmilenio S A  Laura Sánchez, TC  óscar bolívar  SUMA S A S
";0;0;0;5;No;VES309;No;Sur-Norte
202330;3;17 - 18;16:00 - 19:59;2;3;3;9;3;[275] R_16;[1502] IDA_V2;592908;507993;Tb: 2/ Vj: 13 el operador informa que va en servicio y un automóvil invade la glorieta y frena en seco haciendo que el zonal lo golpee, al punto se envia asistencia de la compañía, al llegar asistencia confirman culpabilidad del znal por lo que se logra una conciliacion con el tercero el zonal se envia a patio / Reportado por: CHICAIZA ORDONEZ CESAR AUGUSTO de  Organización Suma  a fredy cardona  Tecnico Transmilenio ;0;0;0;5;Sí;WHQ172;No;Norte-Sur
202379;4;9 - 10;08:00 - 11:59;2;3;3;9;3;[427] 266;[1053] 266_IDA;594665;501908;Percance Causa: Con particular / Nota: 2018-11-04 / 09:10:33 / Móvil:Z80-7128/ Ruta 266/ Tb: 17/ Vj: 1 / Op: 803652 / Dirección: Carrera 18G con Diagonal 78A Bis Sur / Sentido: Occidente – Oriente /  Parada Final 532 A 11  / Operador iba subiendo  hacia cabecera a iniciar servicio y se encuentra en la curva  con un vehículo particular de placas CZJ164 y colisionan, en el evento no se presentan lesionados,  se envía asistencia de recomoto y profesional de policía / Reportado por: Alexander Duarte de  Organización Suma  a José Contreras Técnico Transmilenio ;0;0;0;5;No;WHP699;No;Occi-Orien
202531;6;9 - 10;08:00 - 11:59;10;1;3;5;1;[664] T40;[1836] T40;592064;510093;Tabla 16 / Viaje 1/  Operador  informa que  le toca frenar  bruscamente porque un particular  lo cierra  y   por este  suceso  se  le cae y se golpean dentro del zonal dos usuarias, se hace informe de Transito con codificación  para el Operador 119/  Reportado Por El Tcz De Etib - Pacheco Carlos Fernando/ Reportado Al Ts Del Ente Gestor - Alfonso B  Jiménez;0;2;0;1;No;WLT610;Sí;Norte-Sur
202405;4;15 - 16;12:00 - 15:59;2;3;3;9;3;[427] 266;[1694] 266v3_VUELTA;593007;507505;15:45 Operador reporta que con el móvil realizando la tabla 17 viaje 1, presenta un evento con las siguientes características: el móvil se encontraba transitando cuando un camión golpea el espejo retrovisor izquierdo logrando la fragmentación del espejo, tercero se da a la fuga, no se presenta personas lesionadas, zonal continua únicamente desalimentado y posterior a ello se dirige a patio por TCZ William Gavilán Organización Suma a TS Pedro Nel Perdomo;0;0;0;5;No;WGH218;No;NO APLICA
202408;4;17 - 18;16:00 - 19:59;18;3;3;9;3;[571] 260;[2983] 260_CIRCULAR;595200;501757;Tabla 13/ Viaje 2/ Operador infoma que por estado de la via (piso humedo) el movil se le resvala y el movil golpea contra una casa, segun indica la casa no presenta daños  Movil es enviado a patio  Reportado por TCZ Julian Orozco SUMA SAS  Reportado a TS Pedro Nel Perdomo ;0;0;0;5;No;WHQ145;No;Orien-Occi
202449;5;12 - 13;12:00 - 15:59;2;3;3;9;3;[95] 796A;[2419] 796v3_IDA;597298;506315;Tabla 2/Viaje 7/presenta accidente de tránsito simple con vehículo particular de placas CXB 271, operador informa que colisiona al tercero en la parte trasera, después de uno minutos tercero se retira del punto/ Zonal presenta daños en la placa y fibra delantera/ Móvil continua con el recorrido/ Reportado por TCZ Angela Riaño de Organización Suma a TS Pedro Nel Perdomo de TMSA ;0;0;0;5;No;WHQ161;No;Sur-Norte
202458;5;14 - 15;12:00 - 15:59;18;3;3;9;3;[427] 266;[1693] 266v3_IDA;595169;503167;Nota: 2018-11-05 / 14:20:34 / Móvil:Z80-7150/ Ruta 266/ Tb: 16/ Vj: 3 / Op: 801047 / Dirección: Calle 65a Bis Sur con carrera 17m/ Reporta el operador que en la dirección relacionada anteriormente se  horilla para dar paso a un vehículo que pasaba en el momento sin percatarse que al realizar dicha maniobra  golpea un poste ubicado en la zona con el cual rompe el espejo retrovisor del costado derecho y la lagrima del mismo costado, hecho seguido se verifica que el poste no sufre ningún daño y el vehículo se dirige a patio para su reparación pertinente   Causa: Con infraestructura / Sentido: sur a norte/ Parada Inicial2 688 a  Parada Final2798 / Reportado por: Jiménez Yesid de  Organización Suma  a Pedro Nel Perdomo Técnico Transmilenio ;0;0;0;5;No;WHP721;No;NO APLICA
202470;5;18 - 19;16:00 - 19:59;2;3;3;9;3;[427] 266;[1694] 266v3_VUELTA;593020;507388;Nota: 2018-11-05 / 18:35:22 / Móvil: Z80-7125/ Ruta 266/ Tb: 13/ Viaje: 4 / Op: 803794 / Dirección: Carrera 70c con calle 62b Sur/  Reporta el operador que en la dirección en mención un vehículo particular marca Twingo de placas BLC-066 impacta el bus zonal en el costado izquierdo trasero sobre las llantas posición 3 y 4 dañando el Bomper del vehículo, el zonal no sufre daño alguno, al lugar asiste verificador vial de la organización suma Helmuth Barón  / Sentido: Norte a Sur/ Parada Inicial2884 a  Parada Final2910 /  Reportado por: Jiménez Yesid  de  Organización Suma  a Samir Sechague Técnico Transmilenio ;0;0;0;5;No;WHP696;No;NO APLICA
202503;6;7 - 8;04:00 - 07:59;4;3;3;9;3;[161] R_165;[2533] 165_IDA_SN_V2;595503;510681;Percance: Con servicio público bus, Donde el operador informa que el Bus de servicio particular, pasa cerca del Zonal y rompe el espejo izquierdo, Operador no toma placas sigue en recorrido des-alimentando, / 2018-11-06 / 07:17:04 / Móvil:Z80-4115/ Ruta 165/ Tb: 22/ Vj: 1 / Op: 804000 / Direccion: Av  Boyaca x 1 de Mayo  / Sentido: Sur - Norte / Parada Inicial647 a  Parada Final647 / Reportado por: FABIAN COLORADO de  Organización Suma  a Gloria Chartano  Tecnico Transmilenio ;0;0;0;5;No;VEP189;No;NO APLICA
202554;6;11 - 12;08:00 - 11:59;12;3;3;9;3;[427] 266;[1694] 266v3_VUELTA;594804;501696;Operador informa que mientras realizaba Tb: 8/ Vj: 2 tiene un evento con las siguientes características: transitaba por vía angosta y al tratar de pasar un bus escolar que se encontraba estacionado sobre la via, se produce impacto entre los vehículos, no se presentan personas lesionadas o fallecidas solo daños materiales, finalmente se concilia y zonal se desplaza a patio  Reportado por: Willy Garcia de  Organización Suma  a Jorge Gutierrez  Tecnico Transmilenio ;0;0;0;5;Sí;WGH202;No;Norte-Sur
202570;6;12 - 13;12:00 - 15:59;5;3;3;9;3;[595] T11;[2318] T11_IDA_SN_V3;606229;527928;Tabla 15/ Viaje 3/ Operador informa que transita por la Autopista Norte y Alimetador de Masivo Capital (SO-011) Sale del paradero sin precaucion lo que causa que el zonal con la parte trasera del zonal le rompa el espejo izquierdo  Se acuerda cuenta de cobro a favor de Masivo  Zonal continua recorrido  Reportado por TCZ Julian Orozco SUMA SAS  Reportado a TS Jorge Gutierrez TMSA ;0;0;0;5;Sí;WHP705;No;Sur-Norte
202591;6;14 - 15;12:00 - 15:59;2;3;3;9;3;[427] 266;[1693] 266v3_IDA;595627;502725;Operador informa que mientras realizaba tabla 28 Viaje 3, presenta un evento con las siguientes características: Camion pasa por el costado impactando zonal y se da a la fuga (operador no alcanza anotar placas), no se presentan personas lesionadas o fallecidas, zonal se desplaza a patio para que le arreglen el brazo del retrovisor y continuar ruta  Reportado por: Willy Garcia de  Organización Suma  a Jorge Gutierrez  Tecnico Transmilenio ;0;0;0;5;No;WHP724;No;Sur-Norte
202626;6;19 - 20;16:00 - 19:59;12;3;3;9;3;[182] 624;[1791] 624v2_VUELTA;599251;506064; tabla 08, viaje 12, reporta que: “Realizando su servicio normalmente hacia GUAVAL, un vehículo de servicio escolar de , sale de forma imprudente y sin tomar las medidas de seguridad, lo que causa que impacte el zonal en su parte trasera, posteriormente se baja el conductor y copiloto y proceden a golpear los espejos del vehículo logrando fragmentarlos y averiar los brazos de los mismos”,  en este evento no se presentan personas lesionadas o fallecidas,  se solicita asistencia legar por parte del concesionario SUMA SAS, se reporta a TS TM FRANCY SIERRA por TC Fabián Sarmiento  SIENDO las 21:00 horas tercero se da a la fuga ;0;0;0;5;No;VEN462;No;Occi-Orien
202674;7;6 - 7;04:00 - 07:59;2;3;3;9;3;[267] 921;[3463] 921_IDA_CAI;595535;515435;Operador informa que mientras realizaba Tb: 13/ Vj: 1 tiene un evento con las siguientes caracteristicas: Tractomula impacta zonal, no se presentan personas lesionadas o fallecidas solo daños materiales, finalmente cada uno asume sus daños,zonal se desplaza a cabecera a retomar servicio  Reportado por: Willy Garcia de  Organización Suma  a Laura Sanchez  Tecnico Transmilenio ;0;0;0;5;No;VEX523;No;Sur-Norte
202680;7;7 - 8;04:00 - 07:59;9;3;3;9;3;[486] P44;[2623] P44v2_IDA;591289;508179;"Operador  reporta que  realizando la tabla 5 viaje 3 presenta un evento con las siguientes características: el móvil transitaba por el carril derecho se encontraba transitando por su carril cuando una motocicleta frena sin precaución y el zonal lo toca en la parte trasera en el evento no se presentan personas lesionadas, el operador realiza trasbordo de usuarios y espera asistencia de la empresa Finalmente se realiza IPAT con causal 103 para el motociclista vehiculos/ Movil se dirige a cabecera :   Se informa al Técnico de Supervisión de Transmilenio S A  Laura Sánchez , TC óscar bolívar SUMA S A S
";0;0;0;5;No;VEU034;No;Sur-Norte
202685;7;8 - 9;08:00 - 11:59;12;3;2;9;3;[215] 6-18;[484] 6-18_VUELTA_0;593671;491794;Realizando la Tb: 2/ Vj: 10  / Operador informa que vehiculo de transporte especial Le invade el carril y golpea el zonal, al momento no se presentan personas lesionadas o fallecidas, se envia recomoto al punto/ Siendo las 12:31 llega policía al punto y genera informe de tránsito con causal 104 para el zonal, el zonal se envía para patio JARDIN SUMA SAS, Reportado por: JIMENEZ ARGUMERO WILBER de Organización Suma a Laura Sanchez Tecnico Transmilenio ;0;0;0;5;No;VEL347;No;Norte-Sur
202698;7;9 - 10;08:00 - 11:59;2;3;3;9;3;[571] 260;[2983] 260_CIRCULAR;604821;520326;Novedad de seguridad Operador 803269 [JHOLMAN EDUARDO GIL  BASTIDAS]  reporta que con el móvil Z80-2084 , realizando la tabla 2  viaje 2  de la ruta 260  presenta un evento con las siguientes características: el móvil se desplazaba sobre la  calle 127 con carrera 21 , cuando un  particular de placas  UEM 168,  pasa y alcanza  a trocar el zonal en la puntera    al tratar de cambiar de carril imprudentemente  en este evento no se presentan personas lesionadas o fallecidas,  y el móvil no tiene daños por lo que continua recorrido tercero de igual manera   Se informa al Técnico de Supervisión de Transmilenio S ALAURA SANCHEZ, TC  óscar bolívar  SUMA S A S ;0;0;0;5;No;WHQ150;No;Sur-Norte
202693;7;9 - 10;08:00 - 11:59;2;3;3;9;3;[95] 796A;[2419] 796v3_IDA;599176;506789;Realizando la  Tb: 9/ Vj: 3 // Operador informa que vehículo particular le invade el carril al zonal y lo golpea al costado derecho, se envia recomoto al punto / siendo las 09:48 el tercero se da a la fuga  y el zonal se envía para la cabecera de mochuelo para retomar el servicio, Reportado por: JIMENEZ ARGUMERO WILBER de  Organización Suma  a Laura Sanchez Tecnico Transmilenio ;0;0;0;5;No;WHQ131;No;Sur-Norte
202766;7;15 - 16;12:00 - 15:59;9;3;3;9;3;[571] 260;[2983] 260_CIRCULAR;594603;501320;Tabla 18 viaje 3 : Operador informa que un motociclista pasa a alta velocidad y golpea el móvil / se envía  se envía  asistencia de la empresa al punto/ No se presenta lesionados/ Finalmente se concluye cada uno asume daños  / Movil se dirige a cabecera/ Reportado por : Feyson Andrés Peña Peña de Organización Suma a : Jorge Enrique Gutiérrez Técnico Transmilenio TM S A   ;0;0;0;5;Sí;WHQ145;No;Orien-Occi
202828;8;5 - 6;04:00 - 07:59;2;3;2;9;3;[519] 10-10(SU);[3227] 10-10V4_VUELTA;591477;508121;Tabla 1/viaje 6/presenta accidente de tránsito simple  con vehículo particular de placas AVG 930, operador informa que se disponía hacer el giro a mano izquierda y tercero lo colisiona por el costado lateral derecho ocasionándole rayones leves, en el punto no se presentan lesionados / tercero finalmente se da a la fuga y zonal continua con el recorrido, reportado por TCZ Angela Riaño de Organización Suma a TS Laura Sanchez TMSA ;0;0;0;5;No;VFB004;No;Sur-Norte
202986;9;5 - 6;04:00 - 07:59;12;3;3;9;3;[116] 143;[2529] 143v4_NOC_VUELTA_DESVIO;595554;507536;Operador informa que mientras realizaba Tb: 2/ Vj: 2 tiene un evento con las siguientes caracteristicas: Bus de transporte especial adelanta cerrando al zonal impactandolo en el costado izquierdo y se da la fuga, no se presentan personas lesionadas o fallecidas solo daños materiales, zonal continua ruta con el pedazo de espejo que le quedo  Reportado por: Willy Garcia de  Organización Suma  a Laura Sanchez  Tecnico Transmilenio ;0;0;0;5;No;WGK541;No;Norte-Sur
203009;9;8 - 9;08:00 - 11:59;4;3;3;9;3;[161] R_165;[2533] 165_IDA_SN_V2;605823;525241;Tabla: 22/ Viaje: 1-/ Operador  reporta que pasa un bus municipal y le rompe la luna del  espejo izquierdo y se da a la fuga este evento no se presentan personas lesionadas Movil continua de desalimentar y se dirige a patio , Reportado por : Feyson Andrés Peña Peña de Organización Suma : Humberto Sanchez  Técnico Transmilenio TM S A  ;0;0;0;5;No;VDN530;No;Sur-Norte
202572;6;13 - 14;12:00 - 15:59;10;1;3;2;9;[313] 402;[3476] 402_VTA_H_20181022;599263;517850;"Operador reporta que con el móvil a su cargo realizando la tabla 42 viaje 4, presenta un evento con las siguientes características: el movil se desplazaba por el carril derecho y un taxi se le atravieza al frenas,una usauraia de 40 años se cae y se golpea la espalda ,esta conciente y sin herida abierta , donde se presenta(n) lesionado(s), al punto se envía asistencia de recomoto y abogado del concesionario  al punto hace presencia policia de transito quien genera reporte con causal 119(Frenado brusco) para el operador de consorcio express Reportado a TS Pedro Nel Perdomo de TMSA, reportado por TC Diana Delgado de CE 
";0;2;0;1;No;WGH401;No;Norte-Sur
203023;9;9 - 10;08:00 - 11:59;9;3;3;9;3;[566] 742_COMPLETA;[1364] 742_IDA;594804;502388;Tb: 33/ Vj: 1 / el operador estaba camino a patio porque estaba varado y al momento de su desplazamiento una motocicleta golpea el zonal,  al momento que el operador esta reportando y va a mirar las placas de la moto el tercero se da a la fuga sin obtener la placa de la misma, el zonal continua su desplazamiento a patio/ No se presentan lesionados: Reportado por: CHICAIZA ORDONEZ CESAR AUGUSTO de  Organización Suma  a Laura Sanchez Tecnico Transmilenio ;0;0;0;5;No;SMX845;No;Sur-Norte
203096;9;19 - 20;16:00 - 19:59;9;3;3;9;3;[95] 796A;[2419] 796v3_IDA;599447;506804;"Operador realizando tabla 22 en viaje 9, reporta que una moto de placas: PBY60B afecta al zonal por el costado lateral izquierdo, en donde se genera traspaso de pintura en lamina izquieda del movil y con espejo retrovizor derecho roto de la moto, se en via asistencia de verificador al punto para verificar el estado del motociclista, al llegar el motociclista se da a la fuga sin esperar conciliacion, no se presentan personas lesionadas  zonal se traslada hacia cabecera Mochuelo  ""  Reportado por: PEREZ  JEJEN LUIS FELIPE  de  Organización Suma  a Andres Muñoz Tecnico Transmilenio ";0;0;0;5;No;WHQ177;No;Sur-Norte
203097;9;20 - 21;20:00 - 23:59;2;3;3;9;3;[595] T11;[2980] T11_VTA_NS_V3;601376;510885;Operador reporta que con el móvil realizando la tabla 30 viaje 04, presenta un evento con las siguientes características: el móvil se encontraba transitando cuando un tracto camión rompe el espejo retrovisor izquierdo junto a su carcaza, tercero se da a la fuga, no se presenta personas lesionadas, zonal realiza transbordo y se envía a patio Reportado por TCZ William Gavilán Organización Suma a TS Andres Muñoz  TMSA ;0;0;0;5;No;WEW272;No;Norte-Sur
203133;10;7 - 8;04:00 - 07:59;2;3;3;9;3;[182] 624;[1791] 624v2_VUELTA;594250;503913;Tabla 10/ Viaje: 4 /Operador informa que se abre mucho en la curva y golpea un particular : se envía recomoto al punto / No se presentan lesionados/Finalmente llega Policía de transito el cual realiza IPAT con causal 145 para el tercero/ Móvil se dirige a patio/  Reportado por: JIMENEZ ARGUMERO WILBER de  Organización Suma  a Jenny Avila Tecnico Transmilenio ;0;0;0;5;No;VFB004;No;Norte-Sur