Id_accidentalidad;seq_fecha;franja_horaria;r-franja;seq_tipo_accidente;seq_afectación;seq_tipo_servicio;seq_empresa_operadora;concesion;linea;ruta;coordenada_X;coordenada_Y;desp_suceso;num_lesionados _valorados;num_lesionados _trasladados;num_víctimas_fatales;gravedad_afectados;conciliación;placa;inmovilizado;sentido
203134;10;7 - 8;04:00 - 07:59;2;3;3;9;3;[571] 260;[2983] 260_CIRCULAR;595511;505183;"Operador  reporta que  realizando la tabla 8 viaje 1 , presenta un evento con las siguientes características: el móvil transitaba por el carril derecho  se encontraba transitando por su carril cuando un camión pasa sin precaución y rompe el espejo del costado izquierdo del zonal al pasar a alta velocidad en el evento/  no se presentan personas lesionadas, móvil espera asistencia de la empresa / Finalmente se realiza conciliación / Móvil se dirige a patio/ se informa a TS de Transmilenio Jenny Ávila TC óscar bolívar SUMA S A S
 ";0;0;0;5;Sí;WHQ125;No;Norte-Sur
203210;10;18 - 19;16:00 - 19:59;2;3;3;9;3;[267] 921;[3307] 921_v5_VUELTA_CAI;592918;508339;tabla 15, viaje  06, reporta que: “Realizando su recorrido normalmente hacia ACACIAS, impacta un vehículo particular , afectando uno de sus costados”,  en este evento no se presentan personas lesionadas o fallecidas,  se solicita asistencia legar por parte del concesionario SUMA SAS, se reporta a TS TM SANDRA SUAREZ, por TC Fabián Sarmiento móvil continua recorrido ;0;0;0;5;Sí;VEW848;No;NO APLICA
203231;10;21 - 22;20:00 - 23:59;2;3;3;9;3;[384] SE14;[3190] SE14_V_20180515;596168;505082;"Operador realizando tabla 8 en viaje 7 reporta que un furgon Blanco de placas: TZW955 sobrepasa al zonla por el costado lateral Izquierdo en donde le afecta el espejo retrovizor izquierdo, con daños en luna, posterior al evento el tercero se da a la fuga, movil sigue en recorrido hasta cabecera"" / Sentido:  Norte- Sur/ Parada Inicial2666 a  Parada Final2677 / Reportado por: PEREZ  JEJEN LUIS FELIPE  de  Organización Suma  a Sandra Suarez Tecnico Transmilenio ";0;0;0;5;No;WEU871;No;NO APLICA
203333;12;13 - 14;12:00 - 15:59;2;3;3;9;3;[571] 260;[2983] 260_CIRCULAR;595005;502366;Tabla: 13/ Viaje: 1 / operador informa que  vehículo particular lo impacta en la parte trasera sobre un costado, se envía asistencia al punto/ No se presentan lesionados/ Finalmente se realiza conciliación a favor / Móvil se dirige a patio:  Reportado por: FABIAN COLORADO de  Organización Suma  a Francy Sierra  Técnico Transmilenio ;0;0;0;5;Sí;WHQ147;No;Sur-Norte
203360;12;21 - 22;20:00 - 23:59;3;3;3;9;3;[595] T11;[2980] T11_VTA_NS_V3;595340;503391;Tb: 17/ Vj: 6/ el operador informa que iba normal por su ruta y al hacer una aproximación un taxi esta mal estacionado y el alcanza a impactarlo al hacer el sorbrepaso, al punto se envía asistencia de la compañia, llega el recomoto donde confirma que esta mal estacionado, donde se logra conciliar la novedad, el zonal se va para patio/ Reportado por: CHICAIZA ORDONEZ CESAR AUGUSTO de  Organización Suma  a jorge gutierrez Tecnico Transmilenio ;0;0;0;5;Sí;WGK530;No;Orien-Occi
202588;6;14 - 15;12:00 - 15:59;8;1;3;7;5;[79] R_738;[3297] 738_Ida_V2;591798;512977;"Tabla: 9/ Viaje: 9/ Detalle: Operador reporta que en recorrido un bicitaxi golpea el zonal por la parte trasera, conductor del bicitaxi y sus ocupantes se encuentran lesionados se envia asistencia / Conclusion : Hace presencia autoridad de Transito e interpone causal 112 ( no respetar normas de trasito ) para el operador y 157 ( no reducir velocidad en interseccion ) para el tercero, movil es llevado para patios de movilidad   Reportado a: Humberto Sanchez Tecnico supervisor TM S A 
";0;3;0;1;No;TUO707;Sí;Sur-Norte
203409;13;10 - 11;08:00 - 11:59;2;3;3;9;3;[225] P39;[3222] P39_PROV_VUELTA;595420;510533; en la  tabla  5 viaje  4 operador reporta que un particular de placas TAZ 092 por adelantarlo le golpea el zonal por el costado izquierdo, en el punto no se presentan personas lesionadas, se envía asistencia por parte de la organización suma SAS Reportado por TCZ Carolina Barbosa SUMA SAS Reportado a TS  Daniel Benavides TMSA Observaciones: Cada quien asume sus daños;0;0;0;5;No;VFE886;No;Norte-Sur
202595;6;15 - 16;12:00 - 15:59;19;1;3;7;5;[236] 39;[2834] 39_IDA_WE_V4;596195;509772;"Tabla: 9/ Viaje: 7 Detalle: Operador reporta que en recorrido al cerrar las puertas un señor de la tercera edad queda aprisionado sus extremidades superiores s envia asistencia al punto/ Asiste al punto: Conclusion : Hace presencia transito e interpone causal 506 y 157 el primero por no estar pendiente de las medidas de seguridad al momento de descender del vehículo y el el segúndo por no estar atento de los usuarios al momentos de descender del vehículo , movil es llevado a patios de movilidad, y operador a la Uri  Reportado a: Humberto Sanchez Tecnico supervisor TM S A 
";0;1;0;1;No;TUO714;Sí;Occi-Orien
203413;13;10 - 11;08:00 - 11:59;3;3;3;9;3;[612] T12;[3234] T12_V2_VUELTA;601871;507948;Tb: 3/ Vj: 4 / el operador informa que iba tomando la glorieta cuando un taxi al tomarla y no tomar precaucion golpea al zonal se envía al punto asistencia de la compañia, al llegar asistencia de la compañia y de policia de transito informan culpabilidad del operador por lo que se logra conciliar, el zonal se envia a cabecera para retomar tabla / Reportado por: CHICAIZA ORDONEZ CESAR AUGUSTO de  Organización Suma  a Daniel Benavidez Tecnico Transmilenio ;0;0;0;5;Sí;WEW256;No;Norte-Sur
203439;13;15 - 16;12:00 - 15:59;2;3;3;9;3;[182] 624;[1790] 624v2_IDA;596333;505146;" – Zonal   en tabla 05 viaje 11   – operador  informa que presenta un accidente simple con un vehículo particular (volqueta)   de las siguientes  características : Zonal se encontraba en movimiento y el tercero al realizar una maniobra de adelanto por el costado izquierdo golpea el espejo de ese costado produciendo  la fragmentación de la luna del mismo – Se envía líder de atención de riesgos en representación de la organización Suma  Reportado por Facilitador de centro de Control JAIRO RIAÑO  Organización Suma / Se informa a FRANCY SIERRA Técnico Supervisor de Transmilenio TM SA 
CONCLUSION: TERCERO SE RETIRA DEL PUNTO SIN DEJAR DATOS";0;0;0;5;No;VEP298;No;Sur-Norte
203465;13;18 - 19;16:00 - 19:59;2;3;3;9;3;[427] 266;[1694] 266v3_VUELTA;608362;526965;"Operador realizando tabla 38 en viaje 4 reporta que un particular (renault 19) de placas: BIW533 adelanta al zonal por el costado izquierdo en donde no le alcanza el espacio ya que un vehiculo subia en donde cierra al zonal y coliciona en la puntera delantera izquierda, no se presentan parsonas lesionadas, se envia asistencia de Policia y verificador de via, se genera conciliacion a favor del concesionario, posterior el zonal se desplaza hacia patio suma"" / Sentido: Norte - Sur / Parada Inicial2801 a  Parada Final2910 / Reportado por: PEREZ  JEJEN LUIS FELIPE  de  Organización Suma  a Jose Contreras Tecnico Transmilenio ";0;0;0;5;Sí;WHP696;No;NO APLICA
203487;13;18 - 19;16:00 - 19:59;2;3;3;9;3;[427] 266;[1694] 266v3_VUELTA;593768;513183;"Operador realizando tabla 31 en viaje 4 reporta que un furgon de placas: WNN197 adelanta al zonal por el costado lateral Izquierdo y genera rotura a la luna del espejo , posterior al evento el tercero se da a la fuga, no se presentan personas lesionadas, movil sigue en recorrido""  Reportado por: PEREZ  JEJEN LUIS FELIPE  de  Organización Suma  a Jose Contreras Tecnico Transmilenio ";0;0;0;5;No;WHP716;No;NO APLICA
203577;14;10 - 11;08:00 - 11:59;13;3;3;9;3;[514] 703(SU);[2914] 703v4_IDA;592866;506522;Nota: 2018-11-14 / 10:39:21 / Móvil: Z80-7132/ Ruta 703/ Tb: 2/ Vj: 5 y 6 / Op: 803540 / Dirección: Diagonal 68 D sur con Carrera 71 / Causa: Accidente múltiple con motocicleta y vehículo particular versión del operador es que el motociclista intenta sobrepasar un bus de carga pesada sin percatar que bajaba el zonal, debido a esto el motociclista se golpea de frente del zonal, el zonal frena y un vehículo particular también golpea el zonal por la parte trasera a la espera de que dictaminen si necesitan ambulancias en el punto, siendo las 12:34 llega agente de tránsito y codifica la tercero de numero IPAT 00902650 y codifican 121 distancia de seguridad/ Sentido: Diagonal 68 D sur con Carrera 71  CIRCULAR/ Parada Inicial3251 a  Parada Final3292 / Reportado por: Oscar Danilo Valderrama Morera de  Organización Suma  a Daniel Benavides Técnico Transmilenio ;0;0;0;5;No;WHP703;No;Orien-Occi
203592;14;11 - 12;08:00 - 11:59;4;3;3;9;3;[225] P39;[3221] P39_PROV_IDA;593541;506224;NOTA : Se presenta un evento con las siguientes características: Operador reporta que transitaba cuando  un bus del urbano  lo golpea en  este evento no se presentan personas lesionadas se envía asistencia al punto   Reportado por : Feyson Andrés Peña Peña de Organización Suma a Francy Sierra  Técnico Transmilenio TM S A   tercero se da a la fuga móvil se dirige a patio ;0;0;0;5;No;VEW926;No;Sur-Norte
203624;14;13 - 14;12:00 - 15:59;2;3;3;9;3;[793] TC19;[3406] TC19_ZONAL_IDA;595412;504887;Se presenta un evento con las siguientes características : Operador reporta que estaba esperando la salida a la Av  Villavicencio cuando un tracto camión lo golpea por la parte trasera  en  este evento no se presentan personas lesionadas se envía asistencia al punto   Reportado por : Feyson Andrés Peña Peña de Organización Suma a Francy Sierra  Técnico Transmilenio TM S A   se concilia a favor de suma por 80000;0;0;0;5;No;VFA292;No;Norte-Sur
203607;14;14 - 15;12:00 - 15:59;3;3;3;9;3;[595] T11;[2980] T11_VTA_NS_V3;596513;505986;Operador  reporta que realizando la tabla 10 viaje  de la ruta T11  presenta un evento con las siguientes características: el móvil transitaba por el carril izquierdo , se encontraba transitando por su carril cuando un Taxi  sale de repente y impacta el zonal  al lado derecho  en el evento no se presentan personas lesionadas, el operador realiza trasbordo de usuarios y  espera asistencia  de la empresa  Se informa al Técnico de Supervisión de Transmilenio S A  FRANCY SIERRA, TC  oscar bolívar  SUMA S A tercero se va sin dar datos ;0;0;0;5;No;WGH196;No;Norte-Sur
203669;14;20 - 21;20:00 - 23:59;2;3;3;9;3;[793] TC19;[3407] TC19_ZONAL_VUELTA;595729;505657;Op reporta que el el punto partucilar de ´placas AZN167 invade carril colisionando zonal, no se generan lesionados, Tercero se retira del punto zonal no presenta daños y continua recorrido;0;0;0;5;No;VEZ226;No;NO APLICA
203674;14;21 - 22;20:00 - 23:59;9;3;3;9;3;[161] R_165;[2534] 165_VUELTA_NS_V2;595886;505720;Operador informa que mientras realizaba Tb: 11/ Vj: 6 tiene un evento con las siguientes caracteristicas: se desplazaba en vació de cabecera Jardines hacia patio Suma cuando intentaba cambiar de carril motocicleta no espera y le invade carril impactando contra el zonal, no se presentan personas lesionadas o fallecidas solo daños materiales  Finalmente se concilia, zoal se desplaza a patio  Reportado por: Willy Garcia de  Organización Suma  a Carlos Sanchez  Tecnico Transmilenio ;0;0;0;5;Sí;VEP189;No;Norte-Sur
203698;15;6 - 7;04:00 - 07:59;18;3;3;9;3;[225] P39;[501] A061103_IDA;594666;502486;en la tabla 20 viaje 1 se encontraba en desplazamiento de patio a cabera para iniciar ruta, el  operador reporta que va en recorrido a lo que deja descolgar el carro y le pega a unos ladrillos de una casa, en el punto no se presentan personas lesionadas, se envía asistencia por parte de la Organización Suma Reportado por TCZ Carolina Barbosa a TS Daniel Benavides TMSA;0;0;0;5;No;VFB608;No;Occi-Orien
203774;15;15 - 16;12:00 - 15:59;2;3;3;9;3;[612] T12;[3234] T12_V2_VUELTA;596565;506043;Tb: 7/ Vj: 6 / Op: 800611 / el operador informa que un taxi lo cierra y el por evitar la colisión el golpe el vira un pocio el zonal y golpea un vehoculo particular, el vehiculo particular indade el carril del zonal por eso al momento de la maniobra el zonal golpea el particular pero este sigue estando en su sentido normal, al enviar asistencia al punto el particular se da a la fuga, el zonal continua recorrido normal  Reportado por: CHICAIZA ORDONEZ CESAR AUGUSTO de  Organización Suma  a Francy Sierra Tecnico Transmilenio ;0;0;0;5;No;WHS482;No;Norte-Sur
203776;15;15 - 16;12:00 - 15:59;3;3;3;9;3;[182] 624;[400] A111201_IDA;595464;504076;Realizando la / Tb: 4/ Vj: 12 /Operador informa que taxi que se encontraba parqueado se pone en movimiento cuando el zonal intentaba hacer el acercamiento a paradero, llega policía de transito y toma medidas y hace correr los vehículos,  se envia recomoto al punto, siendo las 17:01 se hace informe de transito con causal 103 para el zonal, el zonal se envía para cabecera para retomar servicios/ Reportado por: JIMENEZ ARGUMERO WILBER de Organización Suma a FRANCI SIERRA Técnico Transmilenio ;0;0;0;5;No;VEQ738;No;Norte-Sur
203806;15;19 - 20;16:00 - 19:59;9;3;3;9;3;[595] T11;[2318] T11_IDA_SN_V3;606615;524262;Operador informa que mientras realizaba Tb: 75 (retoma de tabla 32)/ Vj: 1  tiene un evento con las siguientes caracteristicas: conductor de motocicleta se encontraba realizando maniobra peligrosa de adelantamiento entre vehículos cuando impacta por el costado izquierdo al zonal cayéndose al suelo, se levanta enojado y con el casco golpea los vidrios corredizos de la cabina de operador, no se presentan personas lesionadas o fallecidas, solo daños materiales, Finalmente se concilia, zonal continua ruta/ Reportado por: Willy Garcia de Organización Suma  a Jose Contreras Tecnico Transmilenio ;0;0;0;5;Sí;WHP700;No;Sur-Norte
203801;15;19 - 20;16:00 - 19:59;6;3;3;9;3;[514] 703(SU);[2915] 703v4_VUELTA;595642;505628;El operador reporta que un zonal de ETIB deja rodar el zonal y el operador de suma se encontraba girando hacia la izquierda para pasar al carril central y o colisiona, rompiendo el panorámico trasero del zonal  de ETIB y el zonal de SUMA queda con el panorámico delantero fragmentado, el zonal de ETIB es de la ruta C27 y el zonal es Z70-4642/ Se envia asistencia/ Se da causal para el zonal de suma 121 y IPAT/  El zonal se dirige para patio Aguacero/ Reportado a TS Jose Contreras TMSA/ Reportado por TC Alejandro Rodriguez Suma ;0;0;0;5;No;WHP688;No;NO APLICA
203835;16;6 - 7;04:00 - 07:59;2;3;3;9;3;[548] C13;[3177] C13_CIRCULAR;595659;503583;Operador reporta que realizando la tabla 19 viaje 01, presenta un evento con las siguientes características: el móvil se encontraba transitado cuando un camión intentando adelantarlo por el costado izquierdo golpea y fragmenta el espejo retrovisor izquierdo, tercero se da a la fuga , no se presenta personas lesionadas, zonal transborda y se envia patio para el cambio del espejo  Reportado por TCZ William Gavilán Organización Suma a TS Daniel Benavides  TMSA ;0;0;0;5;No;VFB927;No;Sur-Norte
203884;16;12 - 13;12:00 - 15:59;2;3;3;9;3;[267] 921;[3307] 921_v5_VUELTA_CAI;593707;512011;Tb: 6/ Vj: 6 / (Operador informa que una camioneta de placas WCK014 le rompe el espejo izquierdo y emprende la huida a la plaza de Abastos y no hay más datos el operador continua sin lesionados)/ Sentido: Oriente Occidente/ Reportado por: Oscar Danilo Valderrama Morera de  Organización Suma  a Francy Sierra Técnico Transmilenio ;0;0;0;5;No;VES452;No;Orien-Occi
203891;16;13 - 14;12:00 - 15:59;2;3;3;9;3;[384] SE14;[3190] SE14_V_20180515;599114;502550;Realizando la  Tb: 4/ Vj: 4 /Operador informa que camión deja descolgar el vehículo y colisiona el zonal en la parte delantera, se envía recomoto al punto, siendo las 15:43 cada cual asume los daños y el zonal se direcciona para patio TURQUESA SUMA SAS  / Reportado por: JIMENEZ ARGUMERO WILBER de Organización Suma a FRANCI SIERRA Técnico Transmilenio ;0;0;0;5;Sí;WEW255;No;Norte-Sur
203906;16;16 - 17;16:00 - 19:59;2;3;3;9;3;[612] T12;[3233] T12_V2_IDA;595615;502797;Op informa que en el punto pasa a alta velocidad un camion y rompe espejo izquiero, el particular se da a la fuga, no se presentan lesionados, zonal trasborda usuarios y se dirige a patio a corregir la novedad, retoma servicio en el siguiente viaje;0;0;0;5;No;WEW259;No;NO APLICA
203940;16;19 - 20;16:00 - 19:59;4;3;3;9;3;[267] 921;[3463] 921_IDA_CAI;592945;508244;Tabla 21/ Viaje 10/  El operador reporta que una buseta de servicio provicional pasa y le rompe el espejo retrovisor izquierdo, se da a la fuga/ No se envia asistencia/ El zonal hace transbordo y se dirige para patio Jardin/ No hay lesionados/ No asiste policia de transito/ Reportado a TS Jose Contreras TMSA/ Reportado por TC Alejandro Rodriguez Suma ;0;0;0;5;No;VEL347;No;NO APLICA
203975;17;7 - 8;04:00 - 07:59;2;3;3;9;3;[612] T12;[3234] T12_V2_VUELTA;600962;506562;Tb: 7/ Vj: 1 / el operador informa que va normal por la ruta cuando se estaciona en el paradero a recoger  y un vehiculo particular no tiene la distancia de seguridad y golpea el zonal, se envia al punto asistencia de la compañía, donde se logra conciliar el tercero se niega a dar datos el zonal continua recorrido normal  / Reportado por: CHICAIZA ORDONEZ CESAR AUGUSTO de  Organización Suma  a Angelica Bernal Tecnico Transmilenio ;0;0;0;5;Sí;WHS485;No;Norte-Sur
203979;17;7 - 8;04:00 - 07:59;2;3;3;9;3;[253] 736;[2326] 736v2_IDA;606259;528200;Tabla 11, Viaje 1, Operador informa que un vehiculo particular de placas DQW-039 frena por delante de el sin precaucion y es golpeado por el zonal en la parte trasera, no se presentan personas lesionadas o fallecidas, se envia asistencia al punto  Reportado por: RODRIGUEZ MIGUEL ANGEL de Organización Suma a Yunis Anaya Tecnico Transmilenio  Finalmente se realiza informe de transito codificando al bus zonal con 121 (No Mantener Distancia de Seguridad)  Movil se desplaza a cabecera para retomar recorrido  ;0;0;0;5;No;WGK525;No;Sur-Norte
202633;6;21 - 22;20:00 - 23:59;9;1;1;8;7;[748] 19-10 CALLE 129;[2246] 19-10;603813;521424;"Tabla: 1/ Viaje: 27/ Detalle: El operador informa al sobrepasar un carro de reciclaje que se encuentra mal estacionado en la vía, inicia acercamiento a paradero cuando una moto colisiona por la parte trasera del zonal  se envía asistencia de abogado al punto quien reporta que se presenta victima mortal (tercero)  Concluye/ se genera informe de transito con causal 157 ""Otra- Perdida de control de la motocicleta por causas que son materia de investigación / Reportado a: Carlos Santamaria Tecnico supervisor TM S A 
";0;0;1;4;No;SMS553;Sí;Orien-Occi
203986;17;8 - 9;08:00 - 11:59;4;3;3;9;3;[116] 143;[2527] 143v4_VUELTA_DESVIO;594867;504209;Tb: 8/ Vj: 2 /  simple Con servicio público buseta, operador informa que un bus del servicio tradicional se encuentra en contravía y golpea el zonal se envía asistencia para verificar la novedad, se llega a una conciliacion de $ 100 000 a favor de SUMA / Reportado por: Oscar Danilo Valderrama Morera de  Organización Suma  a Angélica Bernal Técnico Transmilenio ;0;0;0;5;Sí;WGH200;No;Norte-Sur
202003;1;7 - 8;04:00 - 07:59;5;3;3;6;4;[385] 539;[2992] 539_ENG-USM_20180212;600668;519870;"Operador reporta que con el móvil a su cargo realizando la tabla 36 viaje 2, presenta un evento con las siguientes características: el móvil se desplazaba en el Recorrido por el Carril 1, cuando según versión del Operador: ' Una moto se le atraviesa y por no impactarla choca a alimentador'   Como consecuencia de la maniobra realizada,  se genera una Colisión contra Bus Alimentador de EEMB con la parte trasera Derecha del móvil  En la cual No se presentan  personas lesionadas, Si se generan daños materiales en el móvil y el tercero, al punto No se presenta policía de Transito El operador se dirige Con el Móvil hacia Patio Gmovil, le envían que se desplace por sus propios medios  Se informa al Técnico de Supervisión de Transmilenio S A  Yunis Anaya por El Regulador de Control de Gmovil SAS JAIRO ANDRES JIMENEZ PARRA  Observaciones:operador de gmovil asume la responsabilidad y se realiza conciliación interna entre empresas con cuenta de cobro a favor de ESMB        
      
";0;0;0;5;Sí;WDD791;No;Norte-Sur
202035;1;12 - 13;12:00 - 15:59;2;3;3;6;4;[725] T16;[3168] T16_20180430;592910;518575;"Operador reporta que con el móvil a su cargo realizando la tabla 23 viaje 3, presenta un evento con las siguientes características: el móvil se desplazaba en el Recorrido por el Carril 1, cuando según versión del Operador: Voy  por mi carril y camión da reversa y colisiona el móvil  Como consecuencia del tercero, se genera una Colisión contra Camion  No se presentan personas lesionadas  Si se generan daños materiales en el zonal  Si se presenta policía de transito  El operador se desplaza hacia patio zonal de Gmovil  Se informa al Técnico de Supervisión de Transmilenio S A  Fernando forero por El Regulador de Control de Gmovil SAS ARNOLD CASTILLA RODRIGUEZ  Observaciones: Al punto se desplaza recomoto de la empresa y realiza conciliación a favor del operador          
";0;0;0;5;Sí;VEX358;No;Occi-Orien
202646;6;23 - 0;20:00 - 23:59;9;1;3;5;1;[31] C15;[3291] C15 V.5;600318;508985;Tabla 12 / Viaje 9 operador informa que una moto se pasa el semáforo  en rojo y colisiona el zonal  por la parte lateral derecha entre puerta 1  y 2   terceros  consientes son trasladados se codifican las dos partes con causal 142 (semáforo en rojo) / Reportado por el TCZ de ETIB - Paola Mayus/ Reportado al TS del Ente Gestor - Gabriel  Rodríguez;0;2;0;1;No;WCL643;Sí;Norte-Sur
202040;1;12 - 13;12:00 - 15:59;3;3;3;6;4;[196] 466;[3019] 466_20180129_H;603076;514833;Operador reporta que con el móvil a su cargo realizando la tabla 25 viaje 3, presenta un evento con las siguientes características: el móvil se desplazaba en el Recorrido por el Carril, cuando según versión del Operador: En la vía hay carros parqueados a los costados y la vía es angosta y el tercero se a traviesa  Como consecuencia del tercero, se genera una Colisión contra Taxi 'Spark' con la parte Lateral Izquierda del móvil  En la cual No se presentan persona lesionada, Si se generan daños materiales en el móvil y el tercero, al punto Si se presenta policía de Transito  El operador se dirige  hacia patio zonal de Gmovil, le envían que se desplace por sus propios medios  Se informa al Técnico de Supervisión de Transmilenio S A  Jhon Jairo Lopez por El Regulador de Control de Gmovil SAS MARTHA IBETH MARTIN MARTIN  Observaciones: Al punto se desplaza recomoto de la empresa, se concilia cada uno debe asumir sus daños ;0;0;0;5;Sí;WNS688;No;Norte-Sur
202041;1;13 - 14;12:00 - 15:59;4;3;3;6;4;[32] P500;[2964] P500_20171030;604411;514869;"Operador reporta que con el móvil a su cargo realizando la tabla 103 viaje 3, presenta un evento con las siguientes características: el móvil se desplazaba en el Recorrido por el Carril, cuando según versión del Operador: El  bus provisional pasa y le rompe el espejo izquierdo  Como consecuencia del tercero, se genera una Colisión contra Bus de TPC NPR - Bus provisional con la parte  del móvil  En la cual No se presentan personas lesionadas, se generan daños materiales en el móvil y el tercero, al punto No se presenta policía de Transito  El operador continua la ruta, le envían que se desplace por sus propios medios  Se informa al Técnico de Supervisión de Transmilenio S A  Fernando forero por El Regulador de Control de Gmovil SAS MARTHA IBETH MARTIN MARTIN  Observaciones: Según versión del operador el tercero se da a la fuga      
";0;0;0;5;No;WEW847;No;Norte-Sur
202073;1;18 - 19;16:00 - 19:59;2;3;3;6;4;[32] P500;[2964] P500_20171030;599904;514994;Operador reporta que con el móvil a su cargo realizando la tabla 1 viaje 8, presenta un evento con las siguientes características: el móvil se desplazaba en el Recorrido por el Carril, cuando según versión del Operador: Va un  carro de enseñanza el zonal coloca las  direccional  para pasar y se ocasiona una colisión  Como consecuencia del tercero, se genera una Colisión contra Vehículo Particular Hyundai con la parte Delantera Derecha del móvil  En la cual No se presentan  personas lesionadas, Si se generan daños materiales en el móvil y el tercero, al punto si se presenta policía de Transito  El operador se dirige hacia patio zonal de Gmovil, le envían que se desplace por sus propios medios  Se informa al Técnico de Supervisión de Transmilenio S A  Angélica Bernal por El Regulador de Control de Gmovil SAS MARTHA IBETH MARTIN MARTIN  Observaciones: Al punto se desplaza recomoto de la empresa  Le realizan Informe Policial de Accidente Transito causal 106 (Adelantar Invadiendo Carril del Mismo sentido en Zig Zag) en contra del operador ;0;0;0;5;No;WEW852;No;Sur-Norte
202078;1;19 - 20;16:00 - 19:59;2;3;3;6;4;[503] 702;[3018] 702_20180129_TV93;597825;518987;Operador reporta que con el móvil a su cargo realizando la tabla 8 viaje 6, presenta un evento con las siguientes características: el móvil se desplazaba en el Recorrido por el Carril, cuando según versión del Operador: Informa que tomando atajo para evitar el trafico en vía, al realizar giro un particular se atraviesa y colisiona con el zonal  Como consecuencia de la maniobra realizada, se genera una Colisión contra Vehículo Particular con la parte Delantera Central del móvil  En la cual No se presentan  personas lesionada, Si se generan daños materiales en el móvil y el tercero, al punto Si se presenta policía de Transito  El operador se desplaza hacia inicio de ruta  Se informa al Técnico de Supervisión de Transmilenio S A  Angelica Bernal por El Regulador de Control de Gmovil SAS VICTOR LOPEZ MENDEZ  Observaciones: Al punto se desplaza recomoto de la empresa y concilia cada uno asume sus daños ;0;0;0;5;Sí;VEQ691;No;Orien-Occi
202109;2;5 - 6;04:00 - 07:59;2;3;3;6;4;[154] 802;[2265] 802-1_20160705_DESVIO;597875;520068;Operador reporta que con el móvil a su cargo realizando la tabla 22 viaje 1, presenta un evento con las siguientes características: el móvil se desplazaba en el Recorrido por el Carril 1, cuando según versión del Operador: Realizando recorrido un particular no me  cede el paso y sale por una calle cuando ya pasa la totalidad del bus zonal  el sale y me golpea argumenta que el tiene prioridad  no midiendo la distancia  No se presentan personas lesionadas  Si se generan daños materiales en el zonal y el tercero  Al punto se presenta policía de transito  El operador se desplaza hacia patio zonal de Gmovil  Se informa al Técnico de Supervisión de Transmilenio S A  Yunis Anaya  por El Regulador de Control de Gmovil SAS JHON ALEXANDER SANCHEZ NAVARRETE  Observaciones: Al punto se desplaza recomoto de la empresa  Se realiza conciliación a favor del operador ;0;0;0;5;Sí;WDG510;No;Occi-Orien
202119;2;7 - 8;04:00 - 07:59;3;3;3;6;4;[396] 740;[3481] 740_2_20181022_PENINSULA;600542;505600;"Operador reporta que con el móvil a su cargo realizando la tabla 19 viaje 3, presenta un evento con las siguientes características: el móvil se desplazaba en el Recorrido por el Carril , cuando según versión del Operador: ' taxista va peleando con otro compañero de la ruta y por intentar cerrarlo me golpea el costado trasero derecho del móvil'   Como consecuencia del tercero,  se genera una Colisión contra Taxi' con la parte Trasera Derecha del móvil  En la cual No se presentan personas lesionadas, Si se generan daños materiales en el tercero, al punto Si se presenta policia de Transito operador se desplaza a punto de inicio de ruta   Se informa al Técnico de Supervisión de Transmilenio S A  Samir Sechague por El Regulador de Control de Gmovil SAS ESTEBAN CAMILO MEDINA  Observaciones:Policia de transito le da responsabilidad al taxista el cual se retira con su daño       
";0;0;0;5;No;VEA308;No;Norte-Sur
202663;7;6 - 7;04:00 - 07:59;4;2;3;2;9;[398] 607;[2082] VUELTA V2;600133;517849;Operador reporta que con el móvil a su cargo realizando la tabla 16, viaje 2, presenta un evento con las siguientes características: Informa que realizando aproximación a paradero una buseta no mide la distancia y colisiona al zonal en el bomper trasero, en el evento se presentan lesionados, al punto se  envía asistencia de recomoto y/o abogado del concesionario  Reportado a TS Damaris Reyes de TMSA, reportado por TC Bryan López de CE  Se genera causal 202 (Fallas en los Frenos) para el tercero  Monitora encargada de los afectados firma desistimiento por todos y se evita traslado  Zonal se dirige a patio ;5;0;0;3;No;WGG622;No;Norte-Sur