Id_accidentalidad;seq_fecha;franja_horaria;r-franja;seq_tipo_accidente;seq_afectación;seq_tipo_servicio;seq_empresa_operadora;concesion;linea;ruta;coordenada_X;coordenada_Y;desp_suceso;num_lesionados _valorados;num_lesionados _trasladados;num_víctimas_fatales;gravedad_afectados;conciliación;placa;inmovilizado;sentido
202130;2;8 - 9;08:00 - 11:59;6;3;3;6;4;[103] 37;[2815] 37_H_20170710;604201;518191;"Operador reporta que con el móvil a su cargo realizando la tabla 24 viaje 1, presenta un evento con las siguientes características: el móvil se desplazaba en el Recorrido , cuando según versión del Operador: 'pasa un padrón de EEMB Z45-7007  me rompe el espejo izquierdo y se va del punto'   Como consecuencia del tercero,  se genera una Colisión contra Bus del SITP  con la parte Lateral Izquierda del móvil  En la cual No se presentan  personas lesionadas, Si se generan daños materiales en el móvil , al punto No se presenta policia de Transito  El operador se dirige Con el Móvil hacia Patio Gmovil, le envían que se desplace por sus propios medios  Se informa al Técnico de Supervisión de Transmilenio S A  Pedro Nel Perdomo por El Regulador de Control de Gmovil SAS ADRIANA PATRICIA TELLEZ VARELA  Observaciones: tercero se da a la fuga        
";0;0;0;5;No;VDY009;No;Orien-Occi
202134;2;8 - 9;08:00 - 11:59;13;3;3;6;4;[603] C120;[2131] C120-2 (20160201);595600;511281;Operador reporta que con el móvil a su cargo realizando la tabla 16 viaje 2, presenta un evento con las siguientes características: el móvil se desplazaba en el Recorrido por el Carril 1, cuando según versión del Operador: ' Realizando recorrido  en la Avenida Boyaca un  taxi  se detiene no alcanzo a reaccionar, golpeo al taxi  que queda en el medio de  un  bus del Sitp con el bus zonal   En la cual No se presentan personas lesionadas, al punto Si se presenta policía de Tránsito,Si se generan daños materiales en el móvil y el terceros  Se informa al Técnico de Supervisión de Transmilenio S A  Samir Sechague  por El Regulador de Control de Gmovil SAS JHON ALEXANDER SANCHEZ NAVARRETE  Observaciones:Asiste recomoto de la empresa al punto y se realiza Informe Policial de Accidente de Tránsito con causal 121 (distancia de seguridad) para gmovil;0;0;0;5;No;WEW873;No;Sur-Norte
202136;2;9 - 10;08:00 - 11:59;3;3;3;6;4;[260] 83;[2864] 83_H_20170808;600293;516896;"Operador reporta que con el móvil a su cargo realizando la tabla 103 viaje 1, presenta un evento con las siguientes características: el móvil se desplazaba en el Recorrido , cuando según versión del Operador: ' informa que iba a realizar el aproximación al paradero y con la tapa golpea el taxi'   Como consecuencia del tercero,  se genera una Colisión contra Taxi '' con la parte Lateral Izquierda del móvil  En la cual No se presentan personas lesionadas,Si se generan daños materiales en el tercero, al punto No se presenta policía de Transito Vehículo continua en Recorrido   Se informa al Técnico de Supervisión de Transmilenio S A  samir sechague por El Regulador de Control de Gmovil SAS   Observaciones: tercero se retira         
";0;0;0;5;No;VEL318;No;Norte-Sur
202146;2;10 - 11;08:00 - 11:59;2;3;3;6;4;[32] P500;[2964] P500_20171030;603102;514919;"Operador reporta que con el móvil a su cargo realizando la tabla 107 viaje 1, presenta un evento con las siguientes características: el móvil se desplazaba en el Recorrido por el Carril 1, cuando según versión del Operador: ' voy por carril derecho y un carro particular me impacta por el costado izquierdo'   Como consecuencia del tercero,  se genera una Colisión contra Vehículo con la parte Lateral Izquierda del móvil  En la cual No se presentan  personas lesionadas, Si se generan daños materiales en el móvil y el tercero, al punto si se presenta policía de Transito  El operador se dirige  hacia punto de inicio de ruta  Se informa al Técnico de Supervisión de Transmilenio S A  Samir Sechage por El Regulador de Control de Gmovil SAS  GABRIEL GARCIA CASTAÑEDA  Observaciones: Asiste recomoto de la empresa al punto y se realiza Informe Policial de Accidente de Tránsito con causal 103 (adelantar cerrando)  para gmovil   
";0;0;0;5;No;WEW877;No;Norte-Sur
202181;2;14 - 15;12:00 - 15:59;2;3;3;6;4;[7] SE10;[2863] SE10_20170808;603633;514481;"Operador reporta que con el móvil a su cargo realizando la tabla 124 viaje 1, presenta un evento con las siguientes características: el móvil se desplazaba en el Recorrido , cuando según versión del Operador: ' Informa que un particular le cierra el paso por que sengun el tercero lo había colisiona minutos antes '   Como consecuencia del tercero No se presentan personas lesionadas, al punto Si se presenta policía de Tránsito, se presentan daños materiales en el tercero,Operador se desplaza a punto de inicio de ruta  Se informa al Técnico de Supervisión de Transmilenio S A  Fernando Forero por El Regulador de Control de Gmovil SAS VICTOR LOPEZ MENDEZ  Observaciones:Asiste recomoto de la empresa al punto y se realiza Informe Policial de Accidente de Tránsito con causal  103 (adelantar cerrando) para los dos vehículos        
";0;0;0;5;No;SMZ392;No;Occi-Orien
202189;2;15 - 16;12:00 - 15:59;2;3;3;6;4;[118] 403A;[3128] 403A_20180402_UNICENTRO;594984;520974;"Operador reporta que con el móvil a su cargo realizando la tabla 109 viaje 1, presenta un evento con las siguientes características: el móvil se desplazaba en recorrido , cuando según versión del Operador: ' Voy a pasar un camión mal paqueado ,al parecer el señor del particular viene muy rápido y no alcanza a frenar me golpe el zonal en la puntera izquierda se baja me dice que le debo pagar y al momento se retira del punto'   Como consecuencia de la maniobra realizada,  se genera una Colisión contra Vehículo   En la cual No se presentan personas lesionadas, al punto No se presenta policía de Tránsito,Si se generan daños materiales en el móvil y el tercero   Vehículo continua en Recorrido   Se informa al Técnico de Supervisión de Transmilenio S A  Fernando Forero por El Regulador de Control de Gmovil SAS WILSON ABEL TORRES FAJARDO  Observaciones: tercero se da a la fuga        
";0;0;0;5;No;VDM464;No;Norte-Sur
202193;2;15 - 16;12:00 - 15:59;2;3;3;6;4;[103] 37;[2815] 37_H_20170710;601980;517639;"Operador reporta que con el móvil a su cargo realizando la tabla 7 viaje 4, presenta un evento con las siguientes características: el móvil se desplazaba en recorrido , cuando según versión del Operador: ' voy haciendo acercamiento frenaron de improvisto y le pegue a la camioneta '   Como consecuencia de la maniobra realizada,  se genera una Colisión contra Vehículo   En la cual No se presentan personas lesionadas, al punto No se presenta policía de Tránsito, Si se generan daños materiales en el móvil y el tercero  Vehículo se desplaza a patio gmovil  Se informa al Técnico de Supervisión de Transmilenio S A  Jhon Jairo Lopez por El Regulador de Control de Gmovil SAS WILSON ABEL TORRES FAJARDO  Observaciones:Asiste recomoto de la empresa al punto y el tercero ya se había retirado del punto asumiendo sus daños        
";0;0;0;5;No;WEW811;No;Sur-Norte
202202;2;16 - 17;16:00 - 19:59;2;3;3;6;4;[74] 12;[2072] 12-(20151207);594603;516695;Operador reporta que con el móvil a su cargo realizando la tabla 101 viaje 1, presenta un evento con las siguientes características: el móvil se desplazaba en el Recorrido , cuando según versión del Operador: ' Un camión le pega al móvil dando reversa’  Como consecuencia de la maniobra realizada,  se genera una Colisión contra Vehículo  tipo camion,En la cual No se presentan personas lesionadas, al punto No se presenta policía de Tránsito, Si se generan daños materiales en el móvil  Operador se desplaza con el móvil hacia patio Gmovil  Se informa al Técnico de Supervisión de Transmilenio S A  Fernando Forero por El Regulador de Control de Gmóvil SAS JOSE ANTONIO CASTRO GARCIA  Observaciones:abogada de la empresa asiste telefónicamente y realiza conciliación ;0;0;0;5;Sí;VFA810;No;Occi-Orien
202204;2;16 - 17;16:00 - 19:59;3;3;3;6;4;[538] 576.;[3163] 576_2_20180416;595920;510048;Operador reporta que con el móvil a su cargo realizando la tabla 35 viaje 6, presenta un evento con las siguientes características: el móvil se desplazaba en el Recorrido , cuando según versión del Operador: 'Aparcado en lugar no autorizado el zonal lo sobrepasa el taxi intenta arrancar y asegura que el zonal lo golpea a lo que los testigos dicen que no '   Como consecuencia del tercero,  se genera una Colisión contra vehiculo 'HIUNDAY' con la parte Lateral Derecha del móvil  En la cual No se presentan personas lesionadas, Si se generan daños materiales en el móvil y el tercero, al punto Si se presenta policía de Transito El operador se dirige Con el Móvil hacia Patio Gmovil, le envían que se desplace por sus propios medios  Se informa al Técnico de Supervisión de Transmilenio S A  FERNANDO FORERO por El Regulador de Control de Gmovil SAS CYNTHIA YURANI RODRIGUEZ MARTINEZ  Observaciones: tercero se da a la fuga ;0;0;0;5;No;WPM267;No;Orien-Occi
202239;2;20 - 21;20:00 - 23:59;2;3;3;6;4;[241] 359;[2885] 359_20170822;603690;512918;Operador reporta que con el móvil a su cargo realizando la tabla 8 viaje 5, presenta un evento con las siguientes características: el móvil se desplazaba en el Recorrido , cuando según versión del Operador: ' Voy por el carril central, el señor saca el carro sin precaución y colisiona el móvil por la parte derecha'   Como consecuencia del tercero,  se genera una Colisión contra Vehículo  con la parte Trasera Derecha del móvil  En la cual No se presentan  personas lesionadas, Si se generan daños materiales en el móvil y el tercero, al punto Si se presenta policía de Transito  El operador se dirige  hacia patio gmovil  Se informa al Técnico de Supervisión de Transmilenio S A  Miguel Orjuela por El Regulador de Control de Gmovil SAS JENNY ALEXANDRA BERNAL BERNAL  Observaciones: Asiste recomoto de la empresa al punto y se realiza Informe Policial de Accidente de Tránsito con causal 103 (Adelantar Cerrando) para gmovil ;0;0;0;5;No;VEM255;No;Norte-Sur
202279;3;9 - 10;08:00 - 11:59;14;3;3;6;4;[243] SE6;[1913] SE6-1_20150831;598223;510223;Operador reporta que con el móvil a su cargo realizando la tabla 23 viaje 3, presenta un evento con las siguientes características: el móvil se desplazaba en el Recorrido por el Carril, cuando según versión del Operador: Realizando recorrido  una camioneta de uso privativo del Ejercito no cede el paso y al pasar la totalidad  del bus zonal lo golpea argumentando que por qué es miembro de una fuerza del estado el vehículo tiene la prioridad no se presentan personas lesionadas  Si se generan daños materiales en el zonal y el tercero  No se presenta policía de transito  El operador se desplaza hacia inicio de ruta  Se informa al Técnico de Supervisión de Transmilenio S A  Carlos Ordoñez por El Regulador de Control de Gmovil SAS JHON ALEXANDER SANCHEZ NAVARRETE  Observaciones: Según versión del operador el tercero se a la fuga   ;0;0;0;5;No;WDD785;No;Orien-Occi
202280;3;9 - 10;08:00 - 11:59;12;3;3;6;4;[396] 740;[3480] 740_1_20181022_PENINSULA;594465;513790;"Operador reporta que con el móvil a su cargo realizando la tabla 18 viaje 3, presenta un evento con las siguientes características: el móvil se desplazaba en el Recorrido por el Carril, cuando según versión del Operador: Voy en mi carril derecho y tercero me adelanta cerrando y lo choco levemente en puerta de copiloto  Como consecuencia del tercero, se genera una Colisión contra Vans Escolar con la parte Lateral Derecha del móvil  En el cual No se presentan personas lesionadas  Si se generan daños materiales en el móvil y el tercero, al punto no se presenta policía de Transito  El operador continua el servicio, le envían que se desplace por sus propios medios  Se informa al Técnico de Supervisión de Transmilenio S A  Benjamin Franco por El Regulador de Control de Gmovil SAS BRYAN ANDRES GUZMAN ROJANO  Observaciones: Según informa el operador el tercero se baja del vehículo, mira los daños y retira      
";0;0;0;5;No;WDG567;No;Sur-Norte
202301;3;12 - 13;12:00 - 15:59;2;3;3;6;4;[384] SE14;[3189] SE14_I_20180515;595791;506129;"Operador reporta que con el móvil a su cargo realizando la tabla 13 viaje 5, presenta un evento con las siguientes características: el móvil se desplazaba en el Recorrido , cuando según versión del Operador: ' voy por carril derecho y un carro particular me impacta por el costado izquierdo'   Como consecuencia del tercero,  se genera una Colisión contra Vehículo de placas 'IBW-400' con la parte Lateral Izquierda del móvil  En la cual No se presentan personas lesionadas, Si se generan daños materiales en el móvil y el tercero, al punto Si se presenta policía de Transito  El operador se dirige  hacia punto de inicio de ruta  Se informa al Técnico de Supervisión de Transmilenio S A  Fredy Cardona por El Regulador de Control de Gmovil SAS  GABRIEL GARCIA CASTAÑEDA  Observaciones: Asiste recomoto de la empresa al punto y se realiza Informe Policial de Accidente de Tránsito con causal 122  (girar bruscamente) para gmovil      
";0;0;0;5;No;WEX579;No;Orien-Occi
202309;3;13 - 14;12:00 - 15:59;3;3;3;6;4;[503] 702;[3017] 702_20180129;595273;516979;Operador reporta que con el móvil a su cargo realizando la tabla 4 viaje 4, presenta un evento con las siguientes características: el móvil se desplazaba en el Recorrido , cuando según versión del Operador: 'Voy en la curva de la carrilera un taxi me cierra y golpea el móvil en la parte delantera'   Como consecuencia del tercero,  se genera una Colisión contra vehiculo de placas 'WVN225' con la parte Delantera Derecha del móvil  En la cual No se presentan personas lesionadas, Si se generan daños materiales en el móvil y el tercero, al punto Si se presenta policía de Transito  Móvil se desplazas a punto de inicio de ruta  Se informa al Técnico de Supervisión de Transmilenio S A  Gloria Chartano por El Regulador de Control de Gmovil SAS ANDRES CAMILO VALENCIA MARIN  Observaciones: Asiste recomoto de la empresa al punto y realiza conciliación ;0;0;0;5;Sí;VFB521;No;Sur-Norte
202336;3;18 - 19;16:00 - 19:59;2;3;3;6;4;[320] C101;[3192] C101-1_ENG_USM_CRA112_20180924;596033;505075;"Operador reporta que con el móvil a su cargo realizando la tabla 5 viaje 7, presenta un evento con las siguientes características: el móvil se desplazaba en el Recorrido , cuando según versión del Operador: ' Camión pasa y rompe el espejo izquierdo y se da a la fuga'   Como consecuencia del tercero,  se genera una Colisión contra Vehículo TIPO  'CAMION' con la parte Delantera Izquierda del móvil  En la cual No se presentan  personas lesionadas, Si se generan daños materiales en el móvil , al punto No se presenta policía de Transito  El operador continúa en su recorrido  Se informa al Técnico de Supervisión de Transmilenio S A  Francy Sierra por El Regulador de Control de Gmovil SAS ANDRES CAMILO VALENCIA MARIN  Observaciones:tercero se da a la fuga        
";0;0;0;5;No;WEV705;No;Norte-Sur
202688;7;8 - 9;08:00 - 11:59;13;2;3;9;3;[427] 266;[1693] 266v3_IDA;595302;514579;Realizando la  Tb: 22/ Vj: 1/ Operador reporta que vehículo taxi Golpea una camioneta y esta a su vez golpea una motocicleta que estaba delante de el y la señora cae a un lado del zonal tocandolo, se envía recomoto al  punto a verificar la novedad/ Siendo las 8:56 los dos involucrados particulares que son el taxi y la camioneta carri asumen la responsabilidad y le concilian a la señora de la motocicleta por los daños , la señora de la motocicleta firma desistimiento y el zonal es direccionado para cabecera de san joaquin para retomar el servicio/ Reportado por: JIMENEZ ARGUMERO WILBER de  Organización Suma  a Laura Sanchez Tecnico Transmilenio ;1;0;0;3;No;WGI687;No;Sur-Norte
202338;3;18 - 19;16:00 - 19:59;2;3;3;6;4;[285] E25;[3067] E25_20180129_H_PC;603487;515480;"Operador reporta que con el móvil a su cargo realizando la tabla 5 viaje 6, presenta un evento con las siguientes características: el móvil estaba quieto en el Paradero, cuando según versión del Operador: ' un vehículo particular me impacta por la parte de atrás'   Como consecuencia del tercero,  se genera una Colisión contra Vehículo con la parte Trasera Central del móvil  En la cual No se presentan  personas lesionadas, Si se generan daños materiales en el móvil, al punto No se presenta policía de Transito El operador se dirige  hacia  punto de inicio de ruta  Se informa al Técnico de Supervisión de Transmilenio S A  Francy Sierra por El Regulador de Control de Gmovil SAS JORGE MEDINA ESPINOSA  Observaciones:Asiste recomoto de la empresa al punto y realiza conciliación        
";0;0;0;5;Sí;WDD779;No;Occi-Orien
202350;3;18 - 19;16:00 - 19:59;2;3;3;6;4;[196] 466;[3019] 466_20180129_H;603514;514562;"Operador reporta que con el móvil a su cargo realizando la tabla 224 viaje 1, presenta un evento con las siguientes características: el móvil se desplazaba en el Recorrido, cuando según versión del Operador: ' voy por carril derecho y un carro  de transporte de valores  colisiona con el zonal me impacta por el costado izquierdo llanta trasera'   Como consecuencia del tercero,  se genera una Colisión contra vehiculo 'MPX 757' con la parte Lateral Izquierda del móvil  En la cual No se presentan personas lesionadas, Si se generan daños materiales en el móvil y el tercero, al punto Si se presenta policia de Transito El operador se dirige Con el Móvil hacia Patio Gmovil, le envían que se desplace por sus propios medios  Se informa al Técnico de Supervisión de Transmilenio S A  Miguel Orjuela por El Regulador de Control de Gmovil SAS AMANDA LUCIA RODRIGUEZ ARAUJO  Observaciones:Asiste recomoto de la empresa al punto y se realiza Informe Policial de Accidente de Tránsito con causal 102 (adelantar por la derecha)  para tercero 
      
      
       
";0;0;0;5;No;WGH753;No;Sur-Norte
202397;4;14 - 15;12:00 - 15:59;2;3;3;6;4;[281] 577;[3131] 20180402_VUELTA;593664;513101;"Operador reporta que con el móvil a su cargo realizando la tabla 2 viaje 6, presenta un evento con las siguientes características: el móvil se desplazaba en el Recorrido , cuando según versión del Operador: ' tercero invade carril  y colisiona al zonal '   Como consecuencia del tercero,  se genera una Colisión contra Vehículo 'chevrolet ' con la parte Lateral Derecha del móvil  En la cual No se presentan personas lesionadas, Si se generan daños materiales en el móvil y el tercero, al punto Si se presenta policía de Transito  El operador se dirige Con el Móvil hacia Patio Gmovil, le envían que se desplace por sus propios medios  Se informa al Técnico de Supervisión de Transmilenio S A  freddy cardona  por El Regulador de Control de Gmovil SAS CYNTHIA YURANI RODRIGUEZ MARTINEZ  Observaciones:Asiste recomoto de la empresa al punto y realiza conciliación       
";0;0;0;5;Sí;WPM267;No;Norte-Sur
202468;5;18 - 19;16:00 - 19:59;3;3;3;6;4;[384] SE14;[3190] SE14_V_20180515;602412;515583;"Operador reporta que con el móvil a su cargo realizando la tabla 9 viaje 8, presenta un evento con las siguientes características: el móvil se desplazaba en el Recorrido, cuando según versión del Operador: ' Venia en recorrido  al tomar la carrera 30 hacia el sur  un taxi sale  de una calle  y  frena bruscamente  al tratar de esquivarlo   lo toco  levemente pero afirma que tiene  la prioridad Como consecuencia de la maniobra realizada, se genera una Colisión contra Vehículo En la cual No se presentan personas lesionadas, al punto No se presenta policía de Tránsito,Si se generan daños materiales en el móvil y el tercero  Móvil se desplaza a punto de inicio de ruta  Se informa al Técnico de Supervisión de Transmilenio S A  Jimmy Rodriguez por El Regulador de Control de Gmovil SAS JHON ALEXANDER SANCHEZ NAVARRETE  Observaciones: Asiste recomoto de la empresa al punto y realiza conciliación     
";0;0;0;5;Sí;WEX577;No;Norte-Sur
202474;5;19 - 20;16:00 - 19:59;6;3;3;6;4;[281] 577;[3130] 20180402_IDA;596121;506908;"Operador reporta que con el móvil a su cargo realizando la tabla 14 viaje 7, presenta un evento con las siguientes características: el móvil se desplazaba en el Recorrido, cuando según versión del Operador: ' realizando recorrido un bus del Sitp de la empresa Masivo Capital  con Placa interna Z20-2039 que  al pasar  un semáforo en rojo golpea el zonal  en la parte trasera  del zonal  ,el operador  de masivo dice que  no vio el semáforo En la cual No se presentan personas lesionadas, al punto No se presenta policía de Tránsito,Si se generan daños materiales en el móvil y el tercero  Operador se desplaza a punto de inicio de ruta   Se informa al Técnico de Supervisión de Transmilenio S A  Daniel Benavides  por El Regulador de Control de Gmovil SAS JHON ALEXANDER SANCHEZ NAVARRETE  Observaciones:Asiste abogada de la empresa telefónicamente y realiza conciliación interna entre empresas a favor de gmovil cada uno asume daños        
";0;0;0;5;Sí;WPM267;No;Norte-Sur
202513;6;7 - 8;04:00 - 07:59;2;3;3;6;4;[285] E25;[3067] E25_20180129_H_PC;604254;514018;Operador reporta que con el móvil a su cargo realizando la tabla 4 viaje 2, presenta un evento con las siguientes características: el móvil se desplazaba en el Recorrido, cuando según versión del Operador: ' un vehículo particular no respeta la señal de pare y golpea el zonal'   Como consecuencia del tercero,  se genera una Colisión contra Vehículo  con la parte Lateral Derecha del móvil  En la cual No se presentan  personas lesionadas, Si se generan daños materiales en el móvil y el tercero, al punto No se presenta policía de Transito  El operador se dirige  hacia patio gmovil   Se informa al Técnico de Supervisión de Transmilenio S A  Jhon Jairo Lopez por El Regulador de Control de Gmovil SAS Jorge Medina  Observaciones:  Asiste recomoto de la empresa al punto y realiza conciliación póliza a disposición de gmovil ;0;0;0;5;Sí;WDD796;No;Sur-Norte
202517;6;8 - 9;08:00 - 11:59;4;3;3;6;4;[74] 12;[2072] 12-(20151207);593619;518011;Operador reporta que con el móvil a su cargo realizando la tabla 1 viaje 3, presenta un evento con las siguientes características: el móvil se desplazaba en el Recorrido , cuando según versión del Operador: ' Micro bus invade el carril y me golpea'   Como consecuencia del tercero,  se genera una Colisión contra Bus de TPC   En la cual No se presentan personas lesionadas, al punto No se presenta policía de Tránsito,Si se generan daños materiales en el móvil y el tercero,Operador se desplaza a punto de inicio de ruta  Se informa al Técnico de Supervisión de Transmilenio S A  Jhon Jairo Lopez por El Regulador de Control de Gmovil SAS GERSON JAMIR RAMIREZ GUTIERREZ  Observaciones: Asiste recomoto de la empresa al punto y realiza conciliación ;0;0;0;5;Sí;VEW351;No;Occi-Orien
202528;6;9 - 10;08:00 - 11:59;2;3;3;6;4;[538] 576.;[3162] 576_1_20180416;593950;510376;"Operador reporta que con el móvil a su cargo realizando la tabla 39 viaje 3, presenta un evento con las siguientes características: el móvil se desplazaba en el Recorrido , cuando según versión del Operador: ' El señor del particular intenta girar y me cierra, no alcanzo a frenar y le pegue'   Como consecuencia del tercero,  se genera una Colisión contra Vehículo Particular   En la cual No se presentan personas lesionadas, al punto No se presenta policía de Tránsito,Si se generan daños materiales en el móvil y el tercero  El operador continua recorrido  Se informa al Técnico de Supervisión de Transmilenio S A  Jhon Jairo Lopez por El Regulador de Control de Gmovil SAS JHON SEBASTIAN VARGAS PITA  Observaciones:tercero se da a la fuga         
";0;0;0;5;No;WDG567;No;Sur-Norte
202548;6;10 - 11;08:00 - 11:59;2;3;3;6;4;[103] 37;[2815] 37_H_20170710;600007;518428;"Operador reporta que con el móvil a su cargo realizando la tabla 23 viaje 2, presenta un evento con las siguientes características: el móvil se desplazaba en el Recorrido, cuando según versión del Operador: ' El señor sale de la nada, se pasa el pare y no alcance a frenar y le pegue, se baja del vehículo y me trata mal y me intenta pegar con un ""tambo""'   Como consecuencia ,  se genera una Colisión contra Vehículo Particular   En la cual No se presentan personas lesionadas, al punto Si se presenta policía de Tránsito, Si se generan daños materiales en el móvil y el tercero  Móvil se desplaza a punto de inicio de ruta  Se informa al Técnico de Supervisión de Transmilenio S A  Fernando Forero por El Regulador de Control de Gmovil SAS WILSON ABEL TORRES FAJARDO  Observaciones:  Asiste recomoto de la empresa al punto y realiza conciliación        
";0;0;0;5;Sí;WEV710;No;Occi-Orien
202563;6;12 - 13;12:00 - 15:59;2;3;3;6;4;[43] 135;[2503] 135_H_IDA_20161018;592775;509471;"Operador reporta que con el móvil a su cargo realizando la tabla 26 viaje 5, presenta un evento con las siguientes características: el móvil se desplazaba en el Paradero, cuando según versión del Operador: Iba saliendo de cabecera cuando un particular golpea al zonal en el costado lateral izquierdo, el que maneja el particular no tiene licencia de conducción  Como consecuencia del tercero,  se genera una Colisión contra Vehículo Particular con la parte Lateral Izquierda del móvil  En la cual No se presentan persona lesionada  Si se generan daños materiales en el móvil y el tercero, al punto si se presenta policía de Transito  Se informa al Técnico de Supervisión de Transmilenio S A  Eudover Montoya  por El Regulador de Control de Gmovil SAS VÍCTOR LOPEZ MENDEZ  Observaciones: Al punto se desplaza recomoto de la empresa y realiza de conciliación a favor del operador        
";0;0;0;5;Sí;VEZ216;No;Sur-Norte
202565;6;12 - 13;12:00 - 15:59;2;3;3;6;4;[8] 128;[2921] 20170918_128;602991;514724;Operador reporta que con el móvil a su cargo realizando la tabla 119 viaje 1, presenta un evento con las siguientes características: el móvil se desplazaba en el Recorrido por el Carril 1, cuando según versión del Operador: Operador informa que el había un camión mal estacionado cuando el pasa choca con el carro particular  Como consecuencia de la maniobra realizada, se genera una Colisión contra Vehículo Particular Kia con la parte Delantera Izquierda del móvil  En la cual No se presentan personas lesionada  Si se generan daños materiales en el móvil y el tercero, al punto si se presenta policía de Transito  El operador se dirige  hacia patio zonal de Gmovil  Se informa al Técnico de Supervisión de Transmilenio S A  Samir Sechaguer  por El Regulador de Control de Gmovil SAS GLADYS LILIANA MORENO RAMIREZ  Observaciones: Al punto se desplaza recomoto de la empresa  Policía de transito genera informe policial de accidente de transito causal 103(Adelantar Cerrando) en contra del operador ;0;0;0;5;No;WEW864;No;Sur-Norte
202576;6;12 - 13;12:00 - 15:59;2;3;3;6;4;[383] 806;[3123] 806-2_CRA112 (20180703);596139;520012;"Operador reporta que con el móvil a su cargo realizando la tabla 12 viaje 6, presenta un evento con las siguientes características: el móvil se desplazaba en el Recorrido , cuando según versión del Operador: ' Voy por mi carril, un particular trata de sobrepasarme sin precaución y colisiona con el zonal, un conductor de una camioneta de placas ""CRU954"" que estaba estacionado lanza una piedra impactando el panorámico y se da a la fuga'   Como consecuencia ,  se genera una Colisión contra Vehículo Particular  En la cual No se presentan personas lesionadas, al punto No se presenta policía de Tránsito,Si se generan daños materiales en el móvil y el tercero  El operador se dirige  hacia patio gmovil  Se informa al Técnico de Supervisión de Transmilenio S A  Samir Sechague por El Regulador de Control de Gmovil SAS SONIA CONSTANZA CORREA RODRIGUEZ  Observaciones:  Terceros se dan a la fuga         
";0;0;0;5;No;WPM808;No;Occi-Orien