Id_accidentalidad;seq_fecha;franja_horaria;r-franja;seq_tipo_accidente;seq_afectación;seq_tipo_servicio;seq_empresa_operadora;concesion;linea;ruta;coordenada_X;coordenada_Y;desp_suceso;num_lesionados _valorados;num_lesionados _trasladados;num_víctimas_fatales;gravedad_afectados;conciliación;placa;inmovilizado;sentido
202573;6;13 - 14;12:00 - 15:59;6;3;3;6;4;[43] 135;[2403] 135_H_IDA_20160905_DESVIO;592834;509473;"Operador reporta que con el móvil a su cargo realizando la tabla 26 viaje 5, presenta un evento con las siguientes características: el móvil se encontraba quieto en el Paradero, cuando según versión del Operador: Móvil estaba estacionado cuando pasa móvil de Etib 
Z70-4445 y golpea al zonal de Gmovil en la parte lateral izquierda trasera  Como consecuencia del tercero, se genera una Colisión contra Vehículo Zonal Z70-4445  En la cual No se presentan persona lesionada  Si se generan daños materiales en el móvil y el tercero, al punto si se presenta policía de Transito  El móvil se desplaza hacia patio zonal de Gmovil  Se informa al Técnico de Supervisión de Transmilenio S A  Eudover Montoya  por El Regulador de Control de Gmovil SAS VÍCTOR LOPEZ MENDEZ  Observaciones: Al punto se desplaza recomoto de la empresa y realiza conciliación a favor de Gmovil  ";0;0;0;5;Sí;VEZ216;No;Sur-Norte
202602;6;16 - 17;16:00 - 19:59;2;3;3;6;4;[103] 37;[2815] 37_H_20170710;599789;518621;Operador reporta que con el móvil a su cargo realizando la tabla 6 viaje 4, presenta un evento con las siguientes características: El móvil se desplazaba en el Recorrido por el Carril, cuando según versión del Operador: Voy saliendo del paradero y un particular esta  mal estacionado y lo alcanzo a golpear levemente  Como consecuencia de la maniobra realizada, se genera una Colisión contra Vehículo Particular Citroen con la parte Delantera Derecha del móvil  En la cual No se presentan personas lesionadas  Si se generan daños materiales en el tercero, al punto Si se presenta policía de Transito  El operador se dirige hacia patio zonal de Gmovil, le envían que se desplazara por sus propios medios  Se informa al Técnico de Supervisión de Transmilenio S A  Pedro Nel Perdomo por El Regulador de Control de Gmovil SAS ESTEBAN CAMILO MEDINA  Observaciones: Al punto se desplaza recomoto de la empresa, y realiza conciliación en contra de Gmovil    ;0;0;0;5;Sí;VEY811;No;Orien-Occi
202616;6;17 - 18;16:00 - 19:59;3;3;3;6;4;[503] 702;[3018] 702_20180129_TV93;594946;516300;"Operador reporta que con el móvil a su cargo realizando la tabla 1 viaje 3, presenta un evento con las siguientes características: el móvil se desplazaba en el Recorrido por el Carril, cuando según versión del Operador: Voy por mi carril y taxista me cierra y discute que según yo, le rompí un espejo, cuando nunca fue así  Como consecuencia del tercero, se genera una Colisión contra Taxi  No se presenta personas lesionadas  Si se generan daños materiales en el tercero  Si se presenta policía de transito  El operador se dirige hacia patio zonal de Gmovil, le envían que se desplace por sus propios medios  Se informa al Técnico de Supervisión de Transmilenio S A  Samir Sechague por El Regulador de Control de Gmovil SAS ARNOLD CASTILLA RODRIGUEZ  Observaciones: Al punto se desplaza recomoto de la empresa  La conciliación queda en que cada uno asume sus daños        
";0;0;0;5;Sí;VFC822;No;Orien-Occi
202627;6;20 - 21;20:00 - 23:59;4;3;3;6;4;[725] T16;[3168] T16_20180430;595118;516882;Operador reporta que con el móvil a su cargo realizando la tabla 102 viaje 1, presenta un evento con las siguientes características: el móvil se desplazaba en el Recorrido por el Carril, cuando según versión del Operador: Un bus tradicional pasa y me rompe el espejo izquierdo  Como consecuencia del tercero, se genera una Colisión contra Bus de TPC con la parte Trasera Izquierda del móvil  En la cual No se presentan  personas lesionada, Si se generan daños materiales en el móvil y el tercero, al punto No se presenta policía de Transito  El operador se dirige Con el Móvil hacia Patio Gmovil, le envían que se desplace por sus propios medios  Se informa al Técnico de Supervisión de Transmilenio S A  Sandra Suarez por El Regulador de Control de Gmovil SAS ADRIANA PATRICIA TELLEZ VARELA  Observaciones: Al punto se desplaza recomoto de la empresa y realiza conciliación a favor de Gmovil ;0;0;0;5;Sí;VEQ412;No;Norte-Sur
202651;7;4 - 5;04:00 - 07:59;2;3;3;6;4;[603] C120;[2130] C120-1 (20160201);597159;517913;"Operador reporta que con el móvil a su cargo realizando la tabla 6 viaje 1, presenta un evento con las siguientes características: el móvil se desplazaba en el Recorrido , cuando según versión del Operador: ' voy por  mi carril y al frenar no responden los frenos y choco con una camioneta'   Como consecuencia de la maniobra realizada,  se genera una Colisión contra Vehículo   En la cual No se presentan personas lesionadas, al punto Si se presenta policía de Tránsito,Si se generan daños materiales en el móvil y el tercero  El operador se dirige  hacia patio gmovil  Se informa al Técnico de Supervisión de Transmilenio S A  Jhon Jairo Lopez por El Regulador de Control de Gmovil SAS CRHISTIAN CAMILO BETANCOURT CARRANZA  Observaciones: Asiste recomoto de la empresa al punto y se realiza Informe Policial de Accidente de Tránsito con causal 121 (distancia de seguridad) para gmovil        
";0;0;0;5;No;WEW893;No;Orien-Occi
202661;7;6 - 7;04:00 - 07:59;2;3;3;6;4;[102] 142;[3400] 142-H-20180924;598921;518685;"Operador reporta que con el móvil a su cargo realizando la tabla 13 viaje 1, presenta un evento con las siguientes características: el móvil se desplazaba en el Recorrido, cuando según versión del Operador: ' Le alcanzo a pegar al particular '   Como consecuencia de la maniobra realizada,  se genera una Colisión contra Vehículo   En la cual No se presentan personas lesionadas, al punto No se presenta policía de Tránsito,Si se generan daños materiales en el móvil y el tercero  El operador continua recorrido  Se informa al Técnico de Supervisión de Transmilenio S A  Jhon Jairo Lopez por El Regulador de Control de Gmovil SAS WILSON ABEL TORRES FAJARDO  Observaciones:tercero se da a la fuga         
";0;0;0;5;No;WEW809;No;Occi-Orien
202673;7;7 - 8;04:00 - 07:59;2;3;3;6;4;[312] 442;[3293] 442_20180730_IDA-H;607275;519004;Operador reporta que con el móvil a su cargo realizando la tabla 5 viaje 3, presenta un evento con las siguientes características: el móvil se desplazaba en el Recorrido, cuando según versión del Operador: ' el tercero se atraviesa'   Como consecuencia del tercero,  se genera una Colisión contra Vehículo 'Renaut' con la parte lateral derecha del móvil  En la cual No se presentan  personas lesionadas, Si se generan daños materiales en el móvil y el tercero, al punto No se presenta policía de Transito  Vehículo continua en Recorrido   Se informa al Técnico de Supervisión de Transmilenio S A  Damaris Reyes por El Regulador de Control de Gmovil SAS MARTHA IBETH MARTIN MARTIN  Observaciones:tercero se da a la fuga ;0;0;0;5;No;WMN987;No;Norte-Sur
202686;7;7 - 8;04:00 - 07:59;2;3;3;6;4;[725] T16;[3168] T16_20180430;594503;518018;"Operador reporta que con el móvil a su cargo realizando la tabla 16 viaje 1, presenta un evento con las siguientes características: el móvil se desplazaba en el Recorrido, cuando según versión del Operador: ' Una camioneta se pasa la señal de PARE y me golpea'   Como consecuencia del tercero,  se genera una Colisión contra Vehículo   En la cual No se presentan personas lesionadas, al punto No se presenta policía de Tránsito,Si se generan daños materiales en el móvil y el tercero   El operador se dirige Con el Móvil hacia Patio Gmovil, le envían que se desplace por sus propios medios  Se informa al Técnico de Supervisión de Transmilenio S A  Jose Contreras por El Regulador de Control de Gmovil SAS GERSON JAMIR RAMIREZ GUTIERREZ  Observaciones:Asiste recomoto de la empresa al punto y realiza conciliación 
";0;0;0;5;Sí;VEL902;No;Orien-Occi
202691;7;8 - 9;08:00 - 11:59;2;3;3;6;4;[118] 403A;[3128] 403A_20180402_UNICENTRO;604773;518069;Operador reporta que con el móvil a su cargo realizando la tabla 7 viaje 2, presenta un evento con las siguientes características: el móvil se desplazaba en el Recorrido , cuando según versión del Operador: ' Particular  de placa RKW 330 lo adelanta por el costado izquierdo , operador va muy cerca y no alcanza a frenar '   Como consecuencia de la maniobra realizada,  se genera una Colisión contra Vehículo   En la cual No se presentan personas lesionadas, al punto No se presenta policía de Tránsito, Si se generan daños materiales en el móvil y el tercero   El operador se desplaza a patio gmovil  Se informa al Técnico de Supervisión de Transmilenio S A  José Contreras por El Regulador de Control de Gmovil SAS KAREN LORENA BARRERA SERRANO  Observaciones:Asiste recomoto de la empresa al punto y realiza conciliación cada uno asume daños ;0;0;0;5;Sí;VEY809;No;Occi-Orien
202697;7;9 - 10;08:00 - 11:59;3;3;3;6;4;[181] L_17-3_V1;[2397] 17-3_20160905_PIR;598268;515120;"Operador reporta que con el móvil a su cargo realizando la tabla 1 viaje 8, presenta un evento con las siguientes características: el móvil se desplazaba en el Recorrido , cuando según versión del Operador:' al ingresar a la av  esperanza un vehículo taxi invade el carril golpeando el zonal'   Como consecuencia del tercero,  se genera una Colisión contra Vehiculo con la parte lateral Derecha del móvil  En la cual No se presentan  personas lesionadas, Si se generan daños materiales en el  tercero, al punto No se presenta policía de Transito  El operador se dirige  hacia punto de inicio de ruta  Se informa al Técnico de Supervisión de Transmilenio S A  José Contreras por El Regulador de Control de Gmovil SAS JORGE MEDINA ESPINOSA  Observaciones:Asiste recomoto de la empresa al punto y se realiza conciliación, tercero asume sus daños        
";0;0;0;5;Sí;WEV670;No;Norte-Sur
202707;7;10 - 11;08:00 - 11:59;5;3;3;6;4;[103] 37;[2815] 37_H_20170710;595698;520048;Operador reporta que con el móvil a su cargo realizando la tabla 24 viaje 2, presenta un evento con las siguientes características: el móvil se desplazaba en el Recorrido , cuando según versión del Operador: ' alcanzo a tocar levemente el bus alimentador E508'   Como consecuencia de la maniobra realizada,  se genera una Colisión contra Bus del SITP alimentador En la cual No se presentan personas lesionadas, al punto No se presenta policía de Tránsito,Si se generan daños materiales en el móvil y el tercero   Vehículos continua en Recorrido   Se informa al Técnico de Supervisión de Transmilenio S A  Fernando Forero por El Regulador de Control de Gmovil SAS WILSON ABEL TORRES FAJARDO  Observaciones:Operador 505248 asume responsabilidad  ;0;0;0;5;No;SMY361;No;Sur-Norte
202711;7;11 - 12;08:00 - 11:59;2;3;3;6;4;[43] 135;[3000] 135_H_I_20170212;601087;515018;Operador reporta que con el móvil a su cargo realizando la tabla 6 viaje 5, presenta un evento con las siguientes características: el móvil se desplazaba en el Recorrido, cuando según versión del Operador: ' Voy cogiendo la rotonda y una camioneta que estaba delante frena y lo colisiono '   Como consecuencia de la maniobra realizada,  se genera una Colisión contra Vehículo con la parte Delantera Central del móvil  En la cual No se presentan personas lesionadas, Si se generan daños materiales en el móvil y el tercero, al punto No se presenta policía de Transito, Móvil se desplaza a patio gmovil Se informa al Técnico de Supervisión de Transmilenio S A  Miguel Orjuela  por El Regulador de Control de Gmovil SAS VICTOR LOPEZ MENDEZ  Observaciones: Asiste recomoto de la empresa al punto y realiza conciliación ;0;0;0;5;Sí;SMZ398;No;Sur-Norte
202749;7;15 - 16;12:00 - 15:59;2;3;3;6;4;[195] C25;[3099] C25_20180226;602730;519478;Operador reporta que con el móvil a su cargo realizando la tabla 6 viaje 4, presenta un evento con las siguientes características: El móvil se desplazaba en el Recorrido por el Carril, cuando según versión del Operador: Realizando servicio al esquivar una Grúa que se encontraba mal a estacionada, al salir la totalidad del  padrón con la parte trasera toco levemente   un particular  y el señor  a manera de reclamo me exige que le pague el daño  No se presenta personas lesionadas  Si se generan daños materiales en el tercero  Si se presenta policía de transito  El operador se desplaza con el zonal hacia inicio de ruta  Se informa al Técnico de Supervisión de Transmilenio S A  Samir Sechague  por El Regulador de Control de Gmovil SAS JHON ALEXANDER SANCHEZ NAVARRETE  Observaciones: AL punto se desplaza recomoto de la empresa  Policía de Transito genera Informe Policial de Accidente de Transito causal 103 ( Adelantar Cerrando) en contra del operador ;0;0;0;5;No;WNS689;No;Orien-Occi
202756;7;16 - 17;16:00 - 19:59;3;3;3;6;4;[32] P500;[2964] P500_20171030;598015;516577;Operador reporta que con el móvil a su cargo realizando la tabla 1 viaje 7, presenta un evento con las siguientes características: el móvil se desplazaba en el Recorrido por el Carril, cuando según versión del Operador: Voy en mi carril y pasa un taxista me cierra y agrede verbalmente diciendo que yo lo cerré  y cuando lo cerré le rompo el espejo retrovisor  Como consecuencia del tercero  Se genera una Colisión contra Taxi 'kia' con la parte Delantera Izquierda del móvil  En la cual No se presentan 0 persona(s) lesionada(s), Si se generan daños materiales en el móvil y/o el tercero, al punto No se presenta policia de Transito    Vehículo continua en Recorrido   Se informa al Técnico de Supervisión de Transmilenio S A  Samir Sechague  por El Regulador de Control de Gmovil SAS JHON ALEXANDER SANCHEZ NAVARRETE  Observaciones: Al punto se desplaza recomoto de la empresa y policia de transito y evidencian que no hubo colision por lo cual cada uno se va del punto;0;0;0;5;No;WGH759;No;Occi-Orien
202739;7;14 - 15;12:00 - 15:59;15;1;3;2;9;[290] R_Z4;[2228] Z4 vuelta 130616;589555;511761;Operador reporta que con el móvil a su cargo realizando la tabla 49, viaje 1, presenta un evento con las siguientes características: el móvil se encontraba estacionado esperando el cambio del semáforo, por el costado derecho iba un vehículo de tracción humana (carreta) que al intentar cruzar colisiona al móvil por el mismo costado, se presenta una persona lesionada, generando daños materiales, al punto se envía asistencia de recomoto del concesionario y llega policía quién realiza informe y da la causal 404 para el tercero (transitar por la calzada)  El operador se dirige para la Uri y el móvil para Patios Movilidad  Reportado a TS Brandon Vivas de TMSA, reportado por TC Laura Vargas de CE ;0;1;0;1;No;WGG515;Sí;Orien-Occi
202760;7;16 - 17;16:00 - 19:59;2;3;3;6;4;[280] 492;[3179] 492_20180430;603211;512919;"Operador reporta que con el móvil Z50-4025 a su cargo realizando la tabla 12 viaje 5, presenta un evento con las siguientes características: el móvil se desplazaba en el Recorrido por el Carril, cuando según versión del Operador: Me paso de la ruta habitual cuando trato de incorporarme nuevamente ingreso a una cuadra la cual estaba llena de Vehículos particulares mal estacionados y al realizar el giro le rayo la puerta con la cola del móvil  Como consecuencia de la maniobra realizada, se genera una Colisión contra Vehículo Particular 'chevrolet' con la parte Delantera Central del móvil  En la cual No se presentan  personas lesionada, se generan daños materiales en el móvil y el tercero  Al punto si se presenta policía de Transito  El operador continua el servicio, le envían que se desplace por sus propios medios  Se informa al Técnico de Supervisión de Transmilenio S A  Samir Sechague por El Regulador de Control de Gmovil SAS BRYAN ANDRES GUZMAN ROJANO  Observaciones: El operador no espera asistencia de recomoto y realiza conciliación sin autorización, se niega a suministrar datos del valor de la misma         
";0;0;0;5;Sí;SMS902;No;Norte-Sur
202764;7;16 - 17;16:00 - 19:59;6;3;3;6;4;[384] SE14;[3189] SE14_I_20180515;596838;520213;Operador reporta que con el móvil a su cargo realizando la tabla 134 viaje 2, presenta un evento con las siguientes características: El móvil se desplazaba en el Recorrido por el Carril, cuando según versión del Operador: Realizando recorrido un bus zonal de Gmovil Z50-2054 de la ruta SE10  pasa  y  por evitar golpear a un ciclista que había salido de una cuadra sin precaución debe maniobrar el zonal y me rompe el espejo  izquierdo  No se presentan personas lesionadas  Si se generan daños materiales en el tercero  No se presenta policía de transito  Los dos zonales continúan el servicio  Se informa al Técnico de Supervisión de Transmilenio S A  Jorge Gutierrez por El Regulador de Control de Gmovil SAS JHON ALEXANDER SANCHEZ NAVARRETE  Observaciones: Se informa de la novedad y se realiza respectiva conciliación interna ya que los dos vehículos involucrados son de la misma concesión ;0;0;0;5;No;WNS144;No;Orien-Occi
202772;7;17 - 18;16:00 - 19:59;2;3;3;6;4;[725] T16;[3168] T16_20180430;597063;513721;"Operador reporta que con el móvil a su cargo realizando la tabla 24 viaje 3, presenta un evento con las siguientes características: el móvil se desplazaba en el Recorrido por el Carril, cuando según versión del Operador: Cuando pasa un Camión clase Planchon  y me cierra y me impacta el móvil   Como consecuencia del tercero, se genera una Colisión contra Camión tipologia Camabaja con la parte Delantera Central del móvil  En la cual No se presentan persona lesionada  Si se generan daños materiales en el móvil y el tercero, al punto si presenta policía de Transito  El operador se dirige Con el Móvil hacia Patio Gmovil, le envían que se desplace por sus propios medios  Se informa al Técnico de Supervisión de Transmilenio S A  Samir Sechague por El Regulador de Control de Gmovil SAS ADRIANA PATRICIA TELLEZ VARELA  Observaciones: Al punto de se desplaza recomoto de la empresa  Policía de Transito genera informe Policial de Accidente de Transito Causal 103 (Adelantar Cerrando) en contra del tercero        
";0;0;0;5;No;VDW826;No;Orien-Occi
202817;7;21 - 22;20:00 - 23:59;2;3;3;6;4;[117] 674;[2384] 674_2_N-S_20160905;599387;507896;Operador reporta que con el móvil a su cargo realizando la tabla 31 viaje 8, presenta un evento con las siguientes características: el móvil se desplazaba en el Recorrido por el Carril, cuando según versión del Operador: Operador reporta que la persona del particular lo cierra y se genera el choque  Como consecuencia de la maniobra realizada,  se genera una Colisión contra Vehículo Particular  No se presentan personas lesionadas  Si se generan daños materiales en el zonal y el tercero  Si se presenta policía de transito  El operador se dirige  hacia patio zonal de Gmovil, le envían que se desplace por sus propios medios  Se informa al Técnico de Supervisión de Transmilenio S A  Elkin Martinez  por El Regulador de Control de Gmovil SAS Dayana pardo  Observaciones: Al punto se desplaza recomoto de la empresa, policía de transito genera Informe Policial de Accidente de Transito causal 103 ( Adelantar Cerrando ) en contra del tercero  ;0;0;0;5;No;WGH750;No;Norte-Sur
202838;8;7 - 8;04:00 - 07:59;2;3;3;6;4;[280] 492;[3179] 492_20180430;598216;518221;Operador reporta que con el móvil a su cargo realizando la tabla 5 viaje 2, presenta un evento con las siguientes características: el móvil se desplazaba en el Recorrido por el Carril, cuando según versión del Operador: La señora del particular venía cerrando a una moto y me cerro a mi también y no alcance a frenar  Como consecuencia del tercero,  se genera una Colisión contra Vehículo Particular  En el evento no se presentan personas lesionadas  Si se generan daños materiales en el zonal y el tercero  Si se presenta policía de tránsito  El operador se traslada a patio zonal de Gmovil   Se informa al Técnico de Supervisión de Transmilenio S A  Jairo Zapato por El Regulador de Control de Gmovil SAS JHON SEBASTIAN VARGAS PITA  Observaciones: Asiste recomoto de la empresa al punto y se realiza Informe Policial de Accidente de Tránsito con causal 145 (arrancar sin precaución) para gmovil ;0;0;0;5;No;VEX069;No;Occi-Orien
202871;8;11 - 12;08:00 - 11:59;2;3;3;6;4;[725] T16;[2923] T16_20170918;600911;509726;"Operador reporta que con el móvil a su cargo realizando la tabla 6 viaje 3, presenta un evento con las siguientes características: el móvil se desplazaba en el Recorrido por el Carril, cuando según versión del Operador: Un furgón me cierra y al esquivarlo me hace golpear un vehículo particular  Como consecuencia de la maniobra realizada, se genera una Colisión contra Vehículo Particular con la parte Delantera Central del móvil  En la cual No se presentan personas lesionadas  Si se generan daños materiales en el tercero  Al punto si se presenta policía de Transito  El operador se dirige  hacia patio zonal de Gmovil,le envían que se desplace por sus propios medios  Se informa al Técnico de Supervisión de Transmilenio S A  Samir Sechague por El Regulador de Control de Gmovil SAS GERSON JAMIR RAMIREZ GUTIERREZ  Observaciones: Al punto se desplaza recomoto de la empresa  Policía de Transito genera Informe Policial de Accidente de Transito causa 103 ( Adelantar Cerrando ) en contra del operador        
";0;0;0;5;No;VEO601;No;Occi-Orien
202892;8;14 - 15;12:00 - 15:59;2;3;3;6;4;[311] P49;[3211] P49_1_20180703;601363;525349;"Operador reporta que con el móvil a su cargo realizando la tabla 15 viaje 5, presenta un evento con las siguientes características: el móvil se desplazaba en el Recorrido, cuando según versión del Operador: ' voy por  mi carril  derecho,pasa un camión, me rompe el espejo izquierdo y se da a la fuga  no alcance a mirar la placa'   Como consecuencia del tercero,  se genera una Colisión contra Vehículo tipo 'Furgon' con la parte delantera izquierda del móvil  En la cual No se presentan  personas lesionadas, Si se generan daños materiales en el móvil, al punto No se presenta policía de Transito  El operador se dirige Con el Móvil hacia Patio Gmovil, le envían que se desplace por sus propios medios  Se informa al Técnico de Supervisión de Transmilenio S A  Pedro Nel Perdomo por El Regulador de Control de Gmovil SAS  GABRIEL GARCIA CASTAÑEDA  Observaciones: tercero se da a la fuga        
";0;0;0;5;No;WHP500;No;Occi-Orien
202948;8;19 - 20;16:00 - 19:59;12;3;3;6;4;[312] 442;[3294] 442_20180730_V-H;600582;515777;Operador reporta que con el móvil a su cargo realizando la tabla 16 viaje 8, presenta un evento con las siguientes características: el móvil se desplazaba en el Recorrido, cuando según versión del Operador: ' saliendo  del rompoint   un bus escolar  no me cede el paso  y me rompe el espejo izquierdo afirmando que tiene el paso'   Como consecuencia de la maniobra realizada, se genera una Colisión contra Vehículo escolar  En la cual No se presentan personas lesionadas, al punto No se presenta policía de Tránsito,Si se generan daños materiales en el móvil y el tercero  El zonal se desplaza hacia patio zonal de Gmovil  Se informa al Técnico de Supervisión de Transmilenio S A  Juan David Ortiz  por El Regulador de Control de Gmovil SAS JHON ALEXANDER SANCHEZ NAVARRETE  Observaciones:Asiste recomoto de la empresa al punto y tercero al indicarle que tiene responsabilidad se da a la fuga ;0;0;0;5;No;WNS406;No;Orien-Occi
202970;8;21 - 22;20:00 - 23:59;2;3;3;6;4;[102] 142;[3400] 142-H-20180924;599156;516312;Operador reporta que con el móvil a su cargo realizando la tabla 107 viaje 1, presenta un evento con las siguientes características: el móvil se desplaza en recorrido , cuando según versión del Operador: ' El operador informa que el tercero lo cierra lo golpea '   Como consecuencia de la maniobra realizada,  se genera una Colisión contra Vehículo 'Chevrolet Corsa' con la parte delantera derecha del móvil  En la cual No se presentan  personas lesionadas, Si se generan daños materiales en el móvil y el tercero, al punto Si se presenta policía de Transito  El operador se dirige  hacia patio gmovil  Se informa al Técnico de Supervisión de Transmilenio S A  Sandra Suarez por El Regulador de Control de Gmovil SAS GLADYS LILIANA MORENO RAMIREZ  Observaciones: Asiste recomoto de la empresa al punto y se realiza Informe Policial de Accidente de Tránsito con causal 103 (Adelantar cerrando) para gmovil ;0;0;0;5;No;VDM461;No;Orien-Occi
202976;8;22 - 23;20:00 - 23:59;2;3;3;6;4;[102] 142;[3400] 142-H-20180924;599791;516292;Operador reporta que con el móvil a su cargo realizando tabla 116 viaje 2, presenta un evento con las siguientes características: el móvil se desplazaba en el Recorrido , cuando según versión del Operador: ' Voy detrás de un particular el cual para a dejar una persona, yo freno  pero alcanzo a tocarlo en la parte de atrás'  Como consecuencia de la maniobra realizada, se genera una Colisión contra Vehículo, con la parte delantera  del móvil  En la cual No se presentan personas lesionadas, Si se generan daños materiales en el móvil y el tercero, al punto Si se presenta policía de Tránsito, operador se desplaza a patio gmovil  Se informa al Técnico de Supervisión Sandra Suarez TMSA por El Regulador de Control de Gmovil SAS GLADYS LILIANA MORENO RAMIREZ  Observaciones: Asiste recomoto de la empresa al punto y se realiza Informe Policial de Accidente de Tránsito con causal 121 (Distancia de seguridad) para gmovil ;0;0;0;5;No;VEO349;No;Orien-Occi
202999;9;7 - 8;04:00 - 07:59;9;3;3;6;4;[260] 83;[2864] 83_H_20170808;600238;516817;"Operador reporta que con el móvil a su cargo realizando la tabla 13 viaje 1, presenta un evento con las siguientes características: el móvil se desplazaba en el Recorrido, cuando según versión del Operador: ' Hago el pare paro el carro total  miro hacia los dos lados y no visualizo ningún actor vial prosigo la marcha y de repente impacto con la  parte delantera izquierda una motocicleta  El paral izquierdo de la cabina me hace efecto cortina y me tapa al motociclista'   Como consecuencia de la maniobra realizada,  se genera una Colisión contra Motocicleta ,En la cual No se presentan personas lesionadas, al punto Si se presenta policía de Tránsito,Si se generan daños materiales en el móvil y el tercero, Operador se desplaza a patio Gmovil   Se informa al Técnico de Supervisión de Transmilenio S A  Jairo Zapata  por El Regulador de Control de Gmovil SAS KAREN LORENA BARRERA SERRANO   Observaciones: Asiste recomoto de la empresa al punto y realiza conciliación                                      
";0;0;0;5;Sí;VDO997;No;Norte-Sur
203018;9;9 - 10;08:00 - 11:59;2;3;3;6;4;[320] C101;[3192] C101-1_ENG_USM_CRA112_20180924;597396;503852;"Operador reporta que con el móvil a su cargo realizando la tabla 3 viaje 3, presenta un evento con las siguientes características: el móvil se desplazaba en el Recorrido , cuando según versión del Operador: ' Un vehículo particular no mantiene la distancia de seguridad y golpea el zonal por la parte trasera'  Como consecuencia del tercero, se genera una Colisión contra Vehículo 'Chevrolet Optra' con la parte Trasera derecha del móvil  En la cual No se presentan  personas lesionadas, Si se generan daños materiales en el tercero, al punto No se presenta policía de Transito  Movil se desplaza a patio gmovil  Se informa al Técnico de Supervisión de Transmilenio S A  Jairo Zapata por El Regulador de Control de Gmovil SAS SONIA CONSTANZA CORREA RODRIGUEZ  Observaciones:Asiste recomoto de la empresa al punto y tercero al ver su responsabilidad se da a la fuga        
";0;0;0;5;No;WGH554;No;Occi-Orien
203041;9;12 - 13;12:00 - 15:59;2;3;3;6;4;[285] E25;[3067] E25_20180129_H_PC;603158;515726;Operador reporta que con el móvil a su cargo realizando la tabla 15 viaje 3, presenta un evento con las siguientes características: el móvil se desplazaba en el Recorrido por el Carril, cuando según versión del Operador: Transitaba por mi carril cuando un Camión cambia de carril cerrándome y golpea el zonal  Como consecuencia del tercero, se genera una Colisión contra Camión con la parte Delantera Izquierda del móvil  En la cual No se presentan personas lesionada  Si se generan daños materiales en el móvil y el tercero  Al punto no se presenta policía de Transito  El operador se dirige hacia patio zonal de Gmovil, le envían que se desplace por sus propios medios  Se informa al Técnico de Supervisión de Transmilenio S A  Samir Sechague por El Regulador de Control de Gmovil SAS JORGE MEDINA ESPINOSA  Observaciones: Al punto se desplaza recomoto de la empresa  Se coloca póliza de Seguros Bolívar a disposición de Gmovil ;0;0;0;5;Sí;WDG514;No;Orien-Occi