Id_accidentalidad;seq_fecha;franja_horaria;r-franja;seq_tipo_accidente;seq_afectación;seq_tipo_servicio;seq_empresa_operadora;concesion;linea;ruta;coordenada_X;coordenada_Y;desp_suceso;num_lesionados _valorados;num_lesionados _trasladados;num_víctimas_fatales;gravedad_afectados;conciliación;placa;inmovilizado;sentido
202763;7;16 - 17;16:00 - 19:59;9;1;3;2;9;[184] 782;[403] 782_Bosa-Usaquen;596551;509387;"Operador reporta que con el móvil a su cargo realizando la tabla 118 viaje 1, presenta un evento con las siguientes características: Motociclista no conserva la distancia de seguridad al intentar adelantar en curva es golpeado con el costado izquierdo delantero del zonal, el motociclista es asistido por ambulancia y trasladado a un centro asistencial, donde se presenta un lesionado, al punto se envía asistencia de recomoto y abogado del concesionario  Se genera informe de Transito con la causal 112 con responsabilidadparael operador deConsorcio Express  Reportado a TS Pedro Nel Perdomo de TMSA, reportado por TC Jhon Sanchez de CE 
";0;1;0;1;No;WCL940;No;Sur-Norte
203046;9;12 - 13;12:00 - 15:59;2;3;3;6;4;[154] 802;[2266] 802-2_20160705_DESVIO;597150;514206;"Operador reporta que con el móvil a su cargo realizando la tabla 120 viaje 2, presenta un evento con las siguientes características: el móvil se desplazaba en el Recorrido por el Carril, cuando según versión del Operador: Realizando la desalimentacion de usuarios en un paradero un sujeto llega en una moto y me cierra manifestando que había golpeando un vehículo particular mas atrás  Como consecuencia del tercero, se genera una Colisión contra Vehículo Particular con la parte Delantera Izquierda del móvil  En la cual No se presentan personas lesionadas  Si se generan daños materiales en el móvil y el tercero, al punto Si se presenta policía de Transito  El operador se dirige  hacia patio zonal de Gmovil, le envían que se desplace por sus propios medios  Se informa al Técnico de Supervisión de Transmilenio S A  Martha Amado por El Regulador de Control de Gmovil SAS JORGE MEDINA ESPINOSA  Observaciones: Al punto se desplaza recomoto de la empresa  Policía de Transito genera Informe Policial de Accidente de Transito causal 157 (Otra-Los vehículos fueron movidos de la posición final) en contra del operador y del tercero        
";0;0;0;5;No;WCM434;No;Sur-Norte
203062;9;15 - 16;12:00 - 15:59;3;3;3;6;4;[503] 702;[3018] 702_20180129_TV93;595633;514859;Operador reporta que con el móvil a su cargo realizando la tabla 6 viaje 5, presenta un evento con las siguientes características: el móvil se desplazaba en el Recorrido por el Carril, cuando según versión del Operador: Voy por mi carril y un taxi frena de emergencia y no alcanzo a frenar y le pego por detrás  Como consecuencia de la maniobra realizada,  se genera una Colisión contra Taxi  Evento en el cual no se presenta personas lesionadas  Si se generan daños materiales en el zonal y el tercero  Si se presenta policía de transito  El operador se dirige hacia patio zonal de Gmovil, le envían que se desplace por sus propios medios  Se informa al Técnico de Supervisión de Transmilenio S A  Samir Sechague por El Regulador de Control de Gmovil SAS ARNOLD CASTILLA RODRIGUEZ  Observaciones: Al punto se desplaza recomoto de la empresa  Policia de transito le da responsabilidad al taxista, y el señor del taxi se retira del punto  ;0;0;0;5;No;VEX358;No;Norte-Sur
203068;9;15 - 16;12:00 - 15:59;2;3;3;6;4;[7] SE10;[2863] SE10_20170808;600642;517915;Operador reporta que con el móvil a su cargo realizando la tabla 20 viaje 3, presenta un evento con las siguientes características: el móvil se desplazaba en el Recorrido por el Carril, cuando según versión del Operador: Voy por mi carril derecho y me paso al carril izquierdo y carro particular que venía a la izquierda no da el paso y se ocasiona la colisión  Como consecuencia de la maniobra realizada, se genera una Colisión contra Vehículo particular  Evento en el cual no se presenta personas lesionadas  Si se generan daños materiales en el zonal y el tercero  Si se presenta policía de tránsito  El operador se dirige hacia patio de transito de Álamos, le envían que se por medio de grúa de movilidad  Se informa al Técnico de Supervisión de Transmilenio S A  Samir Sechague por El Regulador de Control de Gmovil SAS ARNOLD CASTILLA RODRIGUEZ  Observaciones: Al punto se desplaza recomoto de la empresa  Policía de transito genera  Informe de Infracciones de Tránsito Numero 015348669 código de Infracción Numero 578 (Suspensión de la licencia, registros, habilitaciones o permisos de operación)  al zonal por transitar con la tarjeta de operaciones vencida  Se genera Informe Policial de Accidente de Tránsito causal 103 ( Adelantar Cerrando) en contra del operador ;0;0;0;5;No;SMZ390;Sí;Orien-Occi
202767;7;17 - 18;16:00 - 19:59;9;1;3;5;1;[712] C105;[2859] C105 V.3;599368;511944;Tabla 8/ Viaje 3/ en via carril derecho y al pasar una camioneta el motociclisto se golpea con el zonal, no hay mas lesionados/ se realiza conciliación y se envia movil a patio/ Reportado por el TCZ de ETIB - Monroy Moya Luis Alejandro/ Reportado al TS del Ente Gestor - Miguel Orjuela;0;1;0;1;Sí;VFE372;No;Sur-Norte
203099;9;20 - 21;20:00 - 23:59;2;3;1;6;4;[76] 17-7;[157] 17-7;598447;517905;"Operador reporta que con el móvil a su cargo realizando recorrido para patio Gmovil, presenta un evento con las siguientes características: el móvil se desplazaba a patio gmovil, cuando según versión del Operador: ' Voy por mi carril un  particular frena de emergencia y no alcanzo a frenar'   Como consecuencia de la maniobra realizada,  se genera una Colisión contra Vehículo   En la cual No se presentan personas lesionadas, al punto Si se presenta policía de Tránsito,Si se generan daños materiales en el móvil y el tercero   El operador se dirige  hacia patio gmovil  Se informa al Técnico de Supervisión de Transmilenio S A  Sandra Suarez por El Regulador de Control de Gmovil SAS ARNOLD CASTILLA RODRIGUEZ  Observaciones: Asiste recomoto de la empresa al punto y realiza conciliación        
";0;0;0;5;Sí;VFB985;No;Orien-Occi
202773;7;17 - 18;16:00 - 19:59;11;1;3;2;9;[826] 661;[3354] 661_IDA_10.09.18;598567;513421;Operador reporta que con el móvil a su cargo realizando la tabla 17, viaje 3, presenta un evento con las siguientes características: un ciclista adelanta al zonal por la derecha, se desestabiliza y cael al suelo  El operador menciona que el movil no lo golpea con el zonal  El ciclista muestra signo de dolor  Se solicita recomoto y ambulancia al punto  se deja SOAT a disposición del particular, zonal se dirige a patio;0;1;0;1;No;WGH356;No;Norte-Sur
203102;9;20 - 21;20:00 - 23:59;2;3;3;6;4;[241] 359;[2885] 359_20170822;598323;516991;Operador reporta que con el móvil a su cargo realizando la tabla 16 viaje 5, presenta un evento con las siguientes características: El móvil se desplazaba en el Recorrido por el Carril, cuando según versión del Operador: El particular por no guardar distancia golpea el zonal por detrás  Como consecuencia del tercero, Se genera una Colisión contra Vehículo Particular con la parte Trasera Central del móvil  En la cual No se presentan personas lesionadas  Si se generan daños materiales en el móvil y el tercero  Al punto si se presenta policía de Transito  El operador se dirige hacia zonal de Gmovil, le envían que se desplace por sus propios medios  Se informa al Técnico de Supervisión de Transmilenio S A  Sandra Suarez  por El Regulador de Control de Gmovil SAS ADRIANA PATRICIA TELLEZ VARELA  Observaciones: Al punto se desplaza recomoto de la empresa  Se realiza conciliación a favor del operador ;0;0;0;5;Sí;VEO935;No;Orien-Occi
202781;7;17 - 18;16:00 - 19:59;10;1;3;4;8;[279] C77;[3240] C77_VUELTA_03.07.18;601694;519280;Operador realizando tabla  3  viaje 6   informa que un  usuario se desmaya dentro del zonal se solicita asistencia de ambulancia al punto pero no la envían por falta de disponibilidad,  el    operador  traslada en el zonal al usuario a un centro médico y estando allá el usuario manifiesta  que el motivo del desmayo fue por una caida que presento dentro del zonal   por tal motivo  se solicita asistencia jurídica  el doctor    Alfonso Lopez  el cual determina  responsabilidad para el operador y junto con policia se realiza IPAT porque se reconoce el caso/  móvil es llevado a patios de movilidad alamos/ Informa  técnico de control Claudia Cruz  a supervisor de Transmilenio David Ortiz ;0;1;0;1;No;WLU698;Sí;Sur-Norte
203124;9;23 - 0;20:00 - 23:59;2;3;3;6;4;[312] 442;[739] 442-02;595194;514515;"Operador reporta que con el móvil a su cargo realizando la tabla 26 viaje 13, presenta un evento con las siguientes características: el móvil se desplazaba en transito hacia patio , cuando según versión del Operador: ' voy por mi carril para patios y un particular sale de la oreja y me choca '   Como consecuencia del tercero,  se genera una Colisión contra Vehículo   En la cual No se presentan personas lesionadas, al punto Si se presenta policía de Tránsito,Si se generan daños materiales en el móvil y el tercero    El operador se dirige  hacia patio gmovil   Se informa al Técnico de Supervisión de Transmilenio S A  por El Regulador de Control de Gmovil SAS CRHISTIAN CAMILO BETANCOURT CARRANZA  Observaciones: Asiste recomoto de la empresa al punto y se realiza Informe Policial de Accidente de Tránsito con causal 121 (distancia de seguridad) para gmovil        
";0;0;0;5;No;WEX127;No;Norte-Sur
202790;7;18 - 19;16:00 - 19:59;10;2;3;7;5;[377] R_108;[923] RUTA 108 IDA HABIL;605531;517736;"Tabla: 20/ Viaje: 5/  Detalle : el operador informa que un vehiculo lo cruza y a el le toca frenar intespectivamente y cae un usuario dentro del zonal se golpea y solicita ambulamcia/ Asiste al punto : Aseguradora/ Tipo de asistencia :  Reportado a: Jorge Ruiz Tecnico supervisor TM S A/ Conlusion: el tercero se retira del lugar sin ser atendido el zonal se desplaza a patio bosa centro
";0;0;0;2;No;VDN894;No;Sur-Norte
203164;10;11 - 12;08:00 - 11:59;2;3;3;6;4;[260] 83;[2864] 83_H_20170808;603703;512992;Operador reporta que con el móvil a su cargo realizando la tabla 1 viaje 6, presenta un evento con las siguientes características: el móvil se desplazaba en el Recorrido por el Carril, cuando según versión del Operador: Cuando particular colisiona levemente al zonal por el costado derecho  Como consecuencia del tercero se genera una Colisión contra Vehículo Particular con la parte Lateral Derecha del móvil  En la cual No se presentan  personas lesionadas  Si se generan daños materiales en el tercero  Si se presenta policía de transito  El zonal se desplaza hacia patio zonal de Gmovil  Se informa al Técnico de Supervisión de Transmilenio S A  Anyela Lopez por El Regulador de Control de Gmovil SAS NORBERTO NIÑO RODRIGUEZ  Observaciones: Al punto se desplaza recomoto de la empresa  Policía de Transito genera informe policial de Accidente de Transito causal 157 (Otra)  queda pendiente por establecer en contra del tercero ;0;0;0;5;No;VEP195;No;Norte-Sur
203181;10;13 - 14;12:00 - 15:59;2;3;3;6;4;[312] 442;[3294] 442_20180730_V-H;598511;517510;Operador reporta que con el móvil a su cargo realizando la tabla 14 viaje 6, presenta un evento con las siguientes características: el móvil se desplazaba en el Recorrido por el Carril, cuando según versión del Operador: El operador informa que el particular le frena de imprevisto y le alcanza a pegar en la parte trasera  Como consecuencia de la maniobra realizada se genera una Colisión contra Vehículo Particular  No se presentan personas lesionadas  Si se generan daños materiales en el zonal y el tercero  No se presenta policía de transito  El zonal se desplaza hacia patio zonal de Gmovil  Se informa al Técnico de Supervisión de Transmilenio S A  Martha Amado por El Regulador de Control de Gmovil SAS JOSE ANTONIO CASTRO GARCIA  Observaciones: Al punto se desplaza recomoto de la empresa y realiza conciliación a favor del operador ;0;0;0;5;Sí;WMO046;No;Occi-Orien
203183;10;13 - 14;12:00 - 15:59;2;3;3;6;4;[538] 576.;[3162] 576_1_20180416;592063;510974;Operador reporta que con el móvil a su cargo realizando la tabla 125 viaje 2, presenta un evento con las siguientes características: el móvil se desplazaba en el Recorrido por el Carril, cuando según versión del Operador: Voy en recorrido normal, hay vehículos estacionados a lado y lado de la vía, al pasar con precaución rompo un espejo   Como consecuencia del estado de la vía, se genera una Colisión contra Vehículo Particular  No se presentan personas lesionadas  Si se generan daños materiales en el tercero  No se presenta policía de transito  Vehículo continua en Recorrido  Se informa al Técnico de Supervisión de Transmilenio S A  Anyela Lopez por El Regulador de Control de Gmovil SAS SONIA CONSTANZA CORREA RODRIGUEZ  Observaciones: Tercero se retira del lugar por que esta en lugar donde es prohibido parquear ;0;0;0;5;No;VES474;No;Occi-Orien
203191;10;14 - 15;12:00 - 15:59;2;3;3;6;4;[196] 466;[3019] 466_20180129_H;597961;518413;"Operador reporta que con el móvil a su cargo realizando la tabla 18 viaje 4, presenta un evento con las siguientes características: el móvil se desplazaba en el Recorrido, cuando según versión del Operador: Voy por mi carril y por no golpear una camioneta estacionada a la derecha impacto a un particular que se encuentra adelante estacionado en un prohibido parquear  Como consecuencia se genera una Colisión contra Vehículo Particular  No se presentan personas lesionadas  Si se presentan daños materiales en el tercero  No se presenta policía de transito  El operador se dirige  hacia inicio de la ruta, le envían que se desplace por sus propios medios  Se informa al Técnico de Supervisión de Transmilenio S A  Martha Amado por El Regulador de Control de Gmovil SAS KAREN LORENA BARRERA SERRANO  Observaciones: Al punto se desplaza recomoto de la empresa  El tercero se da a la fuga ya que se encontraba en un prohibido parquear      
";0;0;0;5;No;WMN988;No;Occi-Orien
203192;10;15 - 16;12:00 - 15:59;3;3;3;6;4;[538] 576.;[3162] 576_1_20180416;600751;516089;Operador reporta que con el móvil a su cargo realizando la tabla 28 viaje 5, presenta un evento con las siguientes características: el móvil se desplazaba en el Recorrido por el Carril, cuando según versión del Operador: Voy por mi carril, me adelanta un taxi y se estaca, no logro maniobrar y lo choco  Como consecuencia del tercero,  se genera una Colisión contra Taxi  No se presentan personas lesionadas  Si se generan daños materiales en el zonal y el tercero  Si se presenta policía de transito  El operador se dirige Con el Móvil hacia Patio Gmovil, le envían que se desplace por sus propios medios  Se informa al Técnico de Supervisión de Transmilenio S A  Anyela Lopez por El Regulador de Control de Gmovil SAS SONIA CONSTANZA CORREA RODRIGUEZ  Observaciones: Al punto se desplaza recomoto de la empresa  Policía de transito genera Informe Policial de Accidente de Transito causal 121 (No mantener la distancia de seguridad ) en contra del operador ;0;0;0;5;No;WPN695;No;Sur-Norte
203198;10;16 - 17;16:00 - 19:59;15;3;3;6;4;[395] Z7;[2994] Z7_1H_20180226;600620;515745;"Sobre las 16:39 en la Ruta Z7 tabla 205  el vehículo  Z50-4012 presenta vandalismo en la Parada 140A05 Calle 53 con Carrera 70   No Se presentaron Lesionados/ Los Daños del Vehículo Zonal Son: Punta del bomper rota / La Versión Inicial de el Operador  504922 es 'La operadora informa que el señor con el carro del Bon Ice choca el zonal al ver que le fisura el bomper se fue corriendo '   Siendo las 16:41  el operador se dirige con el movil  a continuar en recorrido, le envían    Reportado  a TS TMSA: Anyela Lopez  Reportado  por: Gladys Liliana Moreno Ramirez Regulador de Control Gmovil SAS       
";0;0;0;5;No;SVS416;No;Occi-Orien
203203;10;17 - 18;16:00 - 19:59;9;3;3;6;4;[725] T16;[3168] T16_20180430;599618;511095;Operador reporta que con el móvil a su cargo realizando la tabla 14 viaje 4, presenta un evento con las siguientes características: el móvil se desplazaba en el Recorrido por el Carril, cuando según versión del Operador: Transitaba por el carril derecho, estaba lloviendo y sobre la berma había una moto parqueada no tenia señalizacion y la impacto el frente del zonal causando que la moto se caiga  Como consecuencia del tercero, se genera una Colisión contra Motocicleta con la parte delantera del zonal  No se presenta personas lesionadas  Si se presentan daños materiales en el zonal y el tercero  No se presenta policía de transito  El operador se dirige  hacia patio zonal de Gmovil, le envían que se desplace por sus propios medios  Se informa al Técnico de Supervisión de Transmilenio S A  Angela Lopez por El Regulador de Control de Gmovil SAS Karen Barrera  Observaciones: Al punto se desplaza recomoto de la empresa, el cual realiza conciliación con responsabilidad compartida, por lo tanto cada uno se asume sus daños y se van del punto ;0;0;0;5;Sí;VEC356;No;Orien-Occi
203209;10;18 - 19;16:00 - 19:59;2;3;3;6;4;[725] T16;[3168] T16_20180430;594976;516787;Operador reporta que con el móvil a su cargo realizando la tabla 113 viaje 1, presenta un evento con las siguientes características: el móvil se desplazaba en el Recorrido por el Carril, cuando según versión del Operador: Me desplazaba por el carril derecho y ambos costados de la vía se encontraban vehículos estacionados junco con vendedores ambulantes y un carro particular se me sobrepasa, delante mio frena un bus provisional de manera repentina maniobro el zonal y golpeo el carro particular que me había adelantado  Como consecuencia del tercero,  se genera una Colisión contra Vehículo Particular contra parte lateral derecha del zonal  No se presentan personas lesionadas  Si se generan daños materiales en el tercero  Si se presenta policía de transito  El zonal se desplaza hacia patio zonal de Gmovil Se informa al Técnico de Supervisión de Transmilenio S A  Sandra Suarez por El Regulador de Control de Gmovil SAS Karen Barrera  Observaciones: Al punto se desplaza recomoto del a empresa  Policía de transito genera Informe Policial de Accidente de Transito causal 103 ( Adelantar Cerrando ) en contra del operador ;0;0;0;5;No;VFB184;No;Norte-Sur
203214;10;18 - 19;16:00 - 19:59;3;3;3;6;4;[503] 702;[3017] 702_20180129;596294;517805;Operador reporta que con el móvil a su cargo realizando la tabla 3 viaje 6, presenta un evento con las siguientes características: el móvil se desplazaba en el Recorrido por el Carril, cuando según versión del Operador: Operador informa que el taxi quería cambiar de carril se detuvo frena y el operador no alcanza a frenar golpea el taxi en la parte de atrás  Como consecuencia de la maniobra realizada, se genera una Colisión contra Taxi con la parte derecha delantera del zonal  No se presentaron personas lesionadas  Si se generaron daños materiales en el zonal y el tercero  Al punto llega policía de transito  El operador se dirige Con el Móvil hacia Patio Gmovil le envían que se desplace con asistencia de grúa  Se informa al Técnico de Supervisión de Transmilenio S A  Sandra Suarez por El Regulador de Control de Gmovil SAS GLADYS LILIANA MORENO RAMIREZ  Observaciones: Al punto se desplaza recomoto de la empresa  Policía de transito genera Informe policial de Accidente de Transito causal 121 ( No mantener la distancia de seguridad ) en contra del operador ;0;0;0;5;No;VER746;No;Sur-Norte
203268;11;12 - 13;12:00 - 15:59;2;3;3;6;4;[103] 37;[2816] 37_F_20170716;595862;520599;Operador reporta que con el móvil a su cargo realizando la tabla 5 viaje 3, presenta un evento con las siguientes características: el móvil se desplazaba en el Recorrido por el Carril, cuando según versión del Operador: El señor de la camioneta esta girando y de un momento a otro mientras estoy terminando de hacer la aproximación gira y me pega en la parte trasera del bus  Como consecuencia del tercero,  se genera una Colisión contra Vehículo Particular  No se presentan personas lesionadas  Si se generan daños materiales en el zonal y el tercero  Al punto si se presenta policía de transito  El operador se dirige Con el Móvil hacia Patio Gmovil, le envían que se desplace por sus propios medios  Se informa al Técnico de Supervisión de Transmilenio S A  Diana Tavera por El Regulador de Control de Gmovil SAS JHON SEBASTIAN VARGAS PITA  Observaciones: Al punto llega recomoto de la empresa  Policía de transito realiza Informe Policial de Accidente de Transito causal 103 ( Adelantar cerrando) en contra del operador ;0;0;0;5;No;WGG312;No;Orien-Occi
203287;11;17 - 18;16:00 - 19:59;2;3;3;6;4;[396] 740;[3230] 740_2_20180703;597793;518300;"Operador reporta que con el móvil a su cargo realizando la tabla 6 viaje 8, presenta un evento con las siguientes características: el móvil se desplazaba en el Recorrido por el Carril, cuando según versión del Operador: Realizó giro a la izquierda en el semáforo, atravieso la calle y un furgón no espera el paso y colisionamos  Como consecuencia del tercero se genera una Colisión contra furgón con la parte Lateral Derecha del móvil  En la cual No se presentan personas lesionadas  Si se generan daños materiales en el móvil y el tercero  Al punto si se presenta policía de Transito  El operador se dirige  hacia patio zonal de Gmovil, le envían que se desplace por sus propios medios  Se informa al Técnico de Supervisión de Transmilenio S A  Francy Sierra por El Regulador de Control de Gmovil SAS SONIA CONSTANZA CORREA RODRIGUEZ  Observaciones: Al punto se desplaza  recomoto de la empresa  y realiza conciliación en contra del operador        
";0;0;0;5;Sí;WPN693;No;Occi-Orien
203290;11;18 - 19;16:00 - 19:59;2;3;3;6;4;[281] 577;[3130] 20180402_IDA;597785;518292;Operador reporta que con el móvil a su cargo realizando la tabla 4 viaje 7, presenta un evento con las siguientes características: el móvil se desplazaba en el Recorrido por el Carril, cuando según versión del Operador: Un vehículo particular se pasa el semáforo en rojo he impacta el zonal por un costado  Como consecuencia del tercero, se genera una Colisión contra Vehículo Particular con la parte  del móvil  En la cual No se presentan  personas lesionadas  No se generan daños materiales en el móvil y el tercero  Al punto se presenta policía de Transito  El operador se dirige  hacia , le envían   Se informa al Técnico de Supervisión de Transmilenio S A   Ana Milena Patiño por El Regulador de Control de Gmovil SAS Jorge Medina Espinosa  Observaciones: Al punto se desplaza  recomoto de la empresa  Como el policía de transito le da la  responsabilidad al tercero  este se da a la fuqa;0;0;0;5;No;WGG301;No;Sur-Norte
203368;13;6 - 7;04:00 - 07:59;2;3;3;6;4;[313] 402;[3477] 402_IDA_F_20181028;606020;526548;Operador reporta que con el móvil a su cargo realizando la tabla 101 viaje 1, presenta un evento con las siguientes características: el móvil se desplazaba en el Recorrido por el Carril, cuando según versión del Operador: Venia en recorrido cuando un camión me cierra y me colisiona rompiendo el espejo derecho  No se presentan personas lesionadas  Si se generan daños materiales en el zonal  Si se presenta policía de transito El operador se desplaza hacia patio zonal de Gmovil  Se informa al Técnico de Supervisión de Transmilenio S A  Juan David Ortiz  por El Regulador de Control de Gmovil SAS JHON ALEXANDER SANCHEZ NAVARRETE  Observaciones: Al punto se desplaza recomoto y realiza conciliación a favor del operador ;0;0;0;5;Sí;WEW882;No;Sur-Norte
203373;13;7 - 8;04:00 - 07:59;3;3;3;6;4;[725] T16;[3168] T16_20180430;595840;515045;Operador reporta que con el móvil a su cargo realizando la tabla 2 viaje 2, presenta un evento con las siguientes características: el móvil se desplazaba en el Recorrido por el Carril, cuando según versión del Operador: La persona del taxi hace cambio de carril sin precausion generando el choque  Como consecuencia de la maniobra realizada,  se genera una Colisión contra Taxi con la parte Lateral Derecha del móvil  En la cual No se presentan  personas lesionadas  Si se generan daños materiales en el tercero  Al punto No se presenta policía de Transito  El operador se dirige  hacia patio zonal de Gmovil, le envían que se desplace por sus propios medios  Se informa al Técnico de Supervisión de Transmilenio S A  Samir Sechague  por El Regulador de Control de Gmovil SAS DAYANA LIZETH PARDO CHARRY  Observaciones:  Al punto se desplaza recomoto de la empresa y realiza conciliación a favor del operador ;0;0;0;5;Sí;VDX665;No;Occi-Orien
203395;13;7 - 8;04:00 - 07:59;2;3;3;6;4;[285] E25;[3067] E25_20180129_H_PC;604549;514637;"Operador reporta que con el móvil a su cargo realizando la tabla 16 viaje 1, presenta un evento con las siguientes características: el móvil se desplazaba en el Recorrido por el Carril, cuando según versión del Operador: Un vehículo me cierra cuando voy haciendo aproximación al paradero  Como consecuencia de la maniobra realizada, se genera una Colisión contra Vehículo Particular  No se presentan personas lesionadas  Si se generan daños materiales en el tercero  Si se presenta policía de transito  El operador se dirige  hacia patio zonal de Gmovil, le envían que se desplace por sus propios medios  Se informa al Técnico de Supervisión de Transmilenio S A  Samir Sechague por El Regulador de Control de Gmovil SAS Gerson Ramirez G   Observaciones: Se desplaza recomoto de la empresa  Policía de Transito genera Informe Policial de Accidente de Transito causal 103(Adelantar Cerrando) en contra del operador          
";0;0;0;5;No;WEV675;No;Sur-Norte
203382;13;7 - 8;04:00 - 07:59;2;3;3;6;4;[196] 466;[3019] 466_20180129_H;600580;517949;"Operador reporta que con el móvil a su cargo realizando la tabla 25 viaje 1, presenta un evento con las siguientes características: el móvil se desplazaba en el Recorrido por el Carril  cuando según versión del Operador: Realizando recorrido un  vehículo particular al adelantar el carril me cierra y me golpea  No se presentan personas lesionadas  Si se generan daños materiales en el tercero  Si se presenta policía de transito  El operador se desplaza hacia patio zonal de Gmovil, le envían que se desplace por sus propios medios  Se informa al Técnico de Supervisión de Transmilenio S A  Sandra Suarez  por El Regulador de Control de Gmovil SAS JHON ALEXANDER SANCHEZ NAVARRETE  Observaciones: Al punto se desplaza recomoto de la empresa y realiza conciliación a favor de operador      
";0;0;0;5;Sí;WNS408;No;Occi-Orien
203386;13;8 - 9;08:00 - 11:59;3;3;3;6;4;[538] 576.;[3162] 576_1_20180416;594280;510433;Operador reporta que con el móvil a su cargo realizando la tabla 19 viaje 3, presenta un evento con las siguientes características: el móvil se desplazaba en el Recorrido por el Carril, cuando según versión del Operador: Taxista me cierra y asegura que lo colisione  Como consecuencia del tercero,  se genera una Colisión contra Taxi kia con la parte  del móvil  En la cual no se presentan  personas lesionada  Si se generan daños materiales en el móvil y el tercero, al punto se presenta policía de Transito  El operador se dirige Con el Móvil hacia Patio Gmovil, le envían que se desplace por sus propios medios  Se informa al Técnico de Supervisión de Transmilenio S A  Samir Sechague  por El Regulador de Control de Gmovil SAS CYNTHIA YURANI RODRIGUEZ MARTINEZ  Observaciones: Al punto se desplaza recomoto de la empresa, y realiza conciliación en contra del operador;0;0;0;5;Sí;WPN693;No;Sur-Norte