Id_accidentalidad;seq_fecha;franja_horaria;r-franja;seq_tipo_accidente;seq_afectación;seq_tipo_servicio;seq_empresa_operadora;concesion;linea;ruta;coordenada_X;coordenada_Y;desp_suceso;num_lesionados _valorados;num_lesionados _trasladados;num_víctimas_fatales;gravedad_afectados;conciliación;placa;inmovilizado;sentido
203392;13;8 - 9;08:00 - 11:59;2;3;3;6;4;[725] T16;[3168] T16_20180430;595926;514945;Operador reporta que con el móvil a su cargo realizando la tabla 16 viaje 2, presenta un evento con las siguientes características: el móvil se desplazaba en el Recorrido por el Carril, cuando según versión del Operador: El furgón pasa y se pego mucho al zonal y daña el espejo, el se va el operador lo alcanza y le solicita responder por el daño  Como consecuencia del tercero, se genera una Colisión contra Furgón  Si se presenta daños materiales en el zonal  No se presenta policía de transito  El operador se dirige  hacia patio zonal de Gmovil, le envían que se desplace por sus propios medios  Se informa al Técnico de Supervisión de Transmilenio S A  Samir Sechague  por El Regulador de Control de Gmovil SAS DAYANA LIZETH PARDO CHARRY  Observaciones: Abogada de la empresa realiza conciliación vía telefónica a favor del operador  ;0;0;0;5;Sí;VEU003;No;Occi-Orien
202839;8;7 - 8;04:00 - 07:59;10;1;3;7;5;[485] 188;[2063] 188_V3;591867;511795;Tabla 2 viaje 02/El operador informa que hay un reductor de velocidad sin pintar,sin señalización en el momento de pasarlo saltan dos usuarias y se golpean/Se solicita asistencia de ambulancia y abogado al punto/CONCLUSIÓN:Se realiza informe de transito con causal 302 (Ausencia o Deficiencia en Demarcación ) para la vía,las usuarias son trasladadas a centros asistenciales /el zonal se dirige para los patios de álamos/ Reportado a Humberto Sánchez Supervisor de TMSA  ;0;2;0;1;No;WCN458;No;Occi-Orien
203414;13;10 - 11;08:00 - 11:59;9;3;3;6;4;[103] 37;[2815] 37_H_20170710;594951;520793;"Operador reporta que con el móvil a su cargo realizando la tabla 26 viaje 2, presenta un evento con las siguientes características: el móvil se desplazaba en el Recorrido por el Carril, cuando según versión del Operador: El señor de la moto me cierra y me frena de momento y por mas que le hago el quiete lo golpeo  Como consecuencia de la maniobra realizada,  se genera una Colisión contra Motocicleta  En el  evento no se presentan personas lesionadas  Si se generan daños materiales en el zonal y el tercero  Si se presenta policía de transito  El operador se dirige  hacia patio zonal de Gmovil, le envían que se desplace por sus propios medios  Se informa al Técnico de Supervisión de Transmilenio S A  Sandra Suarez por El Regulador de Control de Gmovil SAS WILSON ABEL TORRES FAJARDO  Observaciones: Al operador lo asiste vía telefónica la abogada de la empresa  El tercero después de un tiempo se retira del punto      
";0;0;0;5;No;WGH558;No;Occi-Orien
203415;13;10 - 11;08:00 - 11:59;2;3;3;6;4;[241] 359;[2885] 359_20170822;600840;517718;"Operador reporta que con el móvil a su cargo realizando la tabla 7 viaje 2, presenta un evento con las siguientes características: el móvil se desplazaba en el Recorrido por el Carril 1, cuando según versión del Operador: Pasa un furgón a alta velocidad no manteniendo su distancia y golpea el espejo retrovisor del zonal generando al daño  Como consecuencia del tercero, se genera una Colisión contra furgón con la parte Lateral Izquierda del móvil  En la cual No se presentan  personas lesionada  Si se generan daños materiales en el móvil  Al punto No se presenta policía de Transito  Vehículo continua en Recorrido  Se informa al Técnico de Supervisión de Transmilenio S A  Samir Sechague  por El Regulador de Control de Gmovil SAS DAYANA LIZETH PARDO CHARRY  Observaciones: Según versión del operador el tercero se da a la fuga y el operador no le alcanza a tomar datos de la placa       
";0;0;0;5;No;VFE576;No;Orien-Occi
203431;13;13 - 14;12:00 - 15:59;4;3;3;6;4;[154] 802;[2266] 802-2_20160705_DESVIO;596934;513962;"Operador reporta que con el móvil a su cargo realizando la tabla 27 viaje 4, presenta un evento con las siguientes características: el móvil se desplazaba en el Recorrido, cuando según versión del Operador: ' Un vehículo colectivo me impacta por la parte trasera '   Como consecuencia del tercero,  se genera una Colisión contra Vehículo Particular  En la cual No se presentan personas lesionadas, al punto Si se presenta policía de Tránsito,Si se generan daños materiales en el móvil y el tercero   Movil se desplazas a punto de inicio de ruta  Se informa al Técnico de Supervisión de Transmilenio S A  Alfredo Briceño por El Regulador de Control de Gmovil SAS Gerson Ramirez G   Observaciones: Asiste recomoto de la empresa al punto y realiza conciliación       
";0;0;0;5;Sí;WDD366;No;Sur-Norte
203474;13;18 - 19;16:00 - 19:59;2;3;3;6;4;[117] 674;[2384] 674_2_N-S_20160905;597457;503569;"Operador reporta que con el móvil a su cargo realizando la tabla 27 viaje 4, presenta un evento con las siguientes características: el móvil se desplazaba en el Recorrido , cuando según versión del Operador: ' al cambiar de  carril un particular golpea el móvil '   Como consecuencia del tercero,  se genera una Colisión contra Vehículo   En la cual No se presentan personas lesionadas, al punto No se presenta policía de Tránsito,Si se generan daños materiales en el tercero   El operador continua recorrido   Se informa al Técnico de Supervisión de Transmilenio S A  Gloria Chartano por El Regulador de Control de Gmovil SAS Cristian betancourt  Observaciones: tercero se da a la fuga       
";0;0;0;5;No;WEX133;No;Norte-Sur
202849;8;8 - 9;08:00 - 11:59;9;1;3;5;1;[665] T24;[2510] T24 VUELTA V.3;592388;507155;"
Tabla 17 / Viaje 2 /el operador reporta que un motociclista se pasa el pare y colisiona con el zonal /el motociclista está herido pero consciente / llega agente de tránsito que informa causal 112 (Desobedecer señales de Tránsito) para el zonal/ al terminar la novedad el zonal se desplaza inmovilizado para patio de álamos /Reportado por el TCZ de ETIB - Sánchez Albarracín Luisa Fernanda/ Reportado al TS del Ente Gestor - José Manuel Duque 
";0;1;0;1;No;WEW176;Sí;Occi-Orien
203484;13;18 - 19;16:00 - 19:59;2;3;3;6;4;[281] 577;[3133] 20180402_VUELTA TV 93;595667;514878;"Operador reporta que con el móvil a su cargo realizando la tabla 34 viaje 6, presenta un evento con las siguientes características: el móvil se desplazaba en el Recorrido, cuando según versión del Operador: ' Voy por mi carril  Normal pasa el señor del camión y me rompe el espejo retrovisor derecho'   Como consecuencia del tercero,  se genera una Colisión contra Vehículo  con la parte Delantera Derecha del móvil  En la cual No se presentan  personas lesionadas, Si se generan daños materiales en el móvil , al punto No se presenta policía de Transito  El operador continua recorrido  Se informa al Técnico de Supervisión de Transmilenio S A  Fernando  Forero  por El Regulador de Control de Gmovil SAS WILLIAM IGNACIO VALDERRAMA GONZALEZ  Observaciones: SE ENVIA ASISTENCIA  AL PUNTO    Observaciones: tercero siendo responsable del choque realiza conciliación                                
";0;0;0;5;Sí;WPM267;No;Norte-Sur
203532;14;6 - 7;04:00 - 07:59;6;3;3;6;4;[312] 442;[3294] 442_20180730_V-H;603778;518315;Operador reporta que con el móvil a su cargo realizando la tabla 16 viaje 2, presenta un evento con las siguientes características: el móvil se desplazaba en el Recorrido por el Carril, cuando según versión del Operador: Me encontraba detenido en el semáforo cuando  cambia el semáforo un Bus del Sitp Z70-7081 de la empresa Etib por adelantar en espacio reducido pasa y me rompe el espejo derecho  afirmando que  el tiene el paso y no acepta la responsabilidad  No se presentan personas lesionadas  Si se generan daños materiales en el zonal de Gmovil  El operador se desplaza hacia patio por sus propios medios  No se presenta policia de transito  Se informa al Técnico de Supervisión de Transmilenio S A  Juan David Ortiz  por El Regulador de Control de Gmovil SAS JHON ALEXANDER SANCHEZ NAVARRETE  Observaciones: Al operador lo asiste abogado de la empresa y se determina que cada uno asuma sus daños  El operador de Gmovil espera asistencia de carro taller para que le realicen el cambio del espejo y así poder desplazarse a patio ;0;0;0;5;Sí;WNS405;No;Occi-Orien
203547;14;8 - 9;08:00 - 11:59;18;3;3;6;4;[725] T16;[3168] T16_20180430;594254;518283;"Operador reporta que con el móvil a su cargo realizando la tabla 10 viaje 2, presenta un evento con las siguientes características: el móvil se desplazaba en el Recorrido por el Carril, cuando según versión del Operador: Reporta que no pudo  esquivarlo ya que es doble vía y en el otro sentido transitaba un vehículo  Como consecuencia del estado de la vía, se genera una Colisión contra Infraestructura Rama de Árbol con la parte Delantera Derecha del móvil  En la cual No se presentan  personas lesionada  Si se generan daños materiales en el móvil, al punto No se presenta policía de Transito  El operador se dirige Con el Móvil hacia Patio Gmovil, le envían que se desplace por sus propios medios  Se informa al Técnico de Supervisión de Transmilenio S A  Samir Sechague  por El Regulador de Control de Gmovil SAS DAYANA LIZETH PARDO CHARRY  Observaciones: Según versión de la operadora se le fisura el panorámico derecho delantero  por lo cual no continua el servicio       
";0;0;0;5;No;VEO601;No;Occi-Orien
203554;14;9 - 10;08:00 - 11:59;2;3;3;6;4;[503] 702;[3017] 702_20180129;597793;518300;Operador reporta que con el móvil a su cargo realizando la tabla 12 viaje 2, presenta un evento con las siguientes características: el móvil se desplazaba en el Recorrido por el Carril, cuando según versión del Operador: Al realizar el giro a la izquierda, un particular golpea el zonal por la parte trasera  Como consecuencia de la maniobra realizada,  se genera una Colisión contra Vehículo la parte Trasera Izquierda del móvil Particular RENAULT  SANDERO  En la cual No se presentan  personas lesionada  Si se generan daños materiales en el móvil y el tercero  Al punto si se presenta policía de Transito  Le envían operador disponible para que se lleve el zonal para inicio de ruta ya que el operador titular no portaba la licencia de conducción  Se informa al Técnico de Supervisión de Transmilenio S A  Samir Sechague   por El Regulador de Control de Gmovil SAS Irene Hernandez  Observaciones: Al punto de dirige recomoto de la empresa  Policía de transito genera Informe Policial de Accidente de Transito causal 103 ( Adelantar Cerrando ) en contra del operador ;0;0;0;5;No;SMZ562;No;Orien-Occi
203567;14;10 - 11;08:00 - 11:59;2;3;3;6;4;[725] T16;[3168] T16_20180430;601064;509770;"Operador reporta que con el móvil a su cargo realizando la tabla 27 viaje 2, presenta un evento con las siguientes características: el móvil se desplazaba en el Recorrido por el Carril, cuando según versión del Operador: Iba a salir y el vehículo de adelante freno bruscamente en la maniobra yo frenos y alcanzo a golpearlo  Como consecuencia de la maniobra realizada,  se genera una Colisión contra Vehículo Particular  En el evento no se presentan personas lesionadas  Si se generan daños materiales en el zonal y el tercero  Si se presenta policía de transito  El operador se dirige  hacia patio zona de Gmovil, le envían que se desplace por sus propios medios  Se informa al Técnico de Supervisión de Transmilenio S A  Samir Sechague  por El Regulador de Control de Gmovil SAS DAYANA LIZETH PARDO CHARRY  Observaciones: Según informa el operador policía de transito les da la indicación de que muevan los vehículos y que cada uno asuma sus respectivos daños  El zonal y el tercero se van del punto       
";0;0;0;5;Sí;VFC345;No;Occi-Orien
203604;14;14 - 15;12:00 - 15:59;2;3;3;6;4;[222] 801.;[3430] 801_2_CL183;605343;517960;"Operador reporta que con el móvil a su cargo realizando la tabla 10 viaje 6, presenta un evento con las siguientes características: el móvil se desplazaba en el Recorrido,cuando según versión del Operador: ' el operador  hace el paradero y al salir para pasar el semáforo un furgón de color blanco giro para coger la 19 le rompe espejo Izquierdo y se da a la fuga'  Como consecuencia del tercero,se genera una Colisión contra furgón con la parte Delantera izquierda del móvil  En la cual No se presentan  personas lesionadas, Si se generan daños materiales en el móvil, al punto No se presenta policía de Transito El operador se dirige Con el Móvil hacia Patio Gmovil, le envían que se desplace por sus propios medios  Se informa al Técnico de Supervisión de Transmilenio S A  Nicolay    Novoa por El Regulador de Control de Gmovil SAS AMANDA LUCIA RODRIGUEZ ARAUJO  Observaciones:tercero se da a la fuga 
";0;0;0;5;No;VEO757;No;Orien-Occi
203631;14;17 - 18;16:00 - 19:59;4;3;3;6;4;[234] 626B;[2153] 626B Ext Camelia IDA V6;600817;517745;"Operador reporta que con el móvil a su cargo realizando la tabla 2 viaje 9, presenta un evento con las siguientes características: el móvil se encuentra en Paradero, cuando según versión del Operador: ' va a salir del paradero y el tercero se le atraviesa '   Como consecuencia del tercero,  se genera una Colisión contra Bus de TPC 'NPR' con la parte Delantera izquierda del móvil  En la cual No se presentan  personas lesionadas, Si se generan daños materiales en el móvil , al punto No se presenta policía de Transito  El operador se dirige  hacia patio gmovil  Se informa al Técnico de Supervisión de Transmilenio S A  Nicolay Novoa  por El Regulador de Control de Gmovil SAS MARTHA IBETH MARTIN MARTIN  Observaciones: Asiste recomoto de la empresa al punto y realiza conciliación         
";0;0;0;5;Sí;SMX988;No;Orien-Occi
202869;8;10 - 11;08:00 - 11:59;19;1;3;6;4;[7] SE10;[2863] SE10_20170808;603643;512657;"Operador reporta que con el móvil a su cargo realizando la tabla 19 viaje 2, presenta un evento con las siguientes características: el móvil se encuentra en paradero, cuando según versión del Operador: ' Unos usuarios iban bajando y me taparon la visión de que había otra persona cerré la puerta y aprisione el pie a un señor '   Como consecuencia de la maniobra realizada,  se genera un aprisionamiento a Usuario   En la cual si se presenta 1 persona lesionada, No se generan daños materiales en el móvil  al punto Si  se presenta policía de Transito  Móvil se desplaza a patios álamos  Se informa al Técnico de Supervisión de Transmilenio S A  Jairo Zapata por El Regulador de Control de Gmovil SAS VICTOR LOPEZ MENDEZ  Observaciones:Al punto asiste abogada de la empresa y se realiza Informe Policial de Accidente de Tránsito con causal 145 (Arrancar sin precaucion) para gmovil      
";0;1;0;1;No;VEQ691;No;Norte-Sur
203644;14;18 - 19;16:00 - 19:59;2;3;3;6;4;[103] 37;[2815] 37_H_20170710;604408;518177;Operador reporta que con el móvil a su cargo realizando la tabla 7 viaje 5, presenta un evento con las siguientes características: el móvil se desplazaba en el Recorrido , cuando según versión del Operador: ' Iba bajando el puente de la Calle 100 tratando de pasarme al carril de la derecha, pongo direccional y un particular no me da paso, colisionamos'   Como consecuencia de la maniobra realizada se genera una Colisión contra Vehículo   En la cual No se presentan personas lesionadas, al punto Si se presenta policía de Tránsito,Si se generan daños materiales en el móvil y el tercero  Operador se desplaza con el móvil hacia patio Gmovil  Se informa al Técnico de Supervisión de Transmilenio S A  Jose Manuel Duque por El Regulador de Control de Gmovil SAS SONIA CONSTANZA CORREA RODRIGUEZ  Observaciones: Asiste recomoto de la empresa al punto y realiza conciliación ;0;0;0;5;Sí;WEV704;No;Orien-Occi
203650;14;19 - 20;16:00 - 19:59;2;3;3;6;4;[383] 806;[3123] 806-2_CRA112 (20180703);595788;512762;Operador reporta que con el móvil a su cargo realizando la tabla 6 viaje 6, presenta un evento con las siguientes características: el móvil se desplazaba en el Recorrido , cuando según versión del Operador: ' voy por mi carril y pasa un camión  me rompe el espejo izquierdo   se baja el ayudante,me  tira seis mil pesos  y se retiran del punto'   Como consecuencia del tercero,  se genera una Colisión contra Vehículo  tipo CHANA con la parte  izquierda del móvil  En la cual No se presentan  personas lesionadas, Si se generan daños materiales en el móvil , al punto No se presenta policía de Transito  El operador se dirige hacia patio gmovil  Se informa al Técnico de Supervisión de Transmilenio S A  Benjamin Franco por El Regulador de Control de Gmovil SAS WILLIAM IGNACIO VALDERRAMA GONZALEZ  Observaciones: tercero indemniza por los daños y se retira del punto ;0;0;0;5;Sí;WGH563;No;Norte-Sur
203670;14;20 - 21;20:00 - 23:59;2;3;3;6;4;[102] 142;[3400] 142-H-20180924;599366;518387;Operador reporta que con el móvil a su cargo realizando la tabla 17 viaje 5, presenta un evento con las siguientes características: el móvil se desplazaba en el Recorrido, cuando según versión del Operador: 'transito por la calle 69 omito un pare y colisiono un vehículo '   Como consecuencia de la maniobra,  se genera una Colisión contra Vehículo   En la cual No se presentan personas lesionadas, al punto Si se presenta policía de Tránsito,Si se generan daños materiales en el móvil y el tercero  Operador se desplaza con el móvil hacia patio Gmovil, le envían que se desplace por sus propios medios   Se informa al Técnico de Supervisión de Transmilenio S A  Benjamin Franco por El Regulador de Control de Gmovil SAS SONIA CONSTANZA CORREA RODRIGUEZ  Observaciones: Asiste recomoto de la empresa al punto y se realiza Informe Policial de Accidente de Tránsito con causal 112 (omite señal de pare) para el operador ;0;0;0;5;No;WGH564;No;Orien-Occi
203737;15;10 - 11;08:00 - 11:59;4;3;3;6;4;[118] 403A;[3128] 403A_20180402_UNICENTRO;598095;519903;Operador reporta que con el móvil a su cargo realizando la tabla 6 viaje 2, presenta un evento con las siguientes características: el móvil se desplazaba en el Recorrido por el Carril, cuando según versión del Operador: El señor del urbano pasa y me rompe el espejo  Como consecuencia de la maniobra realizada,se genera una Colisión contra Bus de TPC   En el evento no se presenta personas lesionadas  Si se generan daños materiales en el zonal  No se presenta policía de transito  El operador se dirige  hacia patio zonal de Gmovil, le envían que se desplace por sus propios medios  Se informa al Técnico de Supervisión de Transmilenio S A  Crisanto Ortiz por El Regulador de Control de Gmovil SAS WILSON ABEL TORRES FAJARDO  Observaciones: La abogada de la empresa realiza conciliación a favor del operador ;0;0;0;5;Sí;VEX069;No;Orien-Occi
203742;15;10 - 11;08:00 - 11:59;3;3;3;6;4;[7] SE10;[2863] SE10_20170808;603139;512515;"Operador reporta que con el móvil a su cargo realizando la tabla 14 viaje 2, presenta un evento con las siguientes características: el móvil se desplazaba en el Recorrido por el Carril, cuando según versión del Operador: Voy por mi carril, un taxi se pega al móvil y lo golpea por parte Izquierda central  Como consecuencia del tercero, se genera una Colisión contra Taxi  con la parte Lateral Izquierda del móvil  En la cual No se presentan personas lesionada  Si se generan daños materiales en el móvil y el tercero  Al punto si se presenta policía de Transito  El operador se dirige  hacia patio zonal de Gmovil, le envían que se desplace por sus propios medios  Se informa al Técnico de Supervisión de Transmilenio S A  Crisanto Ortíz por El Regulador de Control de Gmovil SAS ARNOLD CASTILLA RODRIGUEZ  Observaciones: Al punto se desplaza recomoto de la empresa y realiza conciliación en contra de Gmovil SAS       
";0;0;0;5;Sí;VEY408;No;Sur-Norte
203768;15;14 - 15;12:00 - 15:59;2;3;3;6;4;[118] 403A;[3128] 403A_20180402_UNICENTRO;607191;518716;Operador reporta que con el móvil a su cargo realizando la tabla 2 viaje 4, presenta un evento con las siguientes características: el móvil se encontraba en el Paradero , cuando según versión del Operador: 'me encontraba en el paradero cuando siento un golpe en la parte de atrás, una camioneta nissan me colisiono'   Como consecuencia del tercero,  se genera una Colisión contra Vehículo Particular 'NISSAN ' con la parte Trasera Central del móvil  En la cual No se presentan  personas lesionadas, Si se generan daños materiales en el móvil y el tercero, al punto No se presenta policía de Transito El operador se dirige Con el Móvil hacia Patio Gmovil, le envían que se desplace por sus propios medios  Se informa al Técnico de Supervisión de Transmilenio S A  francy sierra por El Regulador de Control de Gmovil SAS CYNTHIA YURANI RODRIGUEZ MARTINEZ  Observaciones:Asiste recomoto de la empresa al punto y realiza conciliación ;0;0;0;5;Sí;WGH560;No;Sur-Norte
203770;15;14 - 15;12:00 - 15:59;2;3;3;6;4;[395] Z7;[2994] Z7_1H_20180226;607606;524121;"Operador reporta que con el móvil a su cargo realizando la tabla 1 viaje 5, presenta un evento con las siguientes características: el móvil se desplazaba en el Recorrido, cuando según versión del Operador: ' Particular golpea zonal en la parte trasera derecha'   Como consecuencia del tercero,  se genera una Colisión contra Vehículo con la parte Trasera Derecha del móvil  En la cual No se presentan  personas lesionadas, Si se generan daños materiales en el móvil y el tercero, al punto Si se presenta policía de Transito  Móvil se desplaza a patio gmovil  Se informa al Técnico de Supervisión de Transmilenio S A  Francy Sierra por El Regulador de Control de Gmovil SAS ANDRES CAMILO VALENCIA MARIN  Observaciones: Asiste recomoto de la empresa al punto y realiza conciliación cada uno asume daños       
";0;0;0;5;Sí;VEQ973;No;Norte-Sur
203780;15;14 - 15;12:00 - 15:59;6;3;3;6;4;[312] 442;[3294] 442_20180730_V-H;595484;520594;"Operador reporta que con el móvil a su cargo realizando la tabla 14 viaje 6, presenta un evento con las siguientes características: el móvil se desplazaba en el Recorrido , cuando según versión del Operador: ' Iba en ruta y zonal de consorcio z10-2013 colisiona por la parte de atrás al padrón '   Como consecuencia del tercero,  se genera una Colisión contra Bus del SITP  En la cual No se presentan  personas lesionadas, Si se generan daños materiales en el móvil y el tercero, al punto Si se presenta policía de Transito  Operador se desplaza a punto de inicio de ruta Se informa al Técnico de Supervisión de Transmilenio S A  Samir sechague por El Regulador de Control de Gmovil SAS VICTOR LOPEZ MENDEZ  Observaciones:Se realiza Informe Policial de Accidente de Tránsito con causal 134 (reversa imprudente) para gmovil y 121 (Distancia de seguridad) para tercero      
      
       
            
       
       
  
";0;0;0;5;No;WNS660;No;Occi-Orien
202890;8;13 - 14;12:00 - 15:59;1;1;3;5;1;[737] R634;[3415] VUELTA V.5;607021;518290;Tabla 12 / Viaje 7 operador informa que dos peatones dicutian en anden/ el señor empuja a la señora y ella cae en la via mientras operador pasaba por la via generando accidente/ tercero señora de aproximadamente 55 años/ con herida abierta en la cabeza/ se encuentra conciente/ tercero (hombre ) se da a la fuga/ se solicita ambulancia/ se envia recomoto al punto/Se genera IPAT con causal 411 para el peaton/zonal inmovilizado/ Reportado por el TCZ de ETIB - Diana Arias/ Reportado al TS del Ente Gestor - Carlos Ordoñes;0;1;0;1;No;WEV617;No;Norte-Sur
203775;15;15 - 16;12:00 - 15:59;2;3;3;6;4;[117] 674;[240] 674-1;599515;507938;"Operador reporta que con el móvil a su cargo realizando la tabla 37 viaje 5, presenta un evento con las siguientes características: el móvil se desplazaba en el Recorrido , cuando según versión del Operador: ' Un furgón me adelanta cerrando y me golpea'   Como consecuencia del tercero,  se genera una Colisión contra Vehículo  con la parte Lateral Derecha del móvil  En la cual No se presentan  personas lesionadas, Si se generan daños materiales en el móvil y el tercero, al punto Si se presenta policía de Transito, Operador se desplaza a patio Gmovil  Se informa al Técnico de Supervisión de Transmilenio S A  Elkin Martinez por El Regulador de Control de Gmovil SAS GERSON JAMIR RAMIREZ GUTIERREZ  Observaciones:Asiste recomoto de la empresa al punto y se realiza Informe Policial de Accidente de Tránsito con causal 103 (adelantar cerrando)para ambos vehículos       
";0;0;0;5;No;WEX125;No;Sur-Norte
202893;8;14 - 15;12:00 - 15:59;2;1;3;5;1;[120] 787_A;[3504] 787A_IDA.V2;597863;512576;Tabla 4 / Viaje 5/ el operador reporta que un furgon lo cierra por el costado izquierdo  colisionandolo el operador manifiesta estar herido con dolor fuerte en el hombro izquierdo /hace presencia Personal de Tránsito y Ambulancia/ con valoración y posterior traslado a Clínica cercana/Personal de Tránsito efectúa Procedimiento de Tránsito /con causal 103(adelantar cerrando)/para el tercero/zonal se dirige para Patio San Bernardino por sus propios medios con operador de reserva/Reportado por el TCZ de ETIB - Sanchez Albarracin Luisa Fernanda/ Reportado al TS del Ente Gestor - Angelica Bernal;0;1;0;1;No;WGH816;No;Occi-Orien
203779;15;16 - 17;16:00 - 19:59;15;3;3;6;4;[32] P500;[2964] P500_20171030;604688;516063;"Operador reporta que con el móvil a su cargo realizando la tabla 5 viaje 6, presenta un evento con las siguientes características: el móvil se desplazaba en el Recorrido, cuando según versión del Operador: ' Iba en mi carril y el sr de la carretilla de gaseosas, iba en la mitad de la vía y por sobrepasarme con el peso del carrito le pegan al bus y se le caen las gaseosas Como consecuencia de la maniobra realizada, se genera una Colisión contra carreta de gaseosas  En la cual No se presentan  personas lesionadas, Si se generan daños materiales en el tercero, al punto No se presenta policía de Transito Operador se desplaza a punto de inicio de ruta  Se informa al Técnico de Supervisión de Transmilenio S A  Francy Sierra por El Regulador de Control de Gmovil SAS VICTOR LOPEZ MENDEZ  Observaciones: tercero se retira con sus daños        
";0;0;0;5;Sí;WNS659;No;Sur-Norte
203783;15;16 - 17;16:00 - 19:59;2;3;3;6;4;[222] 801.;[3430] 801_2_CL183;596215;520084;Operador reporta que con el móvil a su cargo realizando la tabla 2 viaje 8, presenta un evento con las siguientes características: el móvil se desplazaba en el Recorrido , cuando según versión del Operador: ' Tercero se pasa el Pare y lo colisiono en la parte lateral derecha '   Como consecuencia del tercero,  se genera una Colisión contra Vehículo 'Kia' con la parte Lateral Derecha del móvil  En la cual No se presentan  personas lesionadas, Si se generan daños materiales en el móvil y el tercero, al punto Si se presenta policía de Transito El operador se dirige  hacia patio gmovil   Se informa al Técnico de Supervisión de Transmilenio S A  Francy Sierra  por El Regulador de Control de Gmovil SAS BRYAN ANDRES GUZMAN ROJANO  Observaciones:Asiste recomoto de la empresa al punto y se realiza Informe Policial de Accidente de Tránsito con causal 132 (no respetar prelacion) para el tercero ;0;0;0;5;No;WEW808;No;Sur-Norte
203855;16;8 - 9;08:00 - 11:59;2;3;3;6;4;[503] 702;[3017] 702_20180129;595165;514488;Operador reporta que con el móvil a su cargo realizando la tabla 6 viaje 2, presenta un evento con las siguientes características: el móvil se desplazaba en el Recorrido por el Carril, cuando según versión del Operador: Voy por mi carril y una volqueta rompe el espejo Izquierdo y se da a la fuga  Como consecuencia del tercero,  se genera una Colisión contra una Volqueta con la parte Delantera Izquierda del móvil  En la cual No se presentan persona lesionadas, Si se generan daños materiales en el móvil  Al punto No se presenta policia de Transito  El operador se dirige  hacia patio zonal de Gmovil, le envían quie se desplace por sus propios medios  Se informa al Técnico de Supervisión de Transmilenio S A  Crisanto Ortiz por El Regulador de Control de Gmovil SAS ARNOLD CASTILLA RODRIGUEZ  Observaciones: Segun informa el operador el conductor de la volqueta le da dinero por el espejo y se retira del sitio;0;0;0;5;Sí;VEB769;No;Norte-Sur