Id_accidentalidad;seq_fecha;franja_horaria;r-franja;seq_tipo_accidente;seq_afectación;seq_tipo_servicio;seq_empresa_operadora;concesion;linea;ruta;coordenada_X;coordenada_Y;desp_suceso;num_lesionados _valorados;num_lesionados _trasladados;num_víctimas_fatales;gravedad_afectados;conciliación;placa;inmovilizado;sentido
202743;7;15 - 16;12:00 - 15:59;6;3;3;7;5;[9] R_13;[1497] RUTA13_V2;591829;511591;"Tabla: 1/ Viaje: 5/ Detalle: Operador reporta que esta en el paradero desalimentando y el zonal Z25-4434 lo cierra y se da la colision, no se presentan lesionados/ CONCLUSION: Tercero asume responsabilidad, zonales continuan el recorrido/ Reportado a: Humberto Sanchez Tecnico supervisor TM S A 
";0;0;0;5;No;WCL524;No;Norte-Sur
202754;7;15 - 16;12:00 - 15:59;9;3;3;7;5;[640] T163;[1676] 163_IDA;590485;509371;"Tabla: 41/ Viaje: 5/ Detalle : el operador informa que al salir de patio una motociclista se cruza y choca no se presentan lesionados/ Asiste al punto : Aseguradora/ Tipo de asistencia : Se envia asistencia/ Reportado a: Humberto Sanchez Tecnico supervisor TM S A / Conlusion:el tercero se retira del lugar sin suministrar datos el zonal se desplaza a pir perdomo para retomar servicio 
";0;0;0;5;No;WMN083;No;Sur-Norte
202768;7;16 - 17;16:00 - 19:59;2;3;3;7;5;[290] R_Z4;[2227] Z4 ida 130616;607669;521024;Tabla: 9/ Viaje: 3/ Detalle : El operador reporta que se encontraba realizando su recorrido, y un furgon pasa y le rompe el espejo , No se presentan personas lesionadas Concluye/ Tercero se da a la fuga/ Movil se desplaza para patio/ Reportado a: Brandon Vivas Tecnico supervisor TM S A/;0;0;0;5;No;SVS636;No;Sur-Norte
202794;7;19 - 20;16:00 - 19:59;2;3;3;7;5;[593] 593;[3137] 593_HABIL_V3;601237;511349; Tabla: 12/ Viaje: 7/ Detalle : El operador reporta que se encontraba realizando su recorrido y un furgon sale de la calle sin percatar y colisiona al zonal, No se presnetan personas lesionadas/ Concluye, Se realiza contrato de transaccion, Movil se desplaza para patio, Reportado a: Jorge Garcia Tecnico supervisor TM S A/;0;0;0;5;Sí;WGK041;No;Orien-Occi
202846;8;8 - 9;08:00 - 11:59;2;3;3;7;5;[487] 265;[1445] 265_V2;592731;512246;Tabla: 9/ Viaje: 1Operador reporta que realizando recorrido estando en el paradero un vehículo de carga pesada (volqueta) por sobrepasar le invade el carril colisionándolo por la parte delantera costado izquierdo, no hay personas lesionadas /se envia auxiliar víal al punto/Conclusión: se concilia por daños a favor de la concesión, el móvil es desplazado para patio por el operador / Reportado a: Juan Carlos Sanchez Tecnico supervisor TM S A;0;0;0;5;Sí;WGK076;No;Norte-Sur
202856;8;9 - 10;08:00 - 11:59;4;3;3;7;5;[650] T38;[3139] T38_CORTA_V5;588845;512350;"Tabla: 1/ Viaje: 2/Detalle/operador informa que bus de transporte tradicional , al recoger un usuario frena brucamente y al zonal los frenos no le responden y lo colisiona por la parte trasera/ No hay lesionados/ Conclusion/ se realiza contrato de transaccion: zonal espera asistencia de grua en el punto / Reportado a: Juan carlos Sanchez Tecnico supervisor TM S A 
";0;0;0;5;Sí;WEV191;No;Orien-Occi
202895;8;14 - 15;12:00 - 15:59;3;3;3;7;5;[90] R_15;[1501] 15_V2;603635;512964;"Tabla: 23/ Viaje: 3/Detalle : El operador reporta que   se le deslizo el zonal  le pega a un  taxi  en parte delante   no se presenta lesionodos / Asiste al punto : Aseguradora/ Tipo de asistencia : Se envia asistencia/Reportado a: Gloria Chartano Tecnico supervisor TM S A/ Conlusion: el operador realiza la conciliación sin autorizacion  de centro de control  movil  continua  el recorrido  
";0;0;0;5;Sí;VEV689;No;Occi-Orien
202899;8;15 - 16;12:00 - 15:59;9;3;3;7;5;[90] R_15;[2107] 15_V3;603022;513081;"Tabla: 25/ Viaje: 3/ Detalle : El operador reporta que iba saliendo  del paradero  cuando  moto     le sale   sin precaución  y colisiona  en parte izquierda    no se presenta lesionado / Asiste al punto : Aseguradora/ Tipo de asistencia : Se envia asistencia/ Reportado a: Gloria Chartano Tecnico supervisor TM S A/ Conlusion:se genera Ipat con causal 121 ( no mantener distacia  de seguridad) para el operadora/ movil se dirije para patio 
";0;0;0;5;No;VEP446;No;Orien-Occi
202900;8;15 - 16;12:00 - 15:59;2;3;3;7;5;[90] R_15;[2107] 15_V3;603603;512414;"Tabla: 31/ Viaje: 1/ Detalle : el operador reporta que  particular    se pasa el pare lo colisiona  en    parte  de atrás  no   se  presenta lesionado / Asiste al punto : Aseguradora/ Tipo de asistencia : Se envia asistencia/Reportado a: Gloria Chartano Tecnico supervisor TM S A/ Conlusion: Se deja póliza a disposición a favor de Masivo CapitaL ,
movil se dirije para patio ";0;0;0;5;Sí;SWS194;No;Norte-Sur
202913;8;16 - 17;16:00 - 19:59;2;3;3;7;5;[640] T163;[3004] T163_IDA_SN_V4;602341;510392;"Tabla: 33/ Viaje: 5 Detalle : el operador informa que un automovil que se encuentra sobre el paso peatonal al tratar de bajar a la via  coliciona eñ zonal no se prtesentan lesionados / Asiste al punto : Jaime Carranza - Tecnico de seguridad vial/ Reportado a: Gloria Chartano Tecnico supervisor TM S A/ / Conlusion: el tercero se retira del lugar sin suministrar datos el zonal continua recorrido 
";0;0;0;5;No;WMN348;No;Sur-Norte
202947;8;19 - 20;16:00 - 19:59;3;3;3;7;5;[68] R_14;[1498] NORMAL;595742;511884;"Tabla: 5/ Viaje: 6/ Detalle: Operador reporta que va en su recorrido y un taxi lo detiene diciendo que metros atrás lo colisiono, no se presentan lesionados  CONCLUSION: Se realiza informe de transito con responsabildad compartida, cuasal 157 ""OTRAS"" para ambos/ Asiste al punto: Jose Gomez - Tecnico de seguridad vial/ Tipo de asistencia: Se envia asistencia/ Reportado a: Jorge Ruiz  Tecnico supervisor TM S A 
";0;0;0;5;No;VEA739;No;Orien-Occi
202969;8;21 - 22;20:00 - 23:59;2;3;3;7;5;[521] 166;[2648] 166_HABIL_V3;595290;513164; Tabla: 14/ Viaje: 3 Detalle:Operador informa que estaba realizando un  giro a izquierda un particular lo impacta por costado izquierdo parte  trasera del móvil ,  no hay lesionados, / Asiste al punto: No requeire asistencia/ Tipo de asistencia: Continua con su recorrido/Conclucion  el tersero se da a la fuga el movil continua en ruta /  Reportado a: Jorge Ruiz Tecnico supervisor TM S A ;0;0;0;5;No;WDE100;No;Norte-Sur
202994;9;7 - 8;04:00 - 07:59;2;3;3;7;5;[799] C33A;[3118] C33A_Normal;596299;511771;Tabla: 19/ Viaje: 1/ el operador informa que en su recorrido un vehículo particular  colisiona al móvil por el costado derecho, noi se presenta lesionados/ Asiste al punto: Leonidas Bernal - Tecnico de seguridad vial/ Reportado a: Juan Carlos Sanchez Tecnico supervisor TM S A/ Conclusión: Se realiza contrato de transacción, operador se desplaza con el móvil para patio Magdalena ;0;0;0;5;Sí;WGI534;No;Occi-Orien
203013;9;8 - 9;08:00 - 11:59;2;3;3;7;5;[9] R_13;[1497] RUTA13_V2;601472;510263;"tabla 13/ Viaje: 2/ Detalle: el operador informa que se encuentra por el carril central al intentar tomar el carril derecho para aproximar al paradero un vehiculo particular no toma la distancia y colisiona al zonal en la parte trasera, no hay lesionados/ Asiste al punto: Javier Sanchez - Tecnico de seguridad vial/ Tipo de asistencia: Se envia asistencia/ conclusion: se concilia a favor del tercero/ el movil se desplaza para patio porvenir/ Reportado a: Juan Carlos Sanchez Tecnico supervisor TM S A 
";0;0;0;5;Sí;WCL549;No;Orien-Occi
203014;9;9 - 10;08:00 - 11:59;6;3;3;7;5;[377] R_108;[2887] RUTA 108_VUELTA_NS_HABIL;590651;509326;Tabla: 5/ Viaje: 2/ El operador informa que estaba estacionado para entrar a patio y pasa un zonal de la concesión ETIB y colisiona al móvil, no se presenta lesionados, operador no asume responsabilidad porque estaba detenido en el punto/ Tipo de asistencia: Se envia recomoto al punto/  Reportado a: Juan Carlos Sanchez Tecnico supervisor TM S A/ Conclusión: se realiza contrato de transacción, operador se desplaza con el móvil a patio Bosa Centro ;0;0;0;5;Sí;WEV200;No;Norte-Sur
203020;9;9 - 10;08:00 - 11:59;2;3;3;7;5;[640] T163;[3005] T163_VTA_NS_V4;606878;517807;Tabla 19 viaje 02/El operador indica que un particular lo detiene y le dice que cuadras atras lo colisiono,cuando el operador por fonia argumenta que el en ningun momento lo colisiona/No hay lesionados/ CONCLUSIÓN/Llega la autoridad de tránsito registra las medidas respectivas e indica que no hay diagrama vehículos porque no hay posición final en el lugar del impacto,se realiza el respectivo informe de transito con causal 157 (Otra) para el tercero/ El zonal se dirige para patio porvenir/ Se envia asistencia al punto/Reportado a Juan Carlos Sanchez Supervisor de TMSA e ;0;0;0;5;No;WMN077;No;Norte-Sur
203051;9;13 - 14;12:00 - 15:59;7;1;3;6;4;[280] 492;[3179] 492_20180430;602409;513182;"Operador reporta que con el móvil a su cargo realizando la tabla 8 viaje 4, presenta un evento con las siguientes características: el móvil se desplazaba en el Recorrido por el Carril, cuando según versión del Operador: Al coger un hueco el móvil salta y una usuaria se golpea con la silla  Como consecuencia de la maniobra realizada, se genera una Caída de Usuario  En la cual Si se presenta una persona lesionada ( Usuaria), no se presentan daños materiales en el zonal 
Al punto si se presenta policía de Transito  El operador se desplaza con el móvil hacia la Uri de Puente Aranda y después hacia patios de Transito de Álamos se desplaza con asistencia grúa de movilidad  Se informa al Técnico de Supervisión de Transmilenio S A  Samir Sechague por El Regulador de Control de Gmovil SAS ANDRES CAMILO VALENCIA MARIN  Observaciones: Al punto se desplaza abogado de la empresa  La ambulancia realiza valoración y traslado de la afecta a centro medico  Policía de Transito realiza informe Policial de Accidente de Transito causal 308 ( Otras ) en contra del mal estado de la vía     ";0;1;0;1;No;SMS923;No;Occi-Orien
203037;9;12 - 13;12:00 - 15:59;2;3;3;7;5;[640] T163;[3005] T163_VTA_NS_V4;602859;516148;"Tabla: 46/ Viaje: 2/ El operador informa informa que en su recorrido un camión pasa a gran velocidad y alcanza a romper el espejo retrovisor izquierdo, no se presentas lesionados, el tercero se da a la fuga y el operador continua recorrido con el espejo pequeño (luna)/ Reportado a: Gloria Chartano Tecnico supervisor TM S A 
";0;0;0;5;No;WMN441;No;Norte-Sur
203040;9;12 - 13;12:00 - 15:59;2;3;3;7;5;[238] 111;[552] IDA;601424;500806;"Tabla: 14/ Viaje: 4/ Detalle : El operador reporta que  iba subiendo  cuando una  volqueta  pasa  sin  precaución    con la parte  de  atrás  le colisiona en la parte  derecha  de abajo  del zonal  se da a la fuga   no se presenta lesionado  / Asiste al punto : móvil Continua con su recorrido Reportado a: Gloria Chartano Tecnico supervisor TM S A/  
";0;0;0;5;No;WDE099;No;Sur-Norte
203043;9;12 - 13;12:00 - 15:59;2;3;3;7;5;[377] R_108;[2887] RUTA 108_VUELTA_NS_HABIL;606109;519238;"Tabla: 4/ Viaje: 4/ El operador informa que al salir del paradero un carro particular que estab mal estacionado lo alcanza achocar, el terceo le hace reclamo indicando que el operador se iba a dar a la fuga, pero el operador le reclama y le dice que no se está dando a  la fuga y que llame a tránsito para solcionar el inconveniente, finalmente el tercero se da a la fuga y el operador continua recorrido, e el hecho no se presenta lesionados/  Reportado a: Gloria Chartano Tecnico supervisor TM S A 
";0;0;0;5;No;VDP861;No;Norte-Sur
203069;9;15 - 16;12:00 - 15:59;6;3;3;7;5;[390] R_E46_;[2224] vuelta 130616;598551;513404;"Tabla: 33/ Viaje: 2/ Detalle: Operador informa que iba cambiar de carrir y con la  parte de atrás impacta le rompe el brazo de la puerta, operador no informa de la novedad a tiempo sin autorizacion mueve el vehiculo, no hay lesionados el movil continua en ruta / Asiste al punto: No requiere asistencia/ Tipo de asistencia: Continua con su recorrido/  Reportado a: Gloria Chartaro Tecnico supervisor TM S A 
";0;0;0;5;No;VEY437;No;Orien-Occi
203066;9;15 - 16;12:00 - 15:59;6;3;3;7;5;[487] 265;[1445] 265_V2;599738;514830;"Tabla: 34/ Viaje: 1 Detalle: Operador reporta que un zonal de la ruta c105 zonal 704634 realiza maniobras peligrosas cerrando al operador y rozando el espejo retrovisor y se da a la fuga , movil continua recorrido Reportado a: Gloria Chartano Tecnico supervisor TM S A 
";0;0;0;5;No;WGK031;No;Norte-Sur
203078;9;16 - 17;16:00 - 19:59;2;3;3;7;5;[369] R_603B;[3141] 603B_V3;596441;513645;Tabla: 16/ Viaje: 3/ operador informa: El conductor de un vehículo particular, no guarda distancia de seguridad e impacta el zonal  No hay lesionados  Se solicita asistencia al punto  Posteriormente autoridad de transito genera documento ipat con causal 121(NO MANTENER DISTANCIA DE SEGURIDAD),para el operador de Masivo Capital  Posteriormente el operador se desplaza por sus medios con el zonal para patio Tierra Buena  Reportado a: Angelica Maria BERNAL CARRILLO Tecnico supervisor TM S A ;0;0;0;5;No;WEV197;No;Norte-Sur
203082;9;16 - 17;16:00 - 19:59;13;3;3;7;5;[240] 910;[2471] 910_IDA_V3;591801;512724;"Tabla: 4/ Viaje: 5/ Operador reporta: El conductor de un bicitaxi, no guarda distancia de seguridad, impacta contra el zonal y posteriormente golpea un taxi que se encuentra estacionado  No hay lesionados  Se solicita asistencia al punto  Posteriormente se realiza tramite de conciliación a favor de la concesión  El operador posteriormente se desplaza por sus medios con el zonal a patio Tierra Buena  Reportado a: Martha Yaneth AMADO CADENA Tecnico supervisor TM S A 
";0;0;0;5;Sí;VDT244;No;Occi-Orien
203137;10;7 - 8;04:00 - 07:59;13;3;3;7;5;[377] R_108;[923] RUTA 108 IDA HABIL;596859;509265;"TABLA  2, VIAJE  3,Operador indica que esta en recorrido, cuando un motociclista en estado embriaguez choca a un vehiculo particular y cae, al levantarse golpea el zonal, no se presenta herida abierta, al punto llega policia de transito quienes solicitan ambulancia  la cual nunca hace presencia,transito establece que el motociclista tiene responsabilidad por transitar entre vehiculos, el señor del del automovil desiste de realizar cualquier reclamación al motociclista,con zonal  se realiza conciliación  y se dirige a patio Bosa centro 
reportado a Jhon Jairo Lopez Técnico supervisor de TMSA ";0;0;0;5;Sí;VDM439;No;Occi-Orien
203143;10;8 - 9;08:00 - 11:59;2;3;3;7;5;[390] R_E46_;[2223] ida 130616;599641;514654;"Tabla: 25/ Viaje: 1/ Detalle: Operador reporta que en recorrido un particular cierra el zonal y colisionan no hay lesionados se envia asistencia - Abogado   conclusion :se recibe carta de invitación por parte de seguros bolivar, a favor de masivo , movil se dirige para patio   Reportado a: Jhon Jairo Lopez Tecnico supervisor TM S A 
";0;0;0;5;Sí;TUO703;No;Sur-Norte
203154;10;9 - 10;08:00 - 11:59;2;3;3;7;5;[90] R_15;[2107] 15_V3;590517;510891;Tabla: 6/ Viaje: 2/Operador reporta que realizando recorrido por el carril izquierdo un vehículo particular que por adelantar le invade el carril cerrando ocasionando que lo colisione por la parte trasera costado izquierdo, no hay personas lesionadas, tercero se da a la fuga y el operador continua con el recorrido/;0;0;0;5;No;WCL539;No;Norte-Sur
203204;10;17 - 18;16:00 - 19:59;2;3;3;7;5;[159] Z12;[3022] R_Z12_NORMAL_V5;596425;507821;Tabla: 10/ Viaje: 5/ El operador informa que en su recorrido un vehículo particular al intentar entrar al carril por donde va el móvil colisiona por la parte delantera izquierda del zonal, no se presenta lesionados/ Asiste al punto: Javier Sanchez - Tecnico de seguridad vial/ Reportado a: Ginna Torres Tecnico supervisor TM S A/ Conclusión: Se realiza contrato de transacción, operador se desplaza con el móvil para patio San Bernardino ;0;0;0;5;Sí;VEW880;No;Orien-Occi
203242;10;23 - 0;20:00 - 23:59;2;3;3;7;5;[779] T30A;[3142] T30A_Normal_V2;594694;511144;Tabla  13  viaje  4  Operador  informa que en la vía había  un taxi estacionado por lo que intenta dar reversa y en ese momento colisiona con un automóvil que iba atrás, no se presentan  personas lesionadas, al punto se envía asistencia de aseguradora,  reportado a  Elkin Martínez  Conclusión: Se realiza conciliación, operador se dirige con zonal para patio  tierra buena       ;0;0;0;5;Sí;WDE061;No;Orien-Occi
203272;11;13 - 14;12:00 - 15:59;2;3;3;7;5;[159] Z12;[3023] R_Z12_CICLOVIA_V5;595396;508010; Tabla: 8/ Viaje: 3/ Detalle : El operador reporta  que iba en recorrido y  un particular  invade el  carril por  esquivar a  un tercero  que se encontraba parqueado y colisiona con el  zonal/ no se presentan personas lesionadas/ el  movil  queda a la espera de asistencia  / Asiste al punto : Heiber Contreras - Tecnico de seguridad vial/  Reportado a: Fernando  Forero  Tecnico supervisor TM S A/ Concluye:Se lenvanta  informe  de transito con causal (103 Adelantar cerrando)para el  tercero/ el movil  de desplaza con rutero  en  transito a patio  san bernardino ;0;0;0;5;No;WDE103;No;Orien-Occi
203291;11;18 - 19;16:00 - 19:59;2;3;3;7;5;[521] 166;[2648] 166_HABIL_V3;588791;512371;Tabla 10 viaje 5 el operador informa que un señor de una chana pasa muy cerca y le golpea el espejo, sin lesionados, se envía  Técnico de seguridad vial, Reportado a Técnico Supervisor: Iván Escobar (T M S A ) conciliación: a favor de masivo capital, el zonal se desplaza a patio San Bernardino    ;0;0;0;5;Sí;VDT445;No;Norte-Sur
203316;12;10 - 11;08:00 - 11:59;6;3;3;7;5;[559] 722;[1904] 722_CICLOVÍA_V3;599730;514767;Tabla: 2/ Viaje: 3/ Operador informa que no guarda distancia de seguridad e impacta por la parte posterior a un zonal de la concesión EEMB, no hay lesionados, se solicita asistencia al punto  Posteriormente se realiza conciliación entre empresas, en la que cada cual asume sus daños  Reportado a: Andres Mauricio MUÑOZ MORALES Tecnico supervisor TM S A ;0;0;0;5;Sí;VDO967;No;Sur-Norte
203338;12;14 - 15;12:00 - 15:59;9;3;3;7;5;[90] R_15;[2107] 15_V3;590263;511211;"Tabla: 3/ Viaje: 5/ Detalle: Operador informa que va en recorrido en el punto se encuentra una moto mal estacionada  realiza la aproximación y al canza a colisionar, no se presentan lesionados  Llega motociclista a realizar reclamación pero se encuentra en estado de embriaguez, CONCLUSION: Tercero se retira del punto, movil Continua con su recorrido/  Reportado a: Fernando Forero Tecnico supervisor TM S A 
";0;0;0;5;No;WGI569;No;Sur-Norte
203421;13;11 - 12;08:00 - 11:59;2;3;3;7;5;[480] 162;[3140] 162_V5;594113;510401;"Tabla: 5/ Viaje: 5/ Detalle: Operador reporta que en recorrido golpea a un particular  , no hay lesionados se envia asistencia / Asiste al punto: Conclusion : Tercero se da a la fuga, movil continua recorrido / Reportado a: Jorge Ruiz Tecnico supervisor TM S A 
";0;0;0;5;No;WEV188;No;Occi-Orien
203423;13;11 - 12;08:00 - 11:59;2;3;3;7;5;[485] 188;[2063] 188_V3;596126;509811;"Tabla: 21/ Viaje: 2/ Detalle: el operador informa que se encuentra por el carril derecho, cuando un vehiculo particular intenta salir sin precaucion y colisiona el zonal en el faldon costado derecho, no hay lesionados/ Asiste al punto: Jaime Carranza - Tecnico de seguridad vial/ Tipo de asistencia: Se envia asistencia/ Conclusion el tercero se da a la fuga/ movil se desplaza a patio/ Reportado a: Carlos Santamaria Tecnico supervisor TM S A 
";0;0;0;5;No;VFD337;No;Occi-Orien
203425;13;12 - 13;12:00 - 15:59;4;3;3;7;5;[650] T38;[3139] T38_CORTA_V5;589518;511775;"Tabla: 5/ Viaje: 3/ Detalle: Operador informa que un bus de trasporte tradicional lo impacta y se da la fuga, no hay lesionados el movil continua en ruta / Asiste al punto: No requeire asistencia/ Tipo de asistencia: Continua con su recorrido /  Reportado a: Jorge Ruiz Tecnico supervisor TM S A 
";0;0;0;5;No;VDK039;No;Norte-Sur
203427;13;12 - 13;12:00 - 15:59;2;3;3;7;5;[593] 593;[3137] 593_HABIL_V3;589617;511812;Tabla: 12/ Viaje: 3/ Detalle : Operador informa que se encontraba estacionado y un particular no mide distancia y lo colisiona por la parte derecha, no hay lesionados/Conclusión/ se dialoga con el tercero y se le explica su responsabilidad,al estar adelantando cerrando la trayectoria del zonal, se realiza conciliación, zonal enviado a patio San Bernardino Reportado a: Carlos Santamaria Tecnico supervisor TM S A/;0;0;0;5;Sí;WGK023;No;Norte-Sur
203463;13;18 - 19;16:00 - 19:59;3;3;3;7;5;[799] C33A;[3118] C33A_Normal;596546;510682;"Tabla: 27/ Viaje: 3/ Detalle: Operador reporta que girando, un taxi viene de frente y choca al zonal, no hay lesionados/ Asiste al punto: Andres Duran - Técnico de seguridad vial/ Conclusión: se realiza informe de accidente ya que el tercero así lo requiere, zonal se va para patio/ Codifican al tercero con 122 (No mantener distancia) y 103 (adelantar cerrando) Reportado a: Juan Carlos sanchez Tecnico supervisor TM S A 
";0;0;0;5;No;WGI585;No;Orien-Occi
203523;14;0 - 1;01:00 - 03:59;5;3;3;7;5;[640] T163;[3005] T163_VTA_NS_V4;590581;509313;Ruta: TRANSITO / Detalle : el operador indica que el esta ingresando para abastecer combustible y en el punto se encuentra el alimentador BO117 de etib y lo colisiona no se presentan lesionados el operador de masivo capital asume responsabilidad y el movil se dirige a patio bosa centro  / Reportado a: Daniel Torres  Tecnico supervisor TM S A ;0;0;0;5;No;WMN387;No;Orien-Occi
203534;14;6 - 7;04:00 - 07:59;2;3;3;7;5;[605] P7;[3487] P7_IDA_V2;600741;505536;"Tabla: 3/ Viaje: 3/ Detalle: Operador  informa el operado va en ruta y carro particular se pasa el pare y lo colisiona ,no se presentan  lesionados , el tercero se da a la fuga el movil continua en recorrido / Asiste al punto: Heiber Contreras - Tecnico de seguridad vial/Reportado a: Jorge Gutierrez Tecnico supervisor TM S A 
";0;0;0;5;No;WGK013;No;Orien-Occi
203546;14;8 - 9;08:00 - 11:59;2;3;3;7;5;[822] T54;[3339] T54_V1;591833;514320;"Tabla: 5/ Viaje: 9/  Detalle: Operador reporta que ingresando a patio se encontraban sacando un vehiculo de un parqueadero y golpea al zonal por un costado no hay lesionados se envia asistencia/ Conclusion: Se realiza contrato de transaccion , movil para patio  Reportado a: Humberto Sanchez Tecnico supervisor TM S A 
";0;0;0;5;Sí;WEV174;No;Occi-Orien
203549;14;8 - 9;08:00 - 11:59;18;3;3;7;5;[834] 112A;[3385] 112A_Normal_V1;591393;510545;"Tabla: 2/ Viaje: 2/ Detalle: el operador informa que se encontraba tomando una curva no mide bien la distancia y con un tubo golpea el faldon del zonal, no hay lesionados/ Asiste al punto: No requeire asistencia/ Tipo de asistencia: Continua con su recorrido / Reportado a: Humberto sanchez Tecnico supervisor TM S A 
";0;0;0;5;No;WCM859;No;Occi-Orien
203552;14;8 - 9;08:00 - 11:59;2;3;3;7;5;[640] T163;[3005] T163_VTA_NS_V4;606058;517703;"Tabla: 12/ Viaje: 2/  Detalle: Operador reporta que se disponia a desalimentar y un particular se le atravieza al zonal  no hay lesioandos se envia asistencia/ Conclusion : SDe realiza acuerdo de pago , movil se dirige para patio  Reportado a: Humberto Sanchez Tecnico supervisor TM S A 
";0;0;0;5;Sí;WMN390;No;Orien-Occi
203559;14;9 - 10;08:00 - 11:59;3;3;3;7;5;[799] C33A;[3118] C33A_Normal;596571;510927;"Tabla: 28/ Viaje: 1 Detalle: Operador reporta que en recorrido un taxi golpea el zonal por un costado no hay lesionados se envia asistencia/ Concluison : Tercero se retira del punto sin dar informacion , movil se dirige para patio   Reportado a: Humberto Sanchez Tecnico supervisor TM S A 
";0;0;0;5;No;WGI525;No;Occi-Orien
203609;14;14 - 15;12:00 - 15:59;2;3;3;7;5;[593] 593;[3137] 593_HABIL_V3;604672;515260;"Tabla: 12/ Viaje: 5/ Detalle: operador informa que va en recorrido  en ese momento que voy  tomando  el giro  el tercero se atraviesa invadiendo carril costado derecho donde colisionamos, conclusion  tercero se da a la fuga , movil continua con su recorrido/  Reportado a: Carlos Santamaria Tecnico supervisor TM S A 
";0;0;0;5;No;WGI647;No;Norte-Sur
203613;14;15 - 16;12:00 - 15:59;2;3;3;7;5;[779] T30A;[3142] T30A_Normal_V2;598796;507351;"Tabla: 10/ Viaje: 4/ el operador informa que estando en la parad ya mencionada un furgon a gran velocidad pasa por el costado izquierdo del móvil y alcanza colisionar, posteriormente se da a la fuga, en el hecho no se presenta lesionados, operador continua su recorrido normal/ Reportado a: Carlos Santamaria Tecnico supervisor TM S A 
";0;0;0;5;No;TUO720;No;Occi-Orien
203690;15;5 - 6;04:00 - 07:59;6;3;3;7;5;[81] R_579;[3135] 579_HABIL_V4;589534;511772;Tabla 18 viaje 1/ Detalle/ el operador informa que un zonal de ETIB Z70-4394 sobrepasa cerrando el paso y colisiona con el zonal, no se reporta lesionados, se envía Tecnico de seguridad vial, Concluye/ Se realiza cuenta de cobro a favor de Masico Capital/ Móvil se desplaza para patio/ Zonal para patio, Reportado a Técnico Supervisor: Brandon Vivas (T M S A ) ;0;0;0;5;Sí;WGK090;No;Sur-Norte
203744;15;11 - 12;08:00 - 11:59;3;3;3;7;5;[640] T163;[3004] T163_IDA_SN_V4;605839;525593;"Tabla: 3/ Viaje: 3/ Detalle: Operador reporta que en recorrido colisiona con un taxi que se encontraba en el costado  , no hay lesionados se envia asistencia/ Asiste al punto:Auxiliar en via   Conclusion : Se conclia con el tercero , movil se dirige para patio / Reportado a: Jorge Ruiz Tecnico supervisor TM S A 
";0;0;0;5;Sí;VDS586;No;Sur-Norte
203752;15;12 - 13;12:00 - 15:59;2;3;3;7;5;[251] R_Z13;[3200] Z13_Vta_SN_V6;595539;510825;"Tabla: 22/ Viaje: 5/ Detalle: Operador informa un conductor de un furgon paricular le ropio el espejo retrovisor derecho ,no hay lesionado /  Reportado a:  Jorge Ruiz Tecnico supervisor TM S A 
";0;0;0;5;No;VEW880;No;Norte-Sur
203787;15;17 - 18;16:00 - 19:59;9;3;3;7;5;[487] 265;[1445] 265_V2;597058;516434;"Tabla: 25/ Viaje: 3/ El operador informa que un motociclista al sobrepasarlo alcanza a chocar contra el móvil por la parte delantera costado izquierdo y se da a la fuga, en el hecho no se presenta lesionados, operador continua su recorrido normal/ Reportado a: Jorge Ruiz  Tecnico supervisor TM S A 
";0;0;0;5;No;WGK011;No;Orien-Occi
203812;15;21 - 22;20:00 - 23:59;6;3;3;7;5;[111] R_7;[2178] R7_IDA_V3;594012;513400;"Tabla 6 viaje 11/El operador indica que un zonal de este es mi bus no guarda distancia y lo colisiona/ No hay Lesionados/ Se envía asistencia al punto/ Reportado a Laura Sánchez Supervisor de TMSA  conclusión : se realiza informe de transito con causal 121""no conservar la distancia de seguridad"" para el tercero, el zonal de masivo capital se desplaza a patio por sus propios medios ";0;0;0;5;No;TUO760;No;Norte-Sur
203821;15;22 - 23;20:00 - 23:59;3;3;3;7;5;[509] 172;[1198] 172;595678;510331;Zonal en trasito:Operador reporta que esta en espera de asistencia por parte de los mecánicos , cuando un taxista lo choca por la parte trasera y se da a la fuga, no se presenta lesionados , se reporta al supervisor Carlos Adriano Sanchez TMSA  ;0;0;0;5;No;VEX883;No;Orien-Occi
203831;16;4 - 5;04:00 - 07:59;3;3;3;7;5;[377] R_108;[923] RUTA 108 IDA HABIL;593547;511200;"Tabla: 4/ Viaje: 1/Detalle : el operador indica que  va llegando al semaforo y un taxi frena brusco y lo colisiona no se presentan lesionados / Reportado a: Humberto Sanchez Tecnico supervisor TM S A/Conlusion:  Se elabora informe tránsito por choque simple con causal (121 no guardar distancia de seguridad) al operador movil se dirige a patio bosa centro     
";0;0;0;5;No;VDO571;No;Sur-Norte
203131;10;6 - 7;04:00 - 07:59;4;2;3;5;1;[837] RP3;[3513] P3 V.3;591532;510084;Tabla 1 / Viaje 2/Operador reporta que él va normal por su carril y un bus del SIP provisional  lo colisiona por la parte  lateral derecho,  se envía asistencia a l punto / se presenta una usuaria con alteración de salud por el impacto/ llega policía realiza informe de transito causal 142 (Semáforo en rojo)para el obús   y para el tercero, la usuaria es valorada y presenta subida de tensión pero  ella firma desistimiento/ zonal se desplaza para el patio / Reportado por el TCZ de ETIB - Diana Castro/ Reportado al TS del Ente Gestor - John Siza;1;0;0;3;No;WGI334;No;Sur-Norte