Id_accidentalidad;seq_fecha;franja_horaria;r-franja;seq_tipo_accidente;seq_afectación;seq_tipo_servicio;seq_empresa_operadora;concesion;linea;ruta;coordenada_X;coordenada_Y;desp_suceso;num_lesionados _valorados;num_lesionados _trasladados;num_víctimas_fatales;gravedad_afectados;conciliación;placa;inmovilizado;sentido
203339;12;15 - 16;12:00 - 15:59;10;1;3;5;1;[3] 496;[3300] 496 V.4;602325;509558;Tabla 7 / Viaje 7 operador reporta que se desplazaba por la calle 19 y pasando los baches que hay en el punto  una menor de edad se el cae dentro del zonal  la menor no presenta herida abierta  y es atendida  y transladada al policlinico del olaya conclusion ipat  y  causal del caso sera enviada el dia martes 13 noviembre 2018 por parte del policia de transito / Reportado por el TCZ de ETIB - Carlos Rivera/ Reportado al TS del Ente Gestor - Gabriel Rodriguez;0;1;0;1;No;WCM761;No;Occi-Orien
202321;3;16 - 17;16:00 - 19:59;2;3;3;8;7;[595] T11;[1513] VUELTA;607512;523840;"Tabla: 42/ Viaje: 4/  Detalle : Operador reporta que un particular pasa y le rompe el espejo, al frenar fuerte el vehiculo que va por detrás lo golpea, no se presentan lesionados/ Asiste al punto : Henry Garzon / Se envia Recomoto al punto/ Reportado a: Fredy Cardona Tecnico supervisor TM S A/  Conlusion: Se realiza contrato de transacción a favor del tercero, zonal se dirige para patio cipres   
";0;0;0;5;Sí;WGK016;No;Sur-Norte
202331;3;17 - 18;16:00 - 19:59;2;3;3;8;7;[789] T52;[2848] T52;604508;525044;Tabla: 2/ Viaje: 27/ Detalle : operador informa que un tercero se orilla en parte derecha para hacer giro y operador adelanta, posteriormente el tercero gira a la izquierda mientras operador  adelanta generando choque, no se presentan lesionados / Asiste al punto: abogado Hermilson Molsalve/ conclusion: tercero se retira del punto movil se desplaza para patio/  Reportado a: Humberto Sanchez Tecnico supervisor TM S A;0;0;0;5;No;VEJ776;No;Occi-Orien
202358;3;20 - 21;20:00 - 23:59;2;3;3;8;7;[537] 953;[3347] 953_Vta_SN_V4;592205;513912;"Tabla: 16/ Viaje: 8/ Detalle: Tránsito hacia el occidente, voy a girar a la izquierda, pasa una Chana y le frena intempestivamente y se golpeó con la parte media del zonal/ Reportado a: Crisanto Ortiz Tecnico supervisor TM S A 
CONCLUSIÓN: Se realizó acuerdo de pago en el punto a favor del tercero, zonal se dirige a patio ";0;0;0;5;Sí;TUO760;No;Orien-Occi
202367;3;21 - 22;20:00 - 23:59;2;3;3;8;7;[394] E70;[2093] E70_VUELTA_V2;599022;498457;Tabla: 23/ Viaje: 6/ operador reporta que un particular lo colisiona por la parte de atrás, no se presentan lesionados, el tercero se da a la fuga movil continua recorrido/ se informa a TS Jhon Jairo Lopez personal de TMSA;0;0;0;5;No;WEV165;No;Occi-Orien
202406;4;16 - 17;16:00 - 19:59;2;3;3;8;7;[253] 736;[2328] 736v2_IDA_CICLOVIA;606767;531668;Tabla: 11/ Viaje: 11/ Detalle : Operador indica que el vehículo particular frena brusco ya que en el punto hay un charco súper grande y lo colisiona por la parte trasera, operador indica que no se presenta heridos / Asiste al punto : Henry Garzon - Tecnico de seguridad vial/ Tipo de asistencia : Se envia Recomoto al punto/  Reportado a: Elkin Matinez  Tecnico supervisor TM S A/ CONCLUYE: llega la autoridad de tránsito  registra las medidas respectivas ordena mover vehículos y genera el respectivo informe de ipat, no sé diagrama al vehículo número uno debido a que fue movido de lugar de impacto, codifican al operador con causal 121 (No mantener distancia de seguridad), zonal se dirige para el patio;0;0;0;5;No;WGK028;No;Norte-Sur
202452;5;12 - 13;12:00 - 15:59;2;3;3;8;7;[824] T55;[3342] T55_Ida_V1;601425;525840;Tabla 2 viaje 21: El operador reporta que un vehículo particular golpea al zonal por el costado izquierdo  trasero y se da a la fuga  No hay lesionados, el operador continúa el recorrido  Reportado  a Elkin Martinez, supervisor TM S A ;0;0;0;5;No;WDE118;No;Sur-Norte
202453;5;13 - 14;12:00 - 15:59;2;3;3;8;7;[55] R_421;[1488] 421_NORMAL;604069;523590;Tabla 2 viaje 4: El operador reporta que el zonal está varado esperando asistencia y un vehículo particular da reversa y lo choca por el costado izquierdo  No hay lesionados, Asiste al punto: Jaime Carranza - Tecnico de seguridad vial/ Reportado a: Elkin Martínez Tecnico supervisor TM S A/ CONCLUSIÓN: Se firma contrato de transacción a favor  Móvil se dirige para patio por sus propios medios ;0;0;0;5;Sí;VEQ413;No;Orien-Occi
202476;5;20 - 21;20:00 - 23:59;6;3;3;8;7;[394] E70;[2827] E70_IDA_SN_V3_PMT;596132;506909;Tabla: 12/ Viaje: 7/ Detalle: Operador informa que el zonal de Gmovil  Z-504349 lo colisiona cuando él estaba realizando el cruce con semaforo en verde/ Asiste al punto: Leonidas Bernal - Tecnico de seguridad vial/ Tipo de asistencia: Se envia Recomoto al punto/  Reportado a: Sandra Suarez Tecnico supervisor TM S A/ Conclusión: Daños compartidos, Movil se dirige para patio colina por sus propios medios ;0;0;0;5;Sí;VEN665;No;Sur-Norte
203364;13;4 - 5;04:00 - 07:59;11;1;3;4;8;[279] C77;[3350] C77_IDA_09.08.18;601949;520480;El operador informa que iba realizado su recorrido normal, siente un golpe en la parte trasera del bus, se baja del bus junto con los usuarios a verificar, manifiesta que al parecer el ciclista se enreda y cae debajo del bus y fallece en via pública, GeSe envian Asistencias al punto  Policia de Tránsito determina que presenta colisión con el ciclista el cual fallece en vía, general informe de tránsito con causales 097 (uso reflectivo) y 099 (transitar via prohibida) para el ciclista y 157 (no estar atento  a los demas usuarios de la via) para el operador  Reporta Fernando Cruz Tecnico Control Zonal a Supervisor Transmilenio Juan David Ortiz;0;0;1;4;No;WLU687;No;Sur-Norte
203365;13;5 - 6;04:00 - 07:59;9;1;3;9;3;[595] T11;[2318] T11_IDA_SN_V3;597344;499735;  Operador   reporta que realizando la tabla 46 viaje 1,   presenta un evento con las siguientes características: el móvil transitaba por el carril  izquierdo se encontraba transitando por su carril cuando  una motocicleta  es cerrada por un vehículo particular  que la lanza contra el zonal    impactando el mismo  al lado derecho  en el evento ,  dos  personas de la motocicleta  solicitan asistencia de ambulancia  , el operador no lleva usuarios ya que esta en tránsito de patio a   cabecera ,  espera asistencia  de la empresa  Se informa al Técnico de Supervisión de Transmilenio S A  Daniel BenavidesTC  óscar bolívar  SUMA S A S se firma desestimiento por parte del tercero ;0;2;0;1;No;WGH203;No;Sur-Norte
202592;6;14 - 15;12:00 - 15:59;2;3;3;8;7;[537] 953;[3346] 953_Ida_NS_V4;599189;501171;Tabla: 18/ Viaje: 5/ Detalle: operador reporta que a la altura de venecia un vehiculo particular pasa por la parte delante del zonal, cuando este se encuentra estacionado  golpeando el zonal por la parte delantera derecha,este realiza fonia pero se le informa que le dicen que no tiene retorno, en eso, el conductor del vehiculo se baja y comienza agredir al operador verbalmente y fisicamente propinandole un golpe en el rostro, los usuarios al ver esto comienza a insultar al tercero  y este se da a la fuga, llegando al cai de venecia este lo alcanza y pide colaboración a Tm10 el cual es ignorado, este informa que queda con dolor de cabeza  Cuando llega al pir revisa el zonal y observa que solo fue traspaso de pintura e informa que se toma una pastilla para el dolor y continua / Reportado a: Andres Muñoz Tecnico supervisor TM S A ;0;0;0;5;No;WEV169;No;Norte-Sur
202622;6;19 - 20;16:00 - 19:59;9;3;3;8;7;[527] 189;[2656] 189_N-S_V4;597840;512696;Tabla 8 viaje 8: El operador reporta que al cambiar de carril motociclista se encuentra en el piso e indica que fue contra el zonal que se ocasíonó la caida/ No se reporta lesionados  se envía tecnico de via al punto,  Heiber Contreras Conclusión: se realiza informe de tránsito, causal 145 para el operador (arrancar sin precaución) Móvil se dirige a patio/  Reportado a: Elkin Martínez Tecnico supervisor TM S A  ;0;0;0;5;No;WDE114;No;Norte-Sur
202629;6;20 - 21;20:00 - 23:59;2;3;3;8;7;[161] R_165;[2533] 165_IDA_SN_V2;601356;519151;"Tabla 29 viaje 7, no hay lesionados, operador informa que en recorrido al realizar parada el vehiculo al ser cerreado por un camion, arrima el vehiculo colisionando al zonal Se envía asistencias se reporta a TS TMSA Adres Muñoz/ Concluye: Se realiza informe de transito con causal 103 ""Adelantar Cerrando"" para masivo, zonal se dirige para patio  ";0;0;0;5;No;WCM968;No;Sur-Norte
203369;13;6 - 7;04:00 - 07:59;7;1;3;5;1;[412] 731;[3085] 731 V.3;603384;512108;Tabla 7 / Viaje 1 El operador reporta caída de 2 ocupantes dentro del zonal, él informa que un ciclista pierde el equilibrio y cae frente al zonal lo que lo obliga a frenar busco, causando la caída de las dos usuarias  Una de ellas se golpea en la cara y la otra en la espalda   Al punto llega agente de tránsito quien realiza el informe policial con la causal 157 para el Zonal (Otra) y la causal 506 para las usuarias (Otra), son atendidas en el sito por paramédico y trasladadas a la clínica de Especialistas, el móvil es inmovilizado por tránsito en los patios de Álamos movilidad / Reportado por el TCZ de ETIB - Vente Sanmiguel Raúl Alexander/ Reportado al TS del Ente Gestor - Miguel Orjuela;0;2;0;1;No;WLT636;No;Occi-Orien
202652;7;5 - 6;04:00 - 07:59;3;3;3;8;7;[527] 189;[2656] 189_N-S_V4;598518;502756;Tabla: 3/ Viaje: 2/ Detalle : Operador informa que iba realizando su ruta, de repente el conductor de  un taxi deja rodar el carro  y hace que colisione al zonal, no hay lesionados/ Conclusion/ Tercero se da a la fuga, zonal continua recorrido/ Reportado a: Jose Contreras Tecnico supervisor TM S A/ ;0;0;0;5;No;WGI563;No;Sur-Norte
202704;7;10 - 11;08:00 - 11:59;2;3;1;8;7;[574] 19-7 CANTABRIA;[2077] 19-7_V3;604736;523513;Tabla: 2/ Viaje: 17/ Detalle: La operadora indica que se desplazaba por la carrera 54 en sentido sur norte y al intentar tomar la calle 152 en sentido occidente oriente un vehículo la adelanta por la derecha e impacta el zonal en el costado lateral derecho / Asiste al punto : Aseguradora Abogado Leonardo García/ Tipo de asistencia : Se envía asistencia/ Reportado a: Gloria Chartano Técnico supervisor TM S A/ CONCLUSIÓN: Se elabora informe de accidente Causal 103 (Adelantar Cerrando) para la operadora  Móvil se dirige por sus propios medios para patio colina ;0;0;0;5;No;WDG201;No;Occi-Orien
202738;7;14 - 15;12:00 - 15:59;2;3;3;8;7;[595] T11;[1511] IDA;593747;501712;Tabla 17 viaje 5, no hay lesionados, operador indica que  al  acelerarlo se me volvió un poco y le pegó a un vehículo que no había guardado la distancia/ No hay lesionados/ reportado a Carlos Sanchez Supervisor TM/ CONCLUSION/ Se realiza conciliacion y zonal se dirige al patio  ;0;0;0;5;Sí;WGK016;No;Sur-Norte
202793;7;19 - 20;16:00 - 19:59;2;3;1;8;7;[578] 19-11 CANÓDROMO;[2743] 19-11_CANÓDROMO_V2;604342;521092;Tabla: 1/ Viaje: 53/  Detalle: operador reporta que va cruzando por la calle y por ambos costados se encuentras varios vehiculos estacionados el cual no alcanza a pasar bien pegandole a uno  de los particulares que se encontraba mal estacionado, No hay lesionados  Reportado a: Jorge Enrique Garcia Sanchez Tecnico supervisor TM S A  conclusión: responsabilidad del Tercero quien se encuentra mal estacionado, este asume sus daños Y se retira el lugar de los hechos concluyendo como tercero en fuga, movil continua recorrido ;0;0;0;5;No;VFD757;No;Orien-Occi
202835;8;6 - 7;04:00 - 07:59;5;3;3;8;7;[253] 736;[571] 736_VUELTA;593311;503439;"Tabla: 15/ Viaje: 2/ operador reporta que a la entrada de paraiso se sube al anden para darle paso a un alimentador de suma numero BC0289 ya que hay obras en el punto y el paso es reducido,  cuando este va pasando el operador del zonal  hace maniobra para bajar del anden y se produce choque simple/ no se presentan lesionados/  Reportado a: Humberto Sanchez Tecnico supervisor TM S A/ Conlusion: cada uno asume sus daños/ zonal y alimentador continuan recorrido 
";0;0;0;5;Sí;WGI610;No;Orien-Occi
203375;13;7 - 8;04:00 - 07:59;10;1;3;7;5;[593] 593;[3137] 593_HABIL_V3;604312;513844;Tabla: 12/ Viaje: 1/ Detalle : Operador informa que se le atraveso una moto, lo cual tuvo que frenar buscamente e hizo que se cayera una señora de 52 años, indica que se pego en la cadera / Asiste al punto Leonidas Bernal recomoto, aseguradora y ambulancia/ Conclusión/ Se realizó procedimiento de tránsito por caída de ocupante, zonal inmovilizado en patio de Álamos, Causal 119 para el operador por frenar bruscamente  Reportado a: Jorge Garcia Tecnico supervisor TM S A/;0;1;0;1;No;WGK026;Sí;Sur-Norte
202842;8;7 - 8;04:00 - 07:59;6;3;3;8;7;[161] R_165;[2533] 165_IDA_SN_V2;595585;511143;Tabla 12 viaje 3, no hay lesionados  Operador manifiesta que durante la congestión del sector, le da un microsueño, el cual hace que colisiona el zonal  Se envía asistencias, se concilia a favor del tercero  Móvil se dirige para patio, se reporta a TS TMSA Humberto Sanchez;0;0;0;5;Sí;WCL511;No;Sur-Norte
203378;13;7 - 8;04:00 - 07:59;1;1;3;5;1;[31] C15;[3291] C15 V.5;597528;508786;Tabla 28 / Viaje 1 el operador informa que un paletero le esta dando paso y con la parte trasera  del movil se golpea con el zonal requiere ambulancia/se llegó una conciliación a favor de lesionado firmando formato desistimiento de lesiones el movil para el patio / Reportado por el TCZ de ETIB - Bohorquez Murcia Yesid Giovanni/ Reportado al TS del Ente Gestor - Yunis Anaya;0;1;0;1;Sí;VEO786;No;Sur-Norte
202864;8;10 - 11;08:00 - 11:59;2;3;3;8;7;[160] R_E61;[368] R_E61;602522;523927;Tabla: 22/ Viaje: 2/ Detalle: Operador  informa que un  vehículo particular dejo rodar el móvil y lo colisiona/ Asiste al punto: Aseguradora/ Tipo de asistencia: Se envía asistencia/  Reportado a: Humberto Sánchez Técnico supervisor TM S A/ Conclusión: Tercero se da a  la fuga y el móvil se dirige por sus propios medios para patio   ;0;0;0;5;No;WDD302;No;Norte-Sur
202867;8;10 - 11;08:00 - 11:59;2;3;3;8;7;[160] R_E61;[368] R_E61;602653;523898;Tabla: 23/ Viaje: 2/ operador indica que al dar reversa golpea a un particular/ no se presentan lesionados/ conclusion: el tercero se retira del punto ya que los daños son leves/ movil espera que se habilite el paso para retirarse para patio/  Reportado a: Humberto Sanchez Tecnico supervisor TM S ;0;0;0;5;No;WDD307;No;NO APLICA
203383;13;8 - 9;08:00 - 11:59;10;1;3;2;9;[371] 320_c;[3258] 320_HABITUAL_03.07.18;600453;525729;"Operador reporta que con el móvil a su cargo realizando la tabla 1 viaje 1, presenta un evento con las siguientes características: operador  informa que se encuentra en el paradero alimentando en ese momento una usuaria al ingresar al bus no se sujeta bien y se cae en la escalera de ingreso del zonal, al punto se envía asistencia de recomoto y abogado del concesionario  Reportado a TS Juan David Ortiz de TMSA, reportado por TC Elsy Fonseca  de CE 
La usuaria es trasladada/ zonal inmovilizado/Causal: 157 para el zonal y 506 para la usuaria ";0;1;0;1;No;WGH630;No;Occi-Orien
202885;8;13 - 14;12:00 - 15:59;2;3;3;8;7;[527] 189;[3090] 189_S-N_V5;596193;508839;Tabla: 1/ Viaje: 5/  operador reporta que un particular lo golpea por la parte de atrás, sin lesionados/ Asiste al punto : Tecnico de seguridad vial/ CONCLUSIÓN: se llegó un acuerdo mutuo con el tercero y se realiza contrato de transacción a favor de masivo capital/ Reportado a: Martha Amado  Tecnico supervisor TM S A ;0;0;0;5;Sí;WGI552;No;Sur-Norte
202886;8;13 - 14;12:00 - 15:59;2;3;3;8;7;[595] T11;[2980] T11_VTA_NS_V3;595718;505655;Tabla 37 viaje 2, No hay lesionados, operador indica que la camioneta le llega por la parte de atras intempestivamente colisionandolo  Se envía técnico en vía, se reporta a TS TMSA Jose Contreras/ CONCLUSIÓN: Se realiza conciliación, Zonal se dirige patio Ciprés ;0;0;0;5;Sí;TUO706;No;Norte-Sur
202992;9;6 - 7;04:00 - 07:59;9;3;3;8;7;[824] T55;[3342] T55_Ida_V1;602064;525800;Tabla: 2/ Viaje: 7/ Detalle: Operador reporta que estaba en el carril derecho cuando sintió un golpe y evidencia que un motociclista lo colisiona por la parte posterior izquierda, bomper trasero  No se presentan heridos/ Asiste al punto: Henry Garzón - Técnico de seguridad vial/ Tipo de asistencia: Se envía Recontó al punto/ Reportado a: Humberto Sánchez Técnico supervisor TM S A/ CONCLUSIÓN: Se concluye conciliación contrato de transacción a favor  El tercero firma desistimiento de acciones judiciales delito de lesiones personales   Móvil se dirige por sus propios medios para patio Casablanca  ;0;0;0;5;Sí;WDE097;No;Norte-Sur
203004;9;8 - 9;08:00 - 11:59;2;3;3;8;7;[651] E60;[2259] E60_IDA_PIR_CIPRÉS_V2;590806;509418;"Tabla: 21/ Viaje: 3/ Detalle : Operador reporta que presenta accidente de transito con particular/ No se presentan lesionados, Asiste al punto : Javier Sanchez - Tecnico de seguridad vial/ Reportado a: Humberto Sanchez  Tecnico supervisor TM S A/ Conlusion: Tercero se da ala fuga, movil continua en ruta
";0;0;0;5;No;WCL308;No;Sur-Norte
203398;13;8 - 9;08:00 - 11:59;16;2;3;7;5;[275] R_16;[1502] IDA_V2;594411;505239;"Tabla: 13/ Viaje: 3/ Detalle: Operador informa  que  se encontraba desalimentado, el usuario se baja del zonal se tropieza, cae al piso golpeándose  las rodillas  , no presenta herida abierta  /conclusion  el abogado Oscar González hizo presencia en la clínica Medical Pro info y no  encontró al lesionado, Por ende nos retiramos de este punto movil se dirige para patio porvenir / Reportado a: Daniel Benavides Tecnico supervisor TM S A 
";1;0;0;3;No;VDR451;No;Occi-Orien
203048;9;13 - 14;12:00 - 15:59;3;3;3;8;7;[566] 742_COMPLETA;[1456] 742_VUELTA_NS_150716;595503;510856;"Tabla: 34/ Viaje: 4/ Detalle : Operador reporta que al salir un taxi lo cierra y le hace  golpearlo en  el espejo retrovisor , no se presentan lesionados/ Asiste al punto : Andres Duran - Técnico de seguridad vial/ Reportado a: Crisanto Ortiz Tecnico supervisor TM S A/ Conlusion: Se realiza conciliación y zonal se dirige al pir Paraiso  
";0;0;0;5;Sí;WCM986;No;Norte-Sur
203080;9;16 - 17;16:00 - 19:59;2;3;3;8;7;[82] C97;[2532] C97_VUELTA_SN_V4;597292;508921;Tabla: 40/ Viaje: 2/ E l, operador indica que se encontraba  realizando la aproximacion  se encontraba un vehiculo particular estacionado en el punto quien indica que el zonal lo colisiono/ Asiste al punto: Jaime Carranza - Tecnico de seguridad vial/ Concluye:el tercero se da a la fuga, el movil se desplaza a patio  Reportado a: Angelica Bernal Tecnico supervisor TM S A ;0;0;0;5;No;WDE113;No;NO APLICA
203407;13;9 - 10;08:00 - 11:59;10;1;3;3;2;[836] 112B;[3392] 112B CIRCULAR;597473;520433;"Operador de Tabla 21 Viaje 1 Indica que un usuario Tiene una caida de ocupante sin herida abierta a lo cual se solicita ayuda de asistencia medica para la valoración del usuario  pasados minutos es respectivamente atendido por ambulancia asiste policia de transito donde determinan responsabilidad del usuario bajo la causal 506 (otra), se realiza el respectivo informe de transito y el movil es llevado a patios de movilidad de Alamos Reporta tecnico de control zonal Diego Jaime Sissa/a supervisor transmilenio Edwin Garzon
";0;1;0;1;No;WPO028;Sí;Orien-Occi
203089;9;19 - 20;16:00 - 19:59;2;3;3;8;7;[537] 953;[3346] 953_Ida_NS_V4;594959;510904;Tabla 21 viaje 3: El operador reporta que estaba en paradero y un vehículo particular  cierra al zonal colisionandolo, no hay lesionados, se envía asistencia al punto  Reportado a Reportado a Francy Sierra, supervisor TM S A   Conclusión  El tercero se da a la fuga, el zonal continúa el recorrido ;0;0;0;5;No;WEV196;No;Occi-Orien
203138;10;7 - 8;04:00 - 07:59;9;3;3;8;7;[595] T11;[1511] IDA;593731;501741;Tabla: 25/ Viaje: 3/ operador reporta que estaba parqueado y al dar reversa golpea a un motoclista, se solicita asistencia de  abogada Maribel Velandia/ no se presentan lesionados/ Se realiza informe de tránsito con codificación 134 por reversa imprudente para el operador/  Reportado a: Jenny Avila Tecnico supervisor TM S A/;0;0;0;5;No;WGI600;No;Orien-Occi
203149;10;9 - 10;08:00 - 11:59;2;3;3;8;7;[82] C97;[2531] C97_IDA_NS_V4;596346;513562;Tabla: 4/ Viaje: 3/ Detalle: el operador informa que  un  vehículo sale de un garaje  y lo colisiona por el costado derecho al móvil/ no hay lesionados/ Asiste al punto: Aseguradora/ Reportado a: Álvaro Cruz  Técnico supervisor TM S A / concluye: se realiza contrato de transacción y el móvil se dirige a patios por sus propios medios ;0;0;0;5;Sí;WDE120;No;Norte-Sur
203155;10;9 - 10;08:00 - 11:59;2;3;3;8;7;[651] E60;[2259] E60_IDA_PIR_CIPRÉS_V2;605912;526050;Tabla: 22/ Viaje: 1/ operador reporta que un furgon pasa y le rompe espejo izquierdo del zonal, posteriormente se da a la fuga, operador no toma placas y continua con el recorrido, no se presentan lesionados/Reportado a: Alvaro Cruz Tecnico supervisor TM S A;0;0;0;5;No;WCL299;No;Sur-Norte
203163;10;11 - 12;08:00 - 11:59;2;3;3;8;7;[566] 742_COMPLETA;[1456] 742_VUELTA_NS_150716;595901;512977;tabla: 33/ Viaje: 2/ operador reporta que un furgon  lo cierra y le rompe espejo derecho , sin lesionados/ Conlusion: tercero en fuga movil se retira para patio/ Reportado a: Jenny Avila Tecnico supervisor TM S A;0;0;0;5;No;WCM986;No;Norte-Sur
203169;10;12 - 13;12:00 - 15:59;2;3;3;8;7;[595] T11;[2980] T11_VTA_NS_V3;600277;509555;Tabla 4/ viaje 4/ operador reporta que una camioneta al pasar  le rompe espejo izquierdo y se da a la fuga/ no se presentan lesionados/ movil continua recorrido/ Reportado a: Jenny Avila Tecnico supervisor TM S A ;0;0;0;5;No;WGI612;No;Norte-Sur
203186;10;14 - 15;12:00 - 15:59;3;3;3;8;7;[394] E70;[2827] E70_IDA_SN_V3_PMT;605967;523223;"Tabla: 4/ Viaje: 5/  Detalle: Operador Infoma que al hacer cambio de carril un taxi le invade el carril mas adelante y le indica que este lo colisiono  / Asiste al punto: Andres Duran /  Reportado a: Samir sechague  Tecnico supervisor TM S A  Concluye: Tercero se retira del lugar y movil continua recorrido 
";0;0;0;5;No;WGI498;No;Sur-Norte
203193;10;15 - 16;12:00 - 15:59;2;3;3;8;7;[537] 953;[3347] 953_Vta_SN_V4;593569;513034;Tabla: 13/ Viaje: 6/ Detalle : Operador informa que un carro de valores lo colisiona por el costado izquierdo / No hay lesionados/Reportado a: Paola Martinez Tecnico supervisor TM S A, Conclusión: Tercero en fuga, movil continua recorrido ;0;0;0;5;No;TUO764;No;Orien-Occi
203205;10;17 - 18;16:00 - 19:59;2;3;3;8;7;[537] 953;[3346] 953_Ida_NS_V4;597198;505690;Tabla: 16/ Viaje: 7/Detalle: operador informa que realizaba hacia la izquierda y un vehiculo particular, que se encontraba por la derecha, lo colisiona por la parte derecha, no hay lesionados,Conclusion/ tercero se da a la fuga, zonal se dirige a patio magdalena/Reportado a: Paola Martinez Tecnico supervisor TM S A ;0;0;0;5;No;TUO736;No;Occi-Orien
203246;10;23 - 0;20:00 - 23:59;2;3;3;8;7;[651] E60;[2259] E60_IDA_PIR_CIPRÉS_V2;590806;509418;Detalle: Operador reporta que va en su recorrido cuando un vehiculo particular  por el costado derecho lo colisiona no hay lesionados se envía asistencia al punto / Asiste al punto:Aseguradora/Reportado a: Elkin Martinez Técnico supervisor (TM S A)/Concluye: Se realiza transacción a favor de Masivo, zonal se dirige para patio Ciprés ;0;0;0;5;Sí;WCL307;No;Occi-Orien
203393;13;8 - 9;08:00 - 11:59;2;3;3;8;7;[566] 742_COMPLETA;[1456] 742_VUELTA_NS_150716;594698;503052;Tabla: 31/ Viaje: 2/El operador reporta que un  vehiculo particular  que se encontrabaja transitando en sentido contrario colisiona el zonal para luego darase a ala fuga, no se presentan personas lesionados/ Asiste al punto: / Tipo de asistencia: Continua con su recorrido / Reportado a: Daniel Benavides Tecnico supervisor TM S A ;0;0;0;5;No;WCM959;No;Norte-Sur
203428;13;13 - 14;12:00 - 15:59;4;1;3;3;2;[67] 385;[3052] NORMAL V8;602365;515677;" tabla 18  viaje 3  operador informa que se encontraba  detenido en el carril dos de la vía a espera del cambio del semáforo, un vehículo de servicio público, colisiona el zonal en la parte trasera costado derecho , según versión del operador en el hecho no se presentaron lesionados dentro del zonal  
Pasado varios minutos se habla con el operador vía celular informando que una usuaria del bus TPC se encuentra lesionada, en una segunda comunicación informa que los lesionados son 9, el conductor del móvil se encuentra aprisionada y bomberos se encuentra en labores de rescate     
Al punto acude el técnico de seguridad vial Wilson Largo quien informa que los afectados fueron asistidos por servicios de ambulancia privados de las cuales no se obtienen los respectivos datos,  las cuales valoran y trasladan a los afectado al centro médico correspondiente a cada lesionado,   asiste policía de tránsito  el cual reconoce el caso por lesiones y realiza apertura de informe con Causal 121 (No Mantener Distancia de Seguridad ) codificando al tercero,  se reporta a  supervisor transmilenio  Jorge Enrique Gutiérrez Rosero
";0;12;0;1;No;WCL666;Sí;Orien-Occi
203429;13;13 - 14;12:00 - 15:59;3;3;3;8;7;[527] 189;[3090] 189_S-N_V5;602961;518358;Tabla: 22/ Viaje: 5/Detalle: operador reporta que realizando acercamiento a paradero, colisiona a un taxi que venia por el costado derecho, no hay lesionados / Reportado a: Alfredo Briceño Tecnico supervisor TM S A  CONCLUSIÓN: se concluye conciliación contrato de transacción a favor del tercero No 2832 zonal se desplaza para patio Casablanca ;0;0;0;5;Sí;WGI504;No;Sur-Norte
203434;13;14 - 15;12:00 - 15:59;3;3;3;8;7;[595] T11;[1513] VUELTA;593745;501674;Tabla: 40/ Viaje: 4/ El operador indica que a la altura del tunal un taxi lo estaba cerrando , colisiona al zonal y se da a la fuga nos sin antes agredir de manera verbal al op  No se presentan lesionado/ Asiste al punto: No requeire asistencia/ Reportado a: Francy Sierra Tecnico supervisor TM S A ;0;0;0;5;No;WGK068;No;Norte-Sur
203432;13;13 - 14;12:00 - 15:59;11;1;3;5;1;[401] 132;[2460] 132 V.3;590699;510853;Tabla 15 / Viaje 2/ operador reporta que ciclista al adelantarlo se pega con el zonal se envia asistencia al punto // Conciliación: se deja SOAT a disposición firma desistimiento por 0 pesos móvil a patio// Reportado por el TCZ de ETIB - Camilo Manrique/ Reportado al TS del Ente Gestor - Nicolay Novoa;0;1;0;1;No;WGH822;No;Norte-Sur
203441;13;15 - 16;12:00 - 15:59;2;3;3;8;7;[82] C97;[2532] C97_VUELTA_SN_V4;603958;523279;Tabla: 40/ Viaje:2 /  Detalle : Operador informa que particular lo cierra y  golpea el costado izquierdo al móvil, no hay lesionados, CONCLUSIÓN   tercero se retira del punto/ Movil continua con el recorido,  Reportado a: Carlos Santamaría  Técnico supervisor TM S A ;0;0;0;5;No;WDE120;No;Sur-Norte
203507;13;20 - 21;20:00 - 23:59;5;3;3;8;7;[253] 736;[2327] 736v2_VUELTA;593970;502484;"Tabla: 21/ Viaje: 6/ Detalle : operador  reporta que un alimentador de suma  lo colisiona no se presentan lesionados / Reportado a: Carlos Adriano Sanchez Tecnico supervisor TM S A/ Conlusion: operador de masivo asume responsabilidad y continuan recorrido 
";0;0;0;5;No;WGI632;No;Norte-Sur
203539;14;7 - 8;04:00 - 07:59;3;3;3;8;7;[253] 736;[2327] 736v2_VUELTA;605994;525169;Tabla: 33/ Viaje: 2/  Detalle: operador reporta que un taxi, le invade el carril y colisiona con el zonal, no hay lesionados /  Reportado a: Jorge Enrique Garcia Sanchez Tecnico supervisor TM S A Conclusión: Tercero se da a la fuga, movil continua recorrido ;0;0;0;5;No;WCL313;No;Occi-Orien
203649;14;19 - 20;16:00 - 19:59;4;3;3;8;7;[82] C97;[2531] C97_IDA_NS_V4;595784;512753; Tabla: 15/ Viaje: 3 Detalle : Version del operador, estaba en el paradero dejan de usuarios cuando el señor de la buseta golpea el lado izquierdo del móvil , no hay lesionados se envia asistencia al punto / Asiste al punto : Javier Sanchez - Tecnico de seguridad vial/ Conclusion se genera contrato de transacción a favor, Movil se dirige para el patio  Reportado a: Carlos Adriano Sanchez Tecnico supervisor TM S A;0;0;0;5;Sí;TUO779;No;Norte-Sur