Id_accidentalidad;seq_fecha;franja_horaria;r-franja;seq_tipo_accidente;seq_afectación;seq_tipo_servicio;seq_empresa_operadora;concesion;linea;ruta;coordenada_X;coordenada_Y;desp_suceso;num_lesionados _valorados;num_lesionados _trasladados;num_víctimas_fatales;gravedad_afectados;conciliación;placa;inmovilizado;sentido
203658;14;20 - 21;20:00 - 23:59;2;3;3;8;7;[651] E60;[2259] E60_IDA_PIR_CIPRÉS_V2;605985;526400;Tabla: 22/ Viaje: 5/  operador reporta que un particular lo cierra y el zonal lo colisona en costado izquierdo/ no se presentan lesionados/ se envia asitencia de Tecnico de seguridad vial Henry Garzon/ conclusión: tercero en fuga, movil se retira para patio/  Reportado a: Carlos Sanchez Tecnico supervisor TMSA;0;0;0;5;No;WCM958;No;Norte-Sur
203662;14;20 - 21;20:00 - 23:59;4;3;3;8;7;[595] T11;[2980] T11_VTA_NS_V3;596476;505966;Tabla: 66/ Viaje: 4/ operador reporta que un SITP provisional lo cierra, el operador se sube al anden y al escualizar el movil le rompe espejo izquierdo al tercero, el conductor del vehiculo se baja del vehiculo y con el cinturon le rompe espejo derecho al zonal, no se presentan lesionados/ Se envia asistencia de abogado al punto/ conclusion: el tercero se da a la fuga, llega a bogado y determina que los daños son leves/ movil se retira para patio/  Reportado a: Jose contreras Tecnico supervisor TMSA;0;0;0;5;No;WGK028;No;Norte-Sur
203665;14;20 - 21;20:00 - 23:59;2;3;3;8;7;[55] R_421;[2898] R421_V5_HABIL;604279;523831; Tabla: 8/ Viaje: 5/Detalle : Version del operador informa  que particular no hace un pare y zonal colisiona al particular, no hay lesionados, Conclusion tercero se da  a la fuga, Movil continua con el recorrido   Reportado a: Carlos Adriano Sanchez Tecnico supervisor TM S A;0;0;0;5;No;VFB626;No;Sur-Norte
203450;13;16 - 17;16:00 - 19:59;13;1;3;8;7;[55] R_421;[2898] R421_V5_HABIL;607276;521199;"
 Tabla: 20/ Viaje: 4/  Detalle : Operador informa tener una colision multiple,con lesionados, se envia asistencia al punto / Asiste al punto : Henry Garzon - Tecnico de seguridad vial/ Se concluye móvil con  inmovilización y procedimiento del operador a medicina legal , Uri puente  Aranda para prueba de alcoholemia,Causal 121 para el operador ""No Mantener Distancia de Seguridad "" Abogado  ANDERSON CAMINO  Reportado a: Carlos Santamaria Tecnico supervisor TM S A";0;3;0;1;No;SMS789;No;Sur-Norte
203718;15;8 - 9;08:00 - 11:59;2;3;3;8;7;[566] 742_COMPLETA;[1455] 742_IDA_SN_150716;603593;525945;Tabla: 13/ Viaje: 3/ E l operador indica que al equivar un motociclista que salio sin precaucion un vehiculo particular  pasa a alta velicidad colisionando al zonal para luego darse a la fuga, no  se presentan personas lesionado, el operador continua su recorrido/Reportado a: Daniel Benavides Tecnico supervisor TM S A ;0;0;0;5;No;WCM957;No;Norte-Sur
203743;15;10 - 11;08:00 - 11:59;9;3;3;8;7;[537] 953;[3347] 953_Vta_SN_V4;597465;503387;Tabla 17 viaje 4: El operador reporta que estaba desalimentando y una motocicleta por  tratar de sobrepasar al zonal y a un articulado, queda en medio de los dos vehículos y los golpea, no hay lesionados/ Asiste al punto : Germán Cómbita - Tecnico de seguridad vial/ Reportado a: Brandon Vivas Tecnico supervisor TM S A/ Conclusión: El tercero se retira del punto sin aportar datos  El zonal se dirige a patio ;0;0;0;5;No;TUO747;No;Sur-Norte
203460;13;17 - 18;16:00 - 19:59;11;1;3;7;5;[487] 265;[1445] 265_V2;592513;513128;Tabla 43 viaje 1/El operador indica que va por su carril, sale una bicicleta de norte a sur sin realizar ningún pare, el zonal frena,ella se asusta y se cae de la bicicleta/ Se envía asistencias al punto de abogado y ambulancia/ Conclusión/ Se realiza informe de transito(causal 132 para la ciclista por no respetar la prelación) el zonal se dirige para patios de álamos, las lesionados son trasladadas/ Reportado a Juan Carlos Sánchez Supervisor de TMSA ;0;2;0;1;No;WGK033;No;Occi-Orien
203749;15;12 - 13;12:00 - 15:59;6;3;3;8;7;[527] 189;[2656] 189_N-S_V4;602656;518232;"Tabla: 5/ Viaje: 4/  Detalle: operador reporta que delante de el, va un zonal de consorcio, el cual frena bruscamente, causando que este lo colisione, no hay lesionados/ Reportado a: Elkin Martinez Tecnico supervisor TM S A 
Conclusión: Se concilia en contra, Movil espera asistencia de grua por frenos ";0;0;0;5;Sí;WDD306;No;Norte-Sur
203793;15;18 - 19;16:00 - 19:59;2;3;3;8;7;[566] 742_COMPLETA;[1365] 742_VUELTA;598240;515552;tabla 40, viaje  2/ operador informa que va en recorrido, cuando un tracto camion, lo golpea y le ocasiona daño en latas, no se presentan personas lesionadas, se envia asistencia al punto, reportado a Jose Contreras tecnico Supervisor de TMSA  Concluye: Se realiza conciliacion, Zonal para patio ;0;0;0;5;Sí;WCM955;No;Norte-Sur
203795;15;18 - 19;16:00 - 19:59;9;3;1;8;7;[578] 19-11 CANÓDROMO;[2743] 19-11_CANÓDROMO_V2;604786;520772;Tabla: 2/ Viaje: 22/ Detalle: Operador reporta que va en su recorrido cuando se percata que viene un motociclista la cual omite el pare y lo colisiona por La puerta delantera del costado derecho se solicita aseguradora/ Reportado a: Aura Agudelo Técnico supervisor (TM SA): Concluye:Se realiza contrato de transacción a favor de masivo, zonal se dirige para patio  ;0;0;0;5;No;WGI549;No;Sur-Norte
203836;16;6 - 7;04:00 - 07:59;8;3;1;8;7;[573] 19-12 CANTALEJO;[1925] 19-12_V2;604685;525027;"Tabla: 3/ Viaje: 7/ Detalle: operador reporta que dando el giro hacia la derecha para tomar la calle 167, un mototaxi, venia con exceso de velocidad, sentido oriente - occidente, alcanza a colisionar el zonal dejando una lata incrustada en el bomper delantero y se da a la fuga, no hay lesionados /Movil continua recorrido  Reportado a: Brandon Vivas Tecnico supervisor TM S A 
";0;0;0;5;No;WDG200;No;Occi-Orien
203945;16;15 - 16;12:00 - 15:59;2;3;3;8;7;[459] EN TRANSITO_URBANA;[1087] EN TTO_URB;597802;512625;Tabla: ENTRANSITO / Viaje: ENTRANSITO /Detalle : OPERADOR INFORMA QUE UN PARTICULAR FRENA DE IMPROVISTO Y LO COLISIONA POR LA PARTE TRASERA NO SE PRESENTAN LESIONADOS / Reportado a: Damaris Reyes  Tecnico supervisor TM S A/ Conlusion: Se realiza Informe de tránsito con codificación para el operador de masivo capital  103 Adelantar cerrando zonal se desplaza para patio casa blanca ;0;0;0;5;No;WGI553;No;Sur-Norte
203931;16;18 - 19;16:00 - 19:59;2;3;3;8;7;[289] 107B;[2889] 107B_HABIL_V4;603449;521956;Tabla: 1/ Viaje: 4/ Móvil: Detalle: versión del operador, me encontraba en recorrido cuando de repente un particular me cierra y colisiona al zonal, no hay lesionados, tercero se  da a la fuga,  Reportado a: Carlos Adriano Sánchez Valencia Técnico supervisor TM S A;0;0;0;5;No;VEV783;No;Norte-Sur
203947;16;20 - 21;20:00 - 23:59;2;3;3;8;7;[160] R_E61;[871] R_E61_V2;604557;515816;"Tabla: 24/ Viaje: 2/ Detalle : operador informa que iba por su carril y habia un móvil varado el cual lo iban empujando pero llevaban la puerta abierta y operador lo colisiono no se presentan lesionados / Asiste al punto :  Tecnico de seguridad vial/   Reportado a: Carlos Sanchez Tecnico supervisor TM S A/ Conlusion: Se evidencia responsabilidad por parte del Operador Causal 122 (No Mantener distancia de seguridad), movil se desplaza a patio 
";0;0;0;5;No;WDD318;No;Sur-Norte
203968;17;5 - 6;04:00 - 07:59;18;3;3;8;7;[537] 953;[3346] 953_Ida_NS_V4;598343;501589;Tabla: 5/ Viaje: 1/ Detalle : Operador reporta que al Dar reversa para darle paso a una volqueta que venia bajando golpea un poste y rompe el vidrio panoramico trasero/ Asiste al punto : No requeire asistencia/  Reportado a: Yunis Anaya Tecnico supervisor TM S A/ Conlusion: Movil se desplaza para patio;0;0;0;5;No;TUO763;No;Norte-Sur
203972;17;6 - 7;04:00 - 07:59;2;3;3;8;7;[651] E60;[2259] E60_IDA_PIR_CIPRÉS_V2;599184;516488;Tabla: 4/ Viaje: 3/ Detalle: Operador reporta que va en su recorrido se percat aque viene un vehículo particular de plcas TLY-245 la cual lo va a sobre pasar y lo colisiona por la parte trasera no hay lesionados se envia asistencia al punto/ Asiste al punto: Henry Garzon - Tecnico de seguridad vial/ Reportado a: Yunis Anaya Técnico supervisor TM S A ;0;0;0;5;No;WCM968;No;Sur-Norte
201994;1;6 - 7;04:00 - 07:59;2;3;3;4;8;[345] C123;[826] C123;601265;517256;Operador  realizando tabla 21  viaje  1 informa  que un vehículo ´particular lo gopea por la parte de atrás/tercero asueme responsaidad póliza a disposición, se firma carta de invitación/ movil se desplaza para patio mantenimiento se informa a técnico supervisor   de TransMilenio Rodrigo Gómez/ reporta técnico de control de este es mi bus Cristian Martínez ;0;0;0;5;No;VET786;No;Occi-Orien
202086;1;20 - 21;20:00 - 23:59;2;3;3;4;8;[75] 291;[2959] VUELTA_LIJACA-TIERR BUENA;592828;512340;"Operador realizado tabla 4 viaje 4, reporta ir por su carril y un tracto camion lo colisiona por la parte derecha, el tercero se retira del lugar sin asumir responsabilidad, en el evento no se presentan heridos, el movil desalimenta y se dirige para patio, Reporta Técnico de Control Zonal Julio Reyes de Este Es Mi Bus SAS a Técnico Supervisor de TransMilenio SA Rodrigo  Gomez Paez
";0;0;0;5;No;WDD359;No;Norte-Sur
202141;2;9 - 10;08:00 - 11:59;6;3;3;4;8;[75] 291;[150] 291_IDA;603916;518274;Siendo las 09:05 aproximadamente, se comunica el tecnico supervisor de transmilenio s a Elkin Martinez, e informa que el movil de este es mi bus, colisiono al zonal Z50-4158 de la empresa Gmovil  Por lo tanto se entabla comunicacion con el operador de este es mi bus e informa que el no sintio el golpe y afirma que si sucedio fue por que el operador de gmovil no respeto prelacion, anexo a esto informa que no reporto a centro de control por que no vio nada  Por lo tanto elkin martinez tecnico supervisor de transmilenio s a indica que debido a que ninguno de los dos conductores asume responsabilidad, estos quedaran inoperables indefinidos hasta que sean llamados a relacion y se aclare el tema con el ingeniero de la direccion de buses  Reporta Cristian Martines Tecnico de Centro de control ;0;0;0;5;No;WCL674;No;Occi-Orien
202197;2;16 - 17;16:00 - 19:59;2;3;3;4;8;[202] R_257;[2847] 257;592221;518872;tabla 23  viaje 2 operador  informa  que  venía girando a la izquierda y un vehículo   particular por adelantar alcanza a golpear el zonal, posterior a esto tercero mueve el carro y lo deja adelante del zonal, según versión del operador en el hecho no se presentaron lesionados, pasado el tiempo tercero se retira del punto sin dejar datos, no hace presencia policía de tránsito,   zonal se dirige a cabecera, se reporta a  supervisor Transmilenio    Laura Sánchez  ;0;0;0;5;No;WDD357;No;Occi-Orien
202318;3;16 - 17;16:00 - 19:59;2;3;3;4;8;[279] C77;[3351] C77_IDA REV_09.08.18;607548;523893;El operador Tabla 4 Viaje 5 informa que por particulares mal parqueados intenta sobrepasarlos y colisiona un particular que estaba realizando ventas ambulantes con las puertas abiertas, No se presentan lesionados en el punto, Luego de unos minutos el tercero se retira del lugar sin dejar datos, el zonal continua con su recorrido, no llego ninguna asistencia, reporta Andrea Carreño tecnico control a supervisor transmilenio Alfonso Jimenez;0;0;0;5;No;WLU704;No;Orien-Occi
202320;3;16 - 17;16:00 - 19:59;2;3;3;4;8;[279] C77;[3240] C77_VUELTA_03.07.18;593551;514214;El operador tabla 15 viaje 4 informa que un particular intento sobrepasar el zonal y lo colisiona, no se presentan lesionados, pasados unos minutos el tercero acepta la responsabilidad y dice que el arregla su carro o y se retira del punto sin dejar datos, el zonal no presento daños y continua con la ruta, No hizo presencia policia ni ningun otro tipo de asistencia, reporta Andrea Carreño tecnico control a supervisor transmilenio Alfono Jimenez;0;0;0;5;No;WLU674;No;Occi-Orien
202386;4;12 - 13;12:00 - 15:59;2;3;3;4;8;[768] T50.;[2525] T50;595019;512477;"Operador realizando tabla 2 viaje 4  informa que un particular lo colisiona en la parte izquierda delantera  se solicita asistencia jurídica/ en el lugar no se presentan heridos/ se indica responsabilidad para el tercero por el area juridic cual se llega a una conciliación se informa a técnico supervisor de Transmilenio Elkin Martínez/ reporta Cristian Martínez técnico de control Este Es Mi Bus";0;0;0;5;Sí;VFA647;No;Sur-Norte
202443;5;9 - 10;08:00 - 11:59;4;3;3;4;8;[234] 626B;[2154] 626B Ext Camelia REGRESO V6 ;603790;514401;El operador  en el viaje 4, informa que colisiona un sitp provisional por el costado posterior, se presentan daños leves, en el punto no se presentan heridos y se solicitan asistencias, al incidente llega el abogado Anderson camino quien le genera hipotesis 121 al operador ( no mantener distancia de seguridad), finalmente se llega a una conciliacion y el movil se desplaza por sus propios medios a patio, reporta tecnico de control zonal Andres Martinez a tecnico supervisor transmilenio Nicolay novoa;0;0;0;5;Sí;WCN330;No;Occi-Orien
202461;5;16 - 17;16:00 - 19:59;2;3;3;4;8;[345] C123;[2767] C123 V5;593893;513288;operador realizando tabla 05 viaje 05 indica que un vehiculo particular le invade el carril y colisiona contra el zonal, no hay lesionados, pasados unos minutos indica que no va dar ninguna remuneracion economica ya que nuestro vehiculo no tiene ningun daño por lo tanto se retira del punto sin suministrar datos y el movil conitnua recorrido/ reportado a elkin martinez tecnico de supervision Transmilenio;0;0;0;5;No;VEO620;No;Norte-Sur
202520;6;8 - 9;08:00 - 11:59;2;3;3;4;8;[75] 291;[2958] IDA_TIER_BUENA - LIJACA;607520;527075;El operador en el viaje 2, informa que se encuentra dando reversa y colisiona un particular que se encuentra estacionado, en el punto no se presentan heridos se solicitan asistencias, al incidente hace presencia la abogada Jeynnith Smith Avila Avila quien genera hipotesis 134 ( reversa imprudente) con responsabilidad al operador, finalmente el movil se desplaza a patio por sus propios medios, reporta tecnico de control  zonal Andres Martinez a tecnico supervisor Transmilenio  Francisco Jose Becerra Chaves;0;0;0;5;No;WDD341;No;Occi-Orien
202540;6;10 - 11;08:00 - 11:59;2;3;3;4;8;[150] 688;[3344] 688-C100 HABITUAL;595824;513930;El operador en el viaje 3, informa que un particular  lo colisiona por el costado izquierdo generando daños leves, en el punto no se presentan heridos se solicitan asistencias, finalmente al punto hace presencia policia transito y se llega a una conciliacion con el tercero por ende se cancela la asistencia juridica, el movil se desplaza al punto inicio de ruta por sus propios medios, reporta tecnico de control  zonal Andres Martinez  a  tecnico supervisor TMSA  Francisco Jose Becerra Chaves;0;0;0;5;Sí;VEL071;No;Orien-Occi
202678;7;7 - 8;04:00 - 07:59;2;3;3;4;8;[741] T48;[2735] T48 TINTALÁ;593605;512903;El operador tabla 8 viaje 3 informa que al cruzar la glorieta iba pasando un camion con carga larga y no midio bien la distancia y colisiono con la parte trasera, en el hecho no se presentan lesionados, el tercero se retira del punto pues el operador asume la responsabilidad, no se solicito ningun tipo de asistencia, se envia a recibir los usuarios el zonal Z45-7062, el zonal se envia para pir, reporta Andrea Carreño tecnico control a supervisor transmilenio Juan Carlos Sanchez;0;0;0;5;No;WLU664;No;Occi-Orien
202775;7;17 - 18;16:00 - 19:59;2;3;3;4;8;[234] 626B;[1714] IDA_V3;595825;519959;tabla 16 viaje 7 operador informa que pasa un vehiculo de carga pesada y golpea el costado izquierdo del zonal, se da a la fuga no presenta lesionados, el zonal continua recorrido hasta el punto de inicio y luego se desplaza para el patio/ No hace presencia policia/  reporta Jeimy Castiblanco Técnico centro de control zonal a Samir Sechague Supervisor Transmilenio SA ;0;0;0;5;No;WCN327;No;Orien-Occi
202805;7;19 - 20;16:00 - 19:59;6;3;3;4;8;[772] C19-C125;[2590] VUELTA;603557;508110;Operador realizando tabla 1  viaje 12  informa que  él le pide la vía a otro zonal y más adelante este los sobrepasa en el paradero y  se baja del zonal y le indica que el operador lo colisiona pero el operador le dice que en ningún momento lo colisiono  y continua la ruta luego de unos minutos se llega a la conclusión de que la responsabilidad es del operador de este es mi bus y se logra conciliar con cuenta de cobro, reporta técnico de control a supervisor de transmilenio Daniel Benavides ;0;0;0;5;Sí;VFA672;No;Occi-Orien
202820;7;22 - 23;20:00 - 23:59;2;3;3;4;8;[345] C123;[2767] C123 V5;597367;512971; Tabla  15  viaje 5  operador informa que un vehículo particular lo golpea por la parte de atrás/  en el sitio no se presentan heridos,unidad de tránsito indica responsabilidad  para el tercero se acuerda que cada quien asuma sus daños se informa a técnico supervisor de TransMilenio Aura Agudelo Técnico de control de Este Es Mi Bus  Cristian Martínez;0;0;0;5;No;VEX345;No;Orien-Occi
202873;8;11 - 12;08:00 - 11:59;2;3;3;4;8;[345] C123;[2767] C123 V5;605303;516600;El operador tabla 17 viaje 2 informa que no midio bien el espacio y golpeo un vehiculo particular que se encontraba adelante, en el hecho no se presentan lesionados, se solicitan asistencias, se presenta la abogada Jeynnith Smith Avila quienes determinan responsabilidad compartida con hipotesis 121 (No mantener distancia de seguridad) y para el tercero 131 (subirse al anden o vias peatonales), el tercero decide retirarse del lugar y arreglar sus daños, el zonal se envia para patio, reporta Andrea Carreño tecnico control a supervisor transmilenio Edwin Garzon;0;0;0;5;No;VEZ102;No;Occi-Orien
203001;9;8 - 9;08:00 - 11:59;3;3;3;4;8;[345] C123;[2767] C123 V5;595666;513797;El operador con el viaje 2, informa que un taxi el cual se encuentra en contravia lo colisiona, en el punto no se presentan heridos se solicitan asistencias, al punto llega el abogado Ruben Alvear y policia transito quien genera responsabilidad al tercero con causal 121 (no mantener distrancia de seguridad), finalmente no se realiza informe de transito y el movil se desplaza a patio por sus propios medios, reporta tecnico de control  zonal Andres Martinez  a  tecnico supervisor de Ttransmilenio  Alfredo Briceño;0;0;0;5;No;VFC439;No;Sur-Norte
203036;9;11 - 12;08:00 - 11:59;2;3;3;4;8;[772] C19-C125;[2590] VUELTA;597172;513387;El operador en el viaje 4, informa que un camion le obstruye el paso manifestando que fue colsionado metros atras, en el punto no se presentan heridos se solicitan asistencias, hace presencia abogada  Jeynnith , finalemnte en el momento en que hace presencia el abogado el tercero vandalisa el movil y se da a la fuga, el movil se desplaza a patio por sus propios medios, reporta tecnico de control  zonal Andres Martinez  a  tecnico supervisor Transmilenio Ivan escobar;0;0;0;5;No;VES344;No;Orien-Occi
203047;9;13 - 14;12:00 - 15:59;2;3;3;4;8;[279] C77;[3240] C77_VUELTA_03.07.18;607160;524115;"El operador en el viaje 2, informa que un particular se encuentra dando reversa y lo colisiona, pasados minutos el tercero se retira del punto sin acpetar responsabilidad y el movil continua recorrido, no se presentan heridos, no se solicitan asistencias, reporta tecnico de control  zonal Andres Martinez  a  tecnico supervisor de Transmilenio Jimmy Heriberto Rodriguez Arevalo
";0;0;0;5;No;WLU702;No;Orien-Occi
203537;14;7 - 8;04:00 - 07:59;13;1;3;10;10;[394] E70;[2827] E70_IDA_SN_V3_PMT;599014;513841;Tabla 16, viaje 1  Operador se desplaza por su carril y una ciclista  que transitando entre vehículos se golpea con el espejo del  taxi y pierde la estabilidad y ciclista golpea al zonal  Se envía inspector de seguridad vial al punto y se reporta a técnico de supervisión Martha Amado TMSA/ Técnico de control que reporta la novedad Danny Becerrra  Tranzit s a s  Conclusion, se realiza procedimiento por parte de transito, y se da causal 103 para Tz y 098 para la ciclista zonal a patio de alamos ;0;1;0;1;No;WEW156;No;Sur-Norte
203211;10;18 - 19;16:00 - 19:59;2;3;3;4;8;[741] T48;[2735] T48 TINTALÁ;593687;513112;"El operador de tabla 2 viaje 13 reporta que una tractomula pasa a alta velocidad y  colisiona el zonal , acto seguido de una suma de dinero y se retira del lugar sin suministrar ningun dato, se envia zonal a patio, no se presentaron lesionados, se informa novedad a Wilson Largo Técnico de Vías y a Miguel Orjuela Supervisor de Transmilenio
";0;0;0;5;Sí;WLU678;No;Norte-Sur
203279;11;16 - 17;16:00 - 19:59;4;3;3;4;8;[75] 291;[151] 291_VUELTA;607444;527145;El operador  de la tabla 8 viaje 6 operador que paso un bus y colisiona el zonal,  cabe aclarar que el operador llega a este pir a las 15:20, se le realizaron constantes fonia al zonal y al celular y no contestaba y reporta la novedad 45 minutos despues, se envia zonal a patio, se informa novedad a Liz Salazar Supervisor de Transmilenio;0;0;0;5;No;WLU692;No;Norte-Sur
203499;13;20 - 21;20:00 - 23:59;2;3;3;4;8;[75] 291;[2959] VUELTA_LIJACA-TIERR BUENA;598205;515162;Operador de tabla 16 viaje 4, reporta Realizando recorrido que un vehículo particular en acción de sobrepaso  lo adelanta de manera imprudente y  colisiona el zonal por uno de los costados   , En este hecho no se presentaron lesionados se solicitan asistencias , Al punto llega el  Abogado Rubén Alvear  quien al llegar junto con Agente de tránsito  determinan responsabilidad para el Tercero Hipótesis 103 (Adelantar Cerrando ) una vez concluye el caso el zonal es enviado para patio / reporta técnico de control  zonal Andres Martínez  a  técnico supervisor Transmilenio Andres Muñoz;0;0;0;5;No;WDD350;No;Orien-Occi
203505;13;21 - 22;20:00 - 23:59;2;3;3;4;8;[96] 669;[2871] IDA V8;603691;512939;Operador, quien realiza la Ruta con la Tabla 8 en el viaje 15, informa que vehiculo particular Tipo Camioneta, realiza maniobra peligrosa cerrando al zonal y colisionandolo  En el evento no se presenta heridos  Se solicita asistencia  Siendo las 21:22 el tercero se retira del punto sin suministrar datos  Zonal se desplaza para patio  Reporta Técnico de Control Zonal Andrés Felipe Martínez Moreno de Este Es Mi Bus SAS a Técnico Supervisor de TransMilenio SA Andres Mauricio Muñoz Morales;0;0;0;5;No;WPO002;No;Norte-Sur
203522;13;23 - 0;20:00 - 23:59;18;3;3;4;8;[741] T48;[2735] T48 TINTALÁ;592999;514426;El operador de tabla 9 informa que estaba llegando a punto de inicio  e iba a girar para tomar la carrera 94 venia un automovil a toda velocidad y por evitar colision realiza giro a la derecha y colisiona conta la rama de una árbol  El zonal se desplaza patio  Reporta Fernando Cruz Tecnico Control Zonal a Supervisor Transmilenio Aura Lucía Agudelo;0;0;0;5;No;WLU671;No;NO APLICA
203533;14;6 - 7;04:00 - 07:59;3;3;3;4;8;[150] 688;[3344] 688-C100 HABITUAL;602677;509300;tabla 11 viaje 1 operador informa que un  taxi da reversa y el  golpea el zonal en el costado derecho delentero no se presenta lesionados se envia asistencia juridica, asiste el dr  Henry  Rodriguez, hipotesis 121 para el operador (no mantener distancia de seguridad) se elabora derecho de petición para inpugnar, mediante camaras, ya que es generado por posición final, el zonal se desplaza para patio,reporta Jeimy Castiblanco Técnico centro de control zonal  a Edwin Garzon Supervisor Transmilenio SA ;0;0;0;5;No;VEQ359;No;Occi-Orien
203630;14;17 - 18;16:00 - 19:59;2;3;3;4;8;[96] 669;[205] VUELTA;601399;511234;Operador informa que el móvil se queda sin frenos y golpea a un particular en el sitio no se presentan heridos/ se solicitan las respectivas asistencias / pasados minutos llega el abogado Alfonso Lopez y policia donde finalmente se determina responsabilidad para el operador y se realiza el respectivo informe bajo la causal 202 (fallas en los frenos) , el movil es llevado a patio en Grua, se informa a técnico supervisor de Transmilenio Damaris Reyes/ reporta  técnico de control de este es mi bus Cristian Martínez;0;0;0;5;No;VEH652;No;Occi-Orien
203634;14;18 - 19;16:00 - 19:59;3;3;3;4;8;[234] 626B;[2154] 626B Ext Camelia REGRESO V6 ;599657;518710;Operador realizando la tabla 17  viaje 8  informa que un vehículo tipo taxi lo golpea por la parte delantera derecha/ en el sitio no se presentan heridos, se solicitan las respectivas asistencias,pasados minutos el tercero se retira del lugar sin aceptar responsabilidad y sin suministrar datos, no asiste ningun tipo de vehiculo de atencion el movil continua recorrido, se informa a técnico supervisor de Transmilenio Benjamin Franco/ Reporta técnico de control Cristian Martínez Este Es Mi Bus ;0;0;0;5;No;WCN332;No;Orien-Occi
203668;14;20 - 21;20:00 - 23:59;2;3;3;4;8;[150] 688;[3344] 688-C100 HABITUAL;597611;512786;El operador con el viaje 9, informa que un camion lo colisiona por el costado de atras,  en el punto no se presentan heridos y se solicitan asistencias, al incidente llega policia transito quien genera hipotesis 103(adelantar cerrando) con responsabilidad al tercero, finalmente el movil se desplaza a patio por sus propios medios,reporta tecnico de control  zonal andres martinez  a  tecnico supervisor TMSA   Andres Muñoz ;0;0;0;5;No;VES088;No;Orien-Occi
203813;15;21 - 22;20:00 - 23:59;6;3;3;4;8;[75] 291;[2959] VUELTA_LIJACA-TIERR BUENA;594016;513407;El operador con el viaje 6 informa que el zonal del consecionario masivo capital deja rodar el movil y lo colisiona, en el punto no se presentan heridos se solicitan asistencias, al incidente hace presencia policia transito quien genera IPAT con responsabilidad al operador causal 121( no mantener distancia de seguridad), finalmente el movil se desplaza a patio por sus propios medios, reporta tecnico de control  zonal Andres Martinez a  tecnico supervisor TMSA   Andres Muñoz;0;0;0;5;No;WCL677;No;Norte-Sur
203842;16;7 - 8;04:00 - 07:59;4;3;3;4;8;[772] C19-C125;[2589] IDA;603987;508869;El Operador realizando la tabla 19 viaje 1 informa que una buseta golpea el zonal en el costado izquierdo no presenta lesionados  Asiste abogada Jeynnith Smith Avila quién determina responsabilidad para el tercero con hipótesis 103 (Adelantar Cerrando) Policia de Tránsito realiza IPAT, El zonal se desplaza a patio  Informo Técnico de Control Jeimy Castiblanco a Técnico Supervisor Jorge Gutierrez de Transmilenio  ;0;0;0;5;No;VFA672;No;Occi-Orien
203920;16;17 - 18;16:00 - 19:59;2;3;3;4;8;[345] C123;[2767] C123 V5;595815;513935;El operador realizando la tabla 20 viaje 3 informa que un particular le obstruye el paso al momento de sobrepasarlo en el punto no se presentan heridos se solicitan asistencias y minutos más tarde el tercero se retira del punto sin brindar información y el móvil se desplaza a patio por sus propios medios  No hace presencia policia  Reporta técnico de control Andrés Martinez a técnico supervisor Damaris Reyes de Transmilenio ;0;0;0;5;No;VER583;No;Orien-Occi
203980;17;8 - 9;08:00 - 11:59;2;3;3;4;8;[96] 669;[2872] VUELTA V8;597042;521995;Operador realizando la tabla 2 viaje 5/ indica que va por su carril cuando particular no respeta la señal de pare, lo cual genera la colision, no se presentan lesionados, se le informa a técnico de vías: Jonny herrera,al punto hace presencia asistencia jurídica el cual llega a un acuerdo con el tercero,al punto no hace presencia policia, móvil de desplaza para pir  Reporta Técnico de Control Zonal Luisa Fernanda Celi Farasica de Este Es Mi Bus SAS a Técnico Supervisor de TransMilenio SA  Yunis Manuel Anaya Herazo ;0;0;0;5;Sí;WPO004;No;Norte-Sur
204003;17;10 - 11;08:00 - 11:59;2;3;3;4;8;[234] 626B;[2154] 626B Ext Camelia REGRESO V6 ;602794;515041;Operador realizando la tabla 12 viaje  4/  manifiesta que al momento de salir del paradero, con la parte posterior derecha colisiona con tercero ya que está  invadiendo el paradero, se le informa a técnico de vías: Jonny herrera, luego de unos minutos tercero se da la fuga, móvil se desplaza  para pir a retomar servicio  Reporta Técnico de Control Zonal Luisa Fernanda Celi Farasica de Este Es Mi Bus SAS a Técnico Supervisor de TransMilenio SA Angélica Bernal;0;0;0;5;No;WCN334;No;Occi-Orien