Id_accidentalidad;seq_fecha;franja_horaria;r-franja;seq_tipo_accidente;seq_afectación;seq_tipo_servicio;seq_empresa_operadora;concesion;linea;ruta;coordenada_X;coordenada_Y;desp_suceso;num_lesionados _valorados;num_lesionados _trasladados;num_víctimas_fatales;gravedad_afectados;conciliación;placa;inmovilizado;sentido
204009;17;12 - 13;12:00 - 15:59;13;3;3;4;8;[75] 291;[2958] IDA_TIER_BUENA - LIJACA;606151;524084;Operador  realizando tabla 16 viaje 3  con el zonal a  cargo  presenta un choque simple sin lesionados de, manifiesta que taxi  frena brusco por lo tanto él debe frenar  también y el carro particular  lo colisiona por la parte trasera y esto hace que el  colisione el taxi por la parte trasera, se solicita asistencia jurídica  el doctor Leonardo García , en el punto hace presencia policía de transito  quien determina culpa compartida hipótesis 121 ( no conservar distancia de seguridad ) y para los particular hipótesis 121( no guarda distancia de seguridad )   genera, móvil se desplaza para el patio  , reporta técnico de control  Claudia Cruz a supervisor de TransMilenio Andrés Muñoz;0;0;0;5;No;WLU682;No;Occi-Orien
201998;1;7 - 8;04:00 - 07:59;4;3;3;2;9;[660] T37;[2245] T37_2016-06-20;602644;509345;;0;0;0;5;No;WGG495;No;NO APLICA
202012;1;8 - 9;08:00 - 11:59;6;3;3;2;9;[28] 544B;[3448] 544B_HABITUAL_08.10.18;606114;517699;;0;0;0;5;Sí;WCL921;No;Norte-Sur
202006;1;8 - 9;08:00 - 11:59;2;3;1;2;9;[216] 18-3_Tibabita;[2054] HABITUAL_2015-11-09;603384;508888;;0;0;0;5;No;WDE889;No;Norte-Sur
202016;1;9 - 10;08:00 - 11:59;2;3;3;2;9;[28] 544B;[3448] 544B_HABITUAL_08.10.18;604839;516372;;0;0;0;5;No;WCM389;No;Sur-Norte
202022;1;10 - 11;08:00 - 11:59;3;3;3;2;9;[858] 341_CE;[3470] 341_IDA_22.10.18;589936;510675;;0;0;0;5;Sí;WGH314;No;NO APLICA
202030;1;11 - 12;08:00 - 11:59;4;3;3;2;9;[858] 341_CE;[3471] 341_VUELTA_22.10.18;589988;510491;;0;0;0;5;Sí;VFB496;No;Orien-Occi
202032;1;11 - 12;08:00 - 11:59;2;3;3;2;9;[398] 607;[2082] VUELTA V2;601757;519351;;0;0;0;5;No;VFB478;No;Norte-Sur
202036;1;12 - 13;12:00 - 15:59;2;3;3;2;9;[188] E44;[2988] E44_VUELTA_04122017;606444;526235;;0;0;0;5;No;WGG650;No;Occi-Orien
202059;1;15 - 16;12:00 - 15:59;2;3;3;2;9;[382] E17_SUBA-CHICO;[1607] CIR_NORMAL_09feb2015;606411;518201;;0;0;0;5;No;WEW651;No;Occi-Orien
203584;14;12 - 13;12:00 - 15:59;3;1;3;2;9;[188] E44;[2988] E44_VUELTA_04122017;605049;521770;;0;2;0;1;No;VEL330;No;NO APLICA
202068;1;17 - 18;16:00 - 19:59;3;3;3;2;9;[660] T37;[2245] T37_2016-06-20;598620;518246;;0;0;0;5;No;WGH414;No;Norte-Sur
202071;1;18 - 19;16:00 - 19:59;2;3;3;2;9;[196] 466;[3019] 466_20180129_H;595389;520768;;0;0;0;5;No;VFB596;No;Orien-Occi
202088;1;20 - 21;20:00 - 23:59;12;3;3;2;9;[371] 320_c;[3258] 320_HABITUAL_03.07.18;599748;525880;;0;0;0;5;Sí;WGG568;No;Occi-Orien
202090;1;20 - 21;20:00 - 23:59;4;3;3;2;9;[390] R_E46_;[2224] vuelta 130616;591564;510095;;0;0;0;5;No;VEV767;No;Norte-Sur
202091;1;20 - 21;20:00 - 23:59;2;3;3;2;9;[376] C53_;[2485] C53 Circular. V2 ;604164;518248;;0;0;0;5;No;WGG336;No;NO APLICA
202101;1;22 - 23;20:00 - 23:59;3;3;3;2;9;[858] 341_CE;[3471] 341_VUELTA_22.10.18;589678;511343;;0;0;0;5;No;WGG374;No;Norte-Sur
202116;2;7 - 8;04:00 - 07:59;2;3;3;2;9;[230] Z8;[2118] VUELTA_MDF01FEB16_NORMAL;595682;511735;;0;0;0;5;No;WGG377;No;Sur-Norte
202122;2;7 - 8;04:00 - 07:59;2;3;1;2;9;[216] 18-3_Tibabita;[2054] HABITUAL_2015-11-09;607691;527302;;0;0;0;5;No;WDE898;No;Norte-Sur
202125;2;7 - 8;04:00 - 07:59;2;3;3;2;9;[778] 403B_CEXP;[3427] 403B_HABITUAL_24.09.18;606088;520021;;0;0;0;5;No;WGG347;No;Sur-Norte
202132;2;8 - 9;08:00 - 11:59;13;3;3;2;9;[78] 330_;[2492] 330_S-N_V6_;595603;511296;;0;0;0;5;No;WML161;No;Sur-Norte
202148;2;10 - 11;08:00 - 11:59;2;3;3;2;9;[244] 489_;[3207] 489_HABITUAL_15.05.18;601199;519133;;0;0;0;5;Sí;WEW604;No;Norte-Sur
202151;2;11 - 12;08:00 - 11:59;2;3;3;2;9;[641] 19-6_CEDRITOS;[2924] 19-6_HABITUAL_02.10.17;605951;523209;;0;0;0;5;No;WEV572;No;Occi-Orien
202164;2;12 - 13;12:00 - 15:59;4;3;3;2;9;[196] 466;[3019] 466_20180129_H;604994;516696;;0;0;0;5;Sí;WGG593;No;Sur-Norte
202173;2;13 - 14;12:00 - 15:59;9;3;3;2;9;[387] E43_SUBA-CHICO;[1609] CIR_NOMAL-09feb2015;598732;524276;;0;0;0;5;No;WEW643;No;Occi-Orien
202185;2;14 - 15;12:00 - 15:59;6;3;3;2;9;[290] R_Z4;[677] VUELTA_USQ-BSA;594275;512048;;0;0;0;5;Sí;VEQ726;No;Sur-Norte
202183;2;14 - 15;12:00 - 15:59;2;3;3;2;9;[659] T25;[3420] T25_HABITUAL_24.09.18;601517;507355;;0;0;0;5;No;WGG657;No;Occi-Orien
202206;2;17 - 18;16:00 - 19:59;2;3;3;2;9;[78] 330_;[2493] 330_N-S_V6_;607092;526767;;0;0;0;5;No;WML145;No;NO APLICA
202217;2;18 - 19;16:00 - 19:59;2;3;1;2;9;[216] 18-3_Tibabita;[2054] HABITUAL_2015-11-09;603546;511101;;0;0;0;5;Sí;TUP299;No;NO APLICA
202227;2;19 - 20;16:00 - 19:59;4;3;3;2;9;[78] 330_;[2493] 330_N-S_V6_;594831;508358;;0;0;0;5;Sí;WML153;No;NO APLICA
202243;2;20 - 21;20:00 - 23:59;2;3;3;2;9;[121] R_270;[1406] 270_VUELTA_V2;605572;520709;;0;0;0;5;No;VEX274;No;Sur-Norte
202263;3;5 - 6;04:00 - 07:59;9;3;3;2;9;[222] 801.;[3430] 801_2_CL183;602920;518342;;0;0;0;5;No;VES270;No;Sur-Norte
202266;3;6 - 7;04:00 - 07:59;4;3;3;2;9;[230] Z8;[3181] VUELTA_16.04.18;595613;511388;;0;0;0;5;No;VFB912;No;NO APLICA
202274;3;8 - 9;08:00 - 11:59;4;3;3;2;9;[659] T25;[3420] T25_HABITUAL_24.09.18;602425;508766;;0;0;0;5;Sí;WGH283;No;Norte-Sur
202293;3;11 - 12;08:00 - 11:59;2;3;3;2;9;[858] 341_CE;[3471] 341_VUELTA_22.10.18;606281;521794;;0;0;0;5;Sí;VER579;No;Norte-Sur
203633;14;17 - 18;16:00 - 19:59;1;1;3;7;5;[485] 188;[2063] 188_V3;599459;506564;;0;1;0;1;No;VEN694;Sí;Orien-Occi
202306;3;13 - 14;12:00 - 15:59;2;3;3;2;9;[659] T25;[3424] T25_CICLO_24.09.18;604131;513567;;0;0;0;5;No;WGH323;No;Norte-Sur
202312;3;14 - 15;12:00 - 15:59;2;3;3;2;9;[230] Z8;[3180] IDA_16.04.18;598265;515122;;0;0;0;5;No;WGG380;No;Orien-Occi
202347;3;17 - 18;16:00 - 19:59;2;3;3;2;9;[229] E26B;[1876] E26B_FESTIVO_COMPETA;600700;525562;;0;0;0;5;No;WGG668;No;Occi-Orien
202335;3;18 - 19;16:00 - 19:59;2;3;3;2;9;[313] 402;[3476] 402_VTA_H_20181022;600924;517624;;0;0;0;5;No;VEZ110;No;Orien-Occi
202341;3;18 - 19;16:00 - 19:59;2;3;3;2;9;[858] 341_CE;[3471] 341_VUELTA_22.10.18;607554;524894;;0;0;0;5;No;WEW605;No;Orien-Occi
202345;3;19 - 20;16:00 - 19:59;4;3;3;2;9;[78] 330_;[2492] 330_S-N_V6_;601115;519072;;0;0;0;5;No;WML156;No;Sur-Norte
202383;4;10 - 11;08:00 - 11:59;17;3;3;2;9;[826] 661;[3355] 661_VUELTA_10.09.18;606206;527913;;0;0;0;5;No;WGH236;No;Norte-Sur
202396;4;14 - 15;12:00 - 15:59;2;3;3;2;9;[197] R_C37;[2877] CICLOVIA_13.08.17;600460;520649;;0;0;0;5;No;WHS683;No;Orien-Occi
202423;4;20 - 21;20:00 - 23:59;2;3;3;2;9;[175] C142;[2537] MODIFI_15-11-2016;603416;526372;;0;0;0;5;No;WGG518;No;NO APLICA
202510;6;7 - 8;04:00 - 07:59;9;3;3;2;9;[718] 191_SOLO_CE;[2738] 191 vuelta  270317;596336;513553;;0;0;0;5;No;WGG388;No;Norte-Sur
202516;6;8 - 9;08:00 - 11:59;6;3;3;2;9;[75] 291;[2959] VUELTA_LIJACA-TIERR BUENA;603524;518421;;0;0;0;5;No;WCM797;No;Orien-Occi
202523;6;8 - 9;08:00 - 11:59;2;3;3;2;9;[721] 912_CICULAR_CE;[3465] 912_IDA_22.10.18;604327;517258;;0;0;0;5;No;VET789;No;Norte-Sur
202526;6;8 - 9;08:00 - 11:59;3;3;3;2;9;[659] T25;[3421] T25_HAB AM_24.09.18;606492;517150;;0;0;0;5;No;WGH229;No;Norte-Sur
202527;6;9 - 10;08:00 - 11:59;2;3;3;2;9;[188] E44;[2987] E44_IDA_04122017;597984;512796;;0;0;0;5;Sí;WGG370;No;Sur-Norte
202536;6;9 - 10;08:00 - 11:59;2;3;3;2;9;[342] 639_;[2954] 639_VUELTA_09.10.17;607642;520934;;0;0;0;5;No;WGG552;No;Norte-Sur
203671;14;20 - 21;20:00 - 23:59;10;1;1;8;7;[575] 19-2 COLINA;[1400] 19-2 COLINA;604697;521699;;0;1;0;1;No;VEJ776;No;Occi-Orien
202539;6;10 - 11;08:00 - 11:59;2;3;3;2;9;[858] 341_CE;[3471] 341_VUELTA_22.10.18;603520;516544;;0;0;0;5;No;VEY271;No;Occi-Orien
202545;6;10 - 11;08:00 - 11:59;3;3;3;2;9;[230] Z8;[3180] IDA_16.04.18;598379;515179;;0;0;0;5;No;WGG377;No;Norte-Sur
202589;6;14 - 15;12:00 - 15:59;2;3;3;2;9;[371] 320_c;[3258] 320_HABITUAL_03.07.18;599418;525370;;0;0;0;5;Sí;WGG514;No;Norte-Sur
202598;6;15 - 16;12:00 - 15:59;2;3;3;2;9;[342] 639_;[2954] 639_VUELTA_09.10.17;594119;506371;;0;0;0;5;No;WGH365;No;Norte-Sur
202599;6;16 - 17;16:00 - 19:59;2;3;3;2;9;[387] E43_SUBA-CHICO;[1609] CIR_NOMAL-09feb2015;605995;520030;;0;0;0;5;No;WEW652;No;Norte-Sur
203683;14;22 - 23;20:00 - 23:59;19;1;3;8;7;[82] C97;[2532] C97_VUELTA_SN_V4;599538;504864;;0;1;0;1;No;VEY414;No;Norte-Sur
202606;6;17 - 18;16:00 - 19:59;3;3;3;2;9;[721] 912_CICULAR_CE;[3465] 912_IDA_22.10.18;607837;526694;;0;0;0;5;No;WGH334;No;NO APLICA
202612;6;17 - 18;16:00 - 19:59;12;3;3;2;9;[666] T21;[3016] T21_HABITUAL_29.01.18;600562;526223;;0;0;0;5;Sí;WHP950;No;Norte-Sur
202623;6;19 - 20;16:00 - 19:59;4;3;3;2;9;[251] R_Z13;[3199] Z13_Ida_NS_V6;589531;511782;;0;0;0;5;Sí;VEP131;No;Norte-Sur
202632;6;20 - 21;20:00 - 23:59;2;3;3;2;9;[666] T21;[3016] T21_HABITUAL_29.01.18;600954;519199;;0;0;0;5;Sí;WCM831;No;Orien-Occi
202660;7;6 - 7;04:00 - 07:59;2;3;3;2;9;[494] 192;[3366] 192 V.8;602390;511193;;0;0;0;5;No;WEW638;No;Norte-Sur
202664;7;6 - 7;04:00 - 07:59;2;3;3;2;9;[494] 192;[3366] 192 V.8;601174;509677;;0;0;0;5;No;WGG629;No;Sur-Norte
202670;7;6 - 7;04:00 - 07:59;3;3;3;2;9;[494] 192;[3366] 192 V.8;597495;508733;;0;0;0;5;No;SMS559;No;Occi-Orien
202716;7;12 - 13;12:00 - 15:59;2;3;3;2;9;[196] 466;[3019] 466_20180129_H;602476;515263;;0;0;0;5;No;SMS558;No;Occi-Orien
203695;15;6 - 7;04:00 - 07:59;7;1;3;6;4;[603] C120;[2131] C120-2 (20160201);599645;506398;;0;1;0;1;Sí;WHP500;No;Occi-Orien
202724;7;12 - 13;12:00 - 15:59;6;3;3;2;9;[230] Z8;[3180] IDA_16.04.18;589913;511031;;0;0;0;5;Sí;WGH348;No;Sur-Norte
202725;7;12 - 13;12:00 - 15:59;2;3;3;2;9;[376] C53_;[2485] C53 Circular. V2 ;606164;519797;;0;0;0;5;No;VES340;No;Sur-Norte
203704;15;7 - 8;04:00 - 07:59;10;1;3;7;5;[480] 162;[3140] 162_V5;600960;507643;;0;1;0;1;No;WEV200;No;Occi-Orien
202727;7;13 - 14;12:00 - 15:59;4;3;3;2;9;[230] Z8;[3180] IDA_16.04.18;598105;515533;;0;0;0;5;No;VFB912;No;NO APLICA
202735;7;13 - 14;12:00 - 15:59;9;3;3;2;9;[78] 330_;[2493] 330_N-S_V6_;595479;504227;;0;0;0;5;Sí;WML168;No;Norte-Sur
203721;15;8 - 9;08:00 - 11:59;10;1;3;7;5;[306] 113B;[2596] 113B_HABIL_V5;598884;510202;;0;1;0;1;No;VEP899;No;Sur-Norte
202746;7;15 - 16;12:00 - 15:59;6;3;3;2;9;[184] 782;[404] 782_Usaquen-Bosa;588756;509293;;0;0;0;5;Sí;WCL940;No;Norte-Sur
202748;7;15 - 16;12:00 - 15:59;4;3;3;2;9;[175] C142;[2537] MODIFI_15-11-2016;601544;524752;;0;0;0;5;No;VEV741;No;Sur-Norte
202751;7;15 - 16;12:00 - 15:59;2;3;3;2;9;[311] P49;[3211] P49_1_20180703;595783;520112;;0;0;0;5;No;WGG367;No;Sur-Norte
202786;7;18 - 19;16:00 - 19:59;6;3;3;2;9;[312] 442;[3293] 442_20180730_IDA-H;604412;518176;;0;0;0;5;Sí;VFD782;No;Orien-Occi
202791;7;19 - 20;16:00 - 19:59;2;3;3;2;9;[676] T26;[3169] T26_HABITUAL_16.04.18;606581;519997;;0;0;0;5;No;VFC336;No;Occi-Orien
202850;8;8 - 9;08:00 - 11:59;2;3;3;2;9;[188] E44;[2988] E44_VUELTA_04122017;605087;521490;;0;0;0;5;Sí;VEJ883;No;Norte-Sur
203734;15;10 - 11;08:00 - 11:59;16;1;3;3;2;[96] 669;[2871] IDA V8;600138;518335;;0;1;0;1;No;WLU665;No;Occi-Orien
202901;8;15 - 16;12:00 - 15:59;2;3;3;2;9;[78] 330_;[2492] 330_S-N_V6_;599461;497122;;0;0;0;5;No;WML148;No;Sur-Norte
202920;8;17 - 18;16:00 - 19:59;2;3;3;2;9;[718] 191_SOLO_CE;[2950] 191_IDA_09.10.17;607218;519205;;0;0;0;5;No;WGG353;No;Sur-Norte
202919;8;17 - 18;16:00 - 19:59;2;3;3;2;9;[184] 782;[2680] IDA V.4;606135;527844;;0;0;0;5;No;WDE897;No;Norte-Sur
202927;8;18 - 19;16:00 - 19:59;2;3;3;2;9;[376] C53_;[2485] C53 Circular. V2 ;604283;518210;;0;0;0;5;No;VDP549;No;Norte-Sur
202929;8;18 - 19;16:00 - 19:59;4;3;3;2;9;[197] R_C37;[2800] CIRCULAR 12062017;601355;519176;;0;0;0;5;No;WHS688;No;Orien-Occi
202937;8;18 - 19;16:00 - 19:59;2;3;3;2;9;[389] E23_SUBA-CHICO;[3029] E23_HABITUAL_29.01.18;604038;520493;;0;0;0;5;Sí;WGG648;No;Orien-Occi
202936;8;18 - 19;16:00 - 19:59;3;3;3;2;9;[597] 183;[2937] 183_VUELTA_09.10.17;596993;510805;;0;0;0;5;No;WGG358;No;Norte-Sur
202946;8;18 - 19;16:00 - 19:59;2;3;2;2;9;[340] 18-7.;[1265] MDF_24JUL14_TAZADO;608990;524371;;0;0;0;5;Sí;SMY688;No;Occi-Orien
202938;8;18 - 19;16:00 - 19:59;2;3;3;2;9;[195] C25;[3099] C25_20180226;606012;519229;;0;0;0;5;No;TGX769;No;Orien-Occi
202940;8;18 - 19;16:00 - 19:59;2;3;3;2;9;[721] 912_CICULAR_CE;[3466] 912_VUELTA_22.10.18;601478;517220;;0;0;0;5;Sí;VEZ109;No;NO APLICA
202983;9;5 - 6;04:00 - 07:59;3;3;3;2;9;[28] 544B;[3448] 544B_HABITUAL_08.10.18;604737;515329;;0;0;0;5;Sí;WDD958;No;Sur-Norte
203029;9;10 - 11;08:00 - 11:59;3;3;1;2;9;[302] 18-2;[3411] 18-2_VUELTA_24.09.18;604990;514925;;0;0;0;5;No;WGH374;No;Sur-Norte
203035;9;11 - 12;08:00 - 11:59;12;3;3;2;9;[390] R_E46_;[1180] IDA;605083;521111;;0;0;0;5;No;VFB310;No;Occi-Orien
203063;9;15 - 16;12:00 - 15:59;6;3;3;2;9;[222] 801.;[3429] 801_1_CL_183;603378;518448;;0;0;0;5;Sí;VFB479;No;Orien-Occi
203065;9;15 - 16;12:00 - 15:59;2;3;3;2;9;[313] 402;[3476] 402_VTA_H_20181022;604352;518192;;0;0;0;5;No;VEY943;No;Occi-Orien
203076;9;16 - 17;16:00 - 19:59;4;3;3;2;9;[721] 912_CICULAR_CE;[3466] 912_VUELTA_22.10.18;608176;522571;;0;0;0;5;No;WGG523;No;Norte-Sur
203771;15;14 - 15;12:00 - 15:59;2;2;3;1;6;[396] 740;[3481] 740_2_20181022_PENINSULA;595125;514428;;1;0;0;3;Sí;VEY152;No;Sur-Norte
203100;9;20 - 21;20:00 - 23:59;2;3;3;2;9;[371] 320_c;[3258] 320_HABITUAL_03.07.18;602514;526045;;0;0;0;5;No;WGG662;No;Orien-Occi
203103;9;20 - 21;20:00 - 23:59;2;3;3;2;9;[721] 912_CICULAR_CE;[2057] REF_IDA_912;607758;520233;;0;0;0;5;No;SMX658;No;NO APLICA
203114;9;21 - 22;20:00 - 23:59;2;3;3;2;9;[395] Z7;[2995] Z7_2H_20180226;598665;518024;;0;0;0;5;No;WGH304;No;NO APLICA
203144;10;8 - 9;08:00 - 11:59;4;3;3;2;9;[230] Z8;[3180] IDA_16.04.18;605823;525242;;0;0;0;5;Sí;WGG357;No;Orien-Occi
203782;15;16 - 17;16:00 - 19:59;11;1;3;3;2;[831] 914B;[3387] 914 CIRCULAR;603132;514934;;0;1;0;1;Sí;WPO005;No;Sur-Norte
203172;10;12 - 13;12:00 - 15:59;2;3;3;2;9;[660] T37;[2245] T37_2016-06-20;597932;516860;;0;0;0;5;No;WGG510;No;Orien-Occi
203173;10;12 - 13;12:00 - 15:59;18;3;3;2;9;[75] 291;[2959] VUELTA_LIJACA-TIERR BUENA;592056;514083;;0;0;0;5;No;WCM797;No;Orien-Occi
203195;10;16 - 17;16:00 - 19:59;9;3;3;2;9;[175] C142;[2537] MODIFI_15-11-2016;601408;523817;;0;0;0;5;Sí;WGG644;No;Occi-Orien
203788;15;17 - 18;16:00 - 19:59;1;1;3;5;1;[3] 496;[3300] 496 V.4;603247;508943;;0;1;0;1;Sí;VFD774;No;Orien-Occi
203196;10;16 - 17;16:00 - 19:59;2;3;3;2;9;[619] T23;[2243] T23_HABITUAL_2016-06-20;601828;516717;;0;0;0;5;Sí;WGG510;No;Occi-Orien
203202;10;17 - 18;16:00 - 19:59;2;3;3;2;9;[244] 489_;[3207] 489_HABITUAL_15.05.18;601095;519058;;0;0;0;5;Sí;VFA851;No;Sur-Norte
203228;10;21 - 22;20:00 - 23:59;4;3;3;2;9;[311] P49;[3211] P49_1_20180703;600167;520416;;0;0;0;5;Sí;WGH618;No;Sur-Norte
203230;10;21 - 22;20:00 - 23:59;2;3;3;2;9;[718] 191_SOLO_CE;[2738] 191 vuelta  270317;593192;510239;;0;0;0;5;No;WGG375;No;Orien-Occi
203236;10;22 - 23;20:00 - 23:59;3;3;3;2;9;[659] T25;[3420] T25_HABITUAL_24.09.18;598571;506766;;0;0;0;5;No;WGH285;No;NO APLICA
203281;11;16 - 17;16:00 - 19:59;2;3;3;2;9;[230] Z8;[3181] VUELTA_16.04.18;589937;510671;;0;0;0;5;No;WGG638;No;Occi-Orien
203300;11;20 - 21;20:00 - 23:59;2;3;3;2;9;[251] R_Z13;[3199] Z13_Ida_NS_V6;589537;511778;;0;0;0;5;No;WGG515;No;Norte-Sur
203325;12;12 - 13;12:00 - 15:59;4;3;3;2;9;[75] 291;[2959] VUELTA_LIJACA-TIERR BUENA;606037;526752;;0;0;0;5;No;TAZ382;No;Norte-Sur
203343;12;16 - 17;16:00 - 19:59;2;3;3;2;9;[244] 489_;[3207] 489_HABITUAL_15.05.18;601852;520168;;0;0;0;5;No;VER875;No;Sur-Norte
203359;12;21 - 22;20:00 - 23:59;2;3;3;2;9;[597] 183;[2937] 183_VUELTA_09.10.17;596906;510524;;0;0;0;5;No;WGG632;No;Norte-Sur
203367;13;6 - 7;04:00 - 07:59;2;3;3;2;9;[858] 341_CE;[3471] 341_VUELTA_22.10.18;601912;514336;;0;0;0;5;No;VFB599;No;Orien-Occi
203370;13;6 - 7;04:00 - 07:59;2;3;3;2;9;[659] T25;[3420] T25_HABITUAL_24.09.18;596592;505247;;0;0;0;5;No;WGG507;No;Sur-Norte
203380;13;8 - 9;08:00 - 11:59;2;3;3;2;9;[560] 344;[3031] 344_HABITUAL_29.01.18;607487;519333;;0;0;0;5;Sí;WEW648;No;Norte-Sur
203410;13;9 - 10;08:00 - 11:59;2;3;3;2;9;[175] C142;[2537] MODIFI_15-11-2016;604921;525439;;0;0;0;5;No;WGH328;No;Sur-Norte
203451;13;16 - 17;16:00 - 19:59;3;3;3;2;9;[382] E17_SUBA-CHICO;[1607] CIR_NORMAL_09feb2015;607041;518904;;0;0;0;5;Sí;WGH332;No;Occi-Orien
203504;13;20 - 21;20:00 - 23:59;2;3;3;2;9;[721] 912_CICULAR_CE;[3466] 912_VUELTA_22.10.18;606133;527846;;0;0;0;5;No;VEV767;No;Norte-Sur
203513;13;21 - 22;20:00 - 23:59;2;3;3;2;9;[666] T21;[3016] T21_HABITUAL_29.01.18;597950;524541;;0;0;0;5;No;TUP636;No;Occi-Orien
203516;13;22 - 23;20:00 - 23:59;9;3;3;2;9;[660] T37;[1816] T37_habitual;600296;525595;;0;0;0;5;Sí;WGG594;No;Sur-Norte
203531;14;6 - 7;04:00 - 07:59;2;3;3;2;9;[342] 639_;[2953] 639_IDA_09.10.17;597796;512619;;0;0;0;5;No;WCL950;No;Sur-Norte
203538;14;7 - 8;04:00 - 07:59;2;3;3;2;9;[251] R_Z13;[3199] Z13_Ida_NS_V6;599481;516959;;0;0;0;5;No;WGG515;No;Norte-Sur
203544;14;7 - 8;04:00 - 07:59;2;3;3;2;9;[222] 801.;[3430] 801_2_CL183;600155;518318;;0;0;0;5;No;VEZ110;No;Occi-Orien
203556;14;9 - 10;08:00 - 11:59;2;3;3;2;9;[185] 200;[1524] MDF_01DIC14;599126;514045;;0;0;0;5;No;VFA673;Sí;Norte-Sur
203575;14;11 - 12;08:00 - 11:59;2;3;3;2;9;[251] R_Z13;[3199] Z13_Ida_NS_V6;591177;510896;;0;0;0;5;Sí;WGG665;No;Norte-Sur
203583;14;12 - 13;12:00 - 15:59;9;3;3;2;9;[279] C77;[3350] C77_IDA_09.08.18;605935;523100;;0;0;0;5;No;WGG323;No;Norte-Sur
203588;14;12 - 13;12:00 - 15:59;2;3;3;2;9;[676] T26;[3169] T26_HABITUAL_16.04.18;602105;512981;;0;0;0;5;Sí;TMSA10;No;Sur-Norte
203590;14;12 - 13;12:00 - 15:59;2;3;3;2;9;[185] 200;[1524] MDF_01DIC14;598872;513728;;0;0;0;5;Sí;VFC019;No;Sur-Norte
203851;16;8 - 9;08:00 - 11:59;13;1;3;2;9;[858] 341_CE;[3470] 341_IDA_22.10.18;597013;510767;;0;1;0;1;No;SMY393;No;Sur-Norte
203593;14;13 - 14;12:00 - 15:59;4;3;3;2;9;[721] 912_CICULAR_CE;[3466] 912_VUELTA_22.10.18;591062;513722;;0;0;0;5;No;SMS561;No;Orien-Occi
203594;14;13 - 14;12:00 - 15:59;4;3;3;2;9;[371] 320_c;[3258] 320_HABITUAL_03.07.18;600894;525490;;0;0;0;5;No;VFB482;No;Sur-Norte
203599;14;13 - 14;12:00 - 15:59;2;3;3;2;9;[230] Z8;[3181] VUELTA_16.04.18;595499;510674;;0;0;0;5;Sí;VEP161;No;Occi-Orien
203605;14;14 - 15;12:00 - 15:59;2;3;3;2;9;[75] 291;[2958] IDA_TIER_BUENA - LIJACA;598663;514369;;0;0;0;5;No;WDD951;No;Occi-Orien
203618;14;16 - 17;16:00 - 19:59;2;3;3;2;9;[721] 912_CICULAR_CE;[3466] 912_VUELTA_22.10.18;607482;519285;;0;0;0;5;No;WGG370;No;Sur-Norte
203628;14;17 - 18;16:00 - 19:59;3;3;3;2;9;[313] 402;[3476] 402_VTA_H_20181022;602116;520832;;0;0;0;5;No;VES306;No;Norte-Sur
203637;14;18 - 19;16:00 - 19:59;6;3;3;2;9;[313] 402;[3476] 402_VTA_H_20181022;608355;523753;;0;0;0;5;No;WGH393;No;Norte-Sur
203643;14;19 - 20;16:00 - 19:59;2;3;3;2;9;[494] 192;[3366] 192 V.8;597409;508774;;0;0;0;5;No;VES340;No;Orien-Occi
203652;14;19 - 20;16:00 - 19:59;6;3;3;2;9;[230] Z8;[519] IDA_USAQ-BOSA;607326;521968;;0;0;0;5;No;SMY688;No;Norte-Sur
203673;14;21 - 22;20:00 - 23:59;2;3;3;2;9;[371] 320_c;[3258] 320_HABITUAL_03.07.18;606160;519760;;0;0;0;5;Sí;SMY964;No;NO APLICA
203877;16;11 - 12;08:00 - 11:59;19;1;3;2;9;[57] 4;[3104] 4_HABITUAL_26.02.18;605935;515834;;0;1;0;1;No;WGG595;Sí;Norte-Sur
203691;15;5 - 6;04:00 - 07:59;4;3;3;2;9;[597] 183;[2936] 183_IDA_09.10.17;599153;514024;;0;0;0;5;No;VEQ655;No;NO APLICA
203702;15;7 - 8;04:00 - 07:59;2;3;3;2;9;[395] Z7;[2994] Z7_1H_20180226;600972;514883;;0;0;0;5;Sí;WGG330;No;NO APLICA
203708;15;7 - 8;04:00 - 07:59;3;3;1;2;9;[302] 18-2;[3410] 18-2_IDA_24.09.18;607273;521077;;0;0;0;5;No;WGH616;No;Norte-Sur
203725;15;8 - 9;08:00 - 11:59;2;3;3;2;9;[342] 639_;[2954] 639_VUELTA_09.10.17;604732;518113;;0;0;0;5;No;WDD986;No;Orien-Occi
203717;15;8 - 9;08:00 - 11:59;2;3;3;2;9;[597] 183;[2937] 183_VUELTA_09.10.17;603961;518307;;0;0;0;5;No;VER472;No;Orien-Occi
203727;15;9 - 10;08:00 - 11:59;2;3;3;2;9;[858] 341_CE;[3471] 341_VUELTA_22.10.18;598115;512969;;0;0;0;5;Sí;VFC965;No;Norte-Sur
203733;15;10 - 11;08:00 - 11:59;4;3;3;2;9;[78] 330_;[2492] 330_S-N_V6_;599407;496780;;0;0;0;5;Sí;WML148;No;Sur-Norte
203741;15;10 - 11;08:00 - 11:59;2;3;3;2;9;[858] 341_CE;[3471] 341_VUELTA_22.10.18;601589;514391;;0;0;0;5;No;WGH253;No;Norte-Sur
203753;15;12 - 13;12:00 - 15:59;6;3;3;2;9;[826] 661;[3354] 661_IDA_10.09.18;602649;518225;;0;0;0;5;Sí;WGH375;No;Occi-Orien
203757;15;12 - 13;12:00 - 15:59;2;3;3;2;9;[858] 341_CE;[3471] 341_VUELTA_22.10.18;593890;510388;;0;0;0;5;No;SMY861;No;Orien-Occi
203759;15;13 - 14;12:00 - 15:59;2;3;3;2;9;[494] 192;[3366] 192 V.8;600962;509780;;0;0;0;5;No;VFD599;No;Sur-Norte
203763;15;13 - 14;12:00 - 15:59;3;3;3;2;9;[389] E23_SUBA-CHICO;[3029] E23_HABITUAL_29.01.18;600171;524724;;0;0;0;5;No;WGH332;No;Occi-Orien
203769;15;14 - 15;12:00 - 15:59;6;3;3;2;9;[222] 801.;[3430] 801_2_CL183;595477;520590;;0;0;0;5;No;VEL019;No;Sur-Norte
203785;15;17 - 18;16:00 - 19:59;2;3;3;2;9;[195] C25;[3099] C25_20180226;601772;519383;;0;0;0;5;No;WHS692;No;Norte-Sur
203789;15;17 - 18;16:00 - 19:59;4;3;3;2;9;[244] 489_;[3207] 489_HABITUAL_15.05.18;596838;513949;;0;0;0;5;No;WEW604;No;NO APLICA
203796;15;18 - 19;16:00 - 19:59;2;3;3;2;9;[28] 544B;[3448] 544B_HABITUAL_08.10.18;606705;526244;;0;0;0;5;No;WDD963;No;Norte-Sur
203804;15;19 - 20;16:00 - 19:59;2;3;3;2;9;[718] 191_SOLO_CE;[2046] CIRCUALR_BOSA_191;596328;513603;;0;0;0;5;No;WEW605;No;Occi-Orien
203843;16;7 - 8;04:00 - 07:59;18;3;3;2;9;[184] 782;[404] 782_Usaquen-Bosa;604819;518075;;0;0;0;5;No;WCL931;No;Norte-Sur
203845;16;7 - 8;04:00 - 07:59;11;3;3;2;9;[398] 607;[2082] VUELTA V2;602003;520648;;0;0;0;5;No;VEN670;No;Norte-Sur
203856;16;8 - 9;08:00 - 11:59;9;3;3;2;9;[28] 544B;[3448] 544B_HABITUAL_08.10.18;608415;524316;;0;0;0;5;No;WCL350;No;Norte-Sur
203867;16;10 - 11;08:00 - 11:59;6;3;3;2;9;[390] R_E46_;[2224] vuelta 130616;591519;510101;;0;0;0;5;No;VEW292;No;Norte-Sur
203892;16;13 - 14;12:00 - 15:59;2;3;3;2;9;[659] T25;[3421] T25_HAB AM_24.09.18;596416;505959;;0;0;0;5;No;WGG409;No;Norte-Sur
203917;16;17 - 18;16:00 - 19:59;9;1;3;5;1;[845] R283;[3442] 283;591459;508158;;0;1;0;1;Sí;VEX399;No;Orien-Occi
203899;16;14 - 15;12:00 - 15:59;2;3;3;2;9;[185] 200;[1524] MDF_01DIC14;600774;516170;;0;0;0;5;Sí;VEV079;No;Norte-Sur
203914;16;16 - 17;16:00 - 19:59;17;3;3;2;9;[28] 544B;[3448] 544B_HABITUAL_08.10.18;606743;526793;;0;0;0;5;No;WCL927;No;Orien-Occi
203925;16;17 - 18;16:00 - 19:59;10;1;3;2;9;[230] Z8;[3180] IDA_16.04.18;607142;518679;;0;1;0;1;No;VEZ004;No;Norte-Sur
203915;16;17 - 18;16:00 - 19:59;2;3;3;2;9;[826] 661;[3354] 661_IDA_10.09.18;608389;524065;;0;0;0;5;Sí;TUP808;No;Norte-Sur
203918;16;17 - 18;16:00 - 19:59;2;3;3;2;9;[188] E44;[2987] E44_IDA_04122017;606157;527493;;0;0;0;5;Sí;WGH344;No;NO APLICA
203921;16;17 - 18;16:00 - 19:59;2;3;3;2;9;[244] 489_;[3207] 489_HABITUAL_15.05.18;597158;514216;;0;0;0;5;Sí;VFA851;No;Sur-Norte
203922;16;17 - 18;16:00 - 19:59;9;3;3;2;9;[103] 37;[2815] 37_H_20170710;595460;521253;;0;0;0;5;Sí;VEY419;No;Sur-Norte
203933;16;19 - 20;16:00 - 19:59;2;3;3;2;9;[312] 442;[3293] 442_20180730_IDA-H;605522;517964;;0;0;0;5;No;WGG622;No;Orien-Occi
203963;16;23 - 0;20:00 - 23:59;4;3;3;2;9;[858] 341_CE;[3471] 341_VUELTA_22.10.18;588968;511079;;0;0;0;5;No;VFB495;No;NO APLICA
203966;17;3 - 4;01:00 - 03:59;2;3;3;2;9;[721] 912_CICULAR_CE;[3465] 912_IDA_22.10.18;606480;526230;;0;0;0;5;Sí;SMY239;No;Occi-Orien
203977;17;7 - 8;04:00 - 07:59;3;3;3;2;9;[78] 330_;[2492] 330_S-N_V6_;595143;506375;;0;0;0;5;No;WML147;No;Sur-Norte
204006;17;11 - 12;08:00 - 11:59;2;3;3;2;9;[858] 341_CE;[3470] 341_IDA_22.10.18;606140;525139;;0;0;0;5;Sí;WGG637;No;NO APLICA
204015;17;13 - 14;12:00 - 15:59;15;3;3;2;9;[560] 344;[3031] 344_HABITUAL_29.01.18;597804;525341;;0;0;0;5;No;WEW630;No;NO APLICA
202037;1;12 - 13;12:00 - 15:59;2;3;3;10;10;[591] 13-5;[3327] 13-5_13082018_V4_Ida;598948;504523;;0;0;0;5;No;VEZ011;No;Sur-Norte
202075;1;19 - 20;16:00 - 19:59;3;3;3;10;10;[236] 39;[3102] 39_VTA_EW_V5;594859;511017;;0;0;0;5;Sí;VFD298;No;Orien-Occi
202094;1;21 - 22;20:00 - 23:59;2;3;3;10;10;[281] 577;[3133] 20180402_VUELTA TV 93;597173;504099;;0;0;0;5;No;WDG063;No;Norte-Sur
202112;2;6 - 7;04:00 - 07:59;5;3;3;10;10;[832] 914A;[3376] 914A_10092018;597524;502249;;0;0;0;5;No;WDG037;No;Sur-Norte
202113;2;6 - 7;04:00 - 07:59;15;3;3;10;10;[281] 577;[3130] 20180402_IDA;593678;512195;;0;0;0;5;No;SMY839;No;Sur-Norte
202195;2;15 - 16;12:00 - 15:59;2;3;3;10;10;[273] E57;[2389] E57_IDA_SN_V4;599563;514567;;0;0;0;5;No;WDG020;No;Sur-Norte
202361;3;20 - 21;20:00 - 23:59;13;3;3;10;10;[360] 614;[3092] 614_19022018_V4;600171;506010;;0;0;0;5;Sí;WDD325;No;Norte-Sur
202403;4;15 - 16;12:00 - 15:59;2;3;3;10;10;[154] 802;[2266] 802-2_20160705_DESVIO;597427;520460;;0;0;0;5;No;WEV339;No;Sur-Norte
202429;4;21 - 22;20:00 - 23:59;2;3;3;10;10;[360] 614;[872] 614_COMP_C1;598474;503336;;0;0;0;5;Sí;WDE331;No;Norte-Sur
202501;6;7 - 8;04:00 - 07:59;4;3;3;10;10;[360] 614;[3092] 614_19022018_V4;598179;501310;;0;0;0;5;Sí;WDG033;No;Norte-Sur
202537;6;9 - 10;08:00 - 11:59;13;3;3;10;10;[832] 914A;[3376] 914A_10092018;596982;505119;;0;0;0;5;No;WEV331;No;Norte-Sur
202621;6;18 - 19;16:00 - 19:59;9;3;3;10;10;[154] 802;[2265] 802-1_20160705_DESVIO;597632;499286;;0;0;0;5;No;WDD337;No;Norte-Sur
202797;7;19 - 20;16:00 - 19:59;2;3;3;10;10;[570] 13-4;[3326] 13-4_13082018_V4_Vuelta;599215;504691;;0;0;0;5;No;SVS939;No;Norte-Sur
202866;8;10 - 11;08:00 - 11:59;2;3;3;10;10;[832] 914A;[3376] 914A_10092018;597008;504550;;0;0;0;5;No;WDG058;No;Norte-Sur
202932;8;18 - 19;16:00 - 19:59;3;3;3;10;10;[281] 577;[661] 577-2;596064;517545;;0;0;0;5;No;VEX647;No;Norte-Sur
202982;9;0 - 1;01:00 - 03:59;3;3;3;10;10;[281] 577;[3131] 20180402_VUELTA;598461;502633;;0;0;0;5;No;WDD326;No;Norte-Sur
203119;9;22 - 23;20:00 - 23:59;2;3;3;10;10;[82] C97;[2532] C97_VUELTA_SN_V4;601112;519073;;0;0;0;5;No;VER588;No;Sur-Norte
203161;10;11 - 12;08:00 - 11:59;2;3;3;10;10;[360] 614;[3092] 614_19022018_V4;598429;502691;;0;0;0;5;Sí;WDG044;No;Norte-Sur
203243;10;23 - 0;20:00 - 23:59;2;3;3;10;10;[82] C97;[188] R_C97_IDA;603074;516395;;0;0;0;5;No;VDM141;No;Norte-Sur
203256;11;6 - 7;04:00 - 07:59;3;3;3;10;10;[383] 806;[3123] 806-2_CRA112 (20180703);599658;518708;;0;0;0;5;Sí;SVS631;No;Occi-Orien
203302;11;21 - 22;20:00 - 23:59;2;3;3;10;10;[360] 614;[872] 614_COMP_C1;599899;507318;;0;0;0;5;No;WDG004;No;Sur-Norte
203305;11;22 - 23;20:00 - 23:59;2;3;3;10;10;[236] 39;[2834] 39_IDA_WE_V4;593660;512764;;0;0;0;5;No;WDG009;No;Norte-Sur
203330;12;13 - 14;12:00 - 15:59;2;3;3;10;10;[739] 271L;[2665] 271_20022017_S-N_V4;595752;512545;;0;0;0;5;No;SVS939;No;Sur-Norte
203331;12;13 - 14;12:00 - 15:59;2;3;3;10;10;[527] 189;[2658] 189_N-S_V4_F;596580;505405;;0;0;0;5;No;WEV334;No;Norte-Sur
203998;17;10 - 11;08:00 - 11:59;10;1;3;7;5;[81] R_579;[3135] 579_HABIL_V4;591160;508137;;0;1;0;1;No;WHQ835;Sí;Occi-Orien
204000;17;10 - 11;08:00 - 11:59;16;1;3;10;10;[281] 577;[3131] 20180402_VUELTA;595765;506899;;0;1;0;1;No;SVS789;No;NO APLICA
203353;12;20 - 21;20:00 - 23:59;3;3;3;10;10;[360] 614;[873] 614_COMP_C2;598026;499097;;0;0;0;5;No;WDD327;No;Sur-Norte
203371;13;6 - 7;04:00 - 07:59;2;3;3;10;10;[281] 577;[3130] 20180402_IDA;595425;521186;;0;0;0;5;No;WDG068;No;Sur-Norte
204005;17;10 - 11;08:00 - 11:59;13;1;3;5;1;[841] R117;[3423] RP117;598287;508173;;0;2;0;1;No;WML669;Sí;Sur-Norte
203402;13;9 - 10;08:00 - 11:59;2;3;3;10;10;[739] 271L;[2665] 271_20022017_S-N_V4;597137;505362;;0;0;0;5;No;WDG001;No;Orien-Occi
203459;13;17 - 18;16:00 - 19:59;2;3;3;10;10;[385] 539;[2991] 539_USM-ENG_20180212;596282;513393;;0;0;0;5;No;WDG064;No;Sur-Norte
203509;13;21 - 22;20:00 - 23:59;6;3;3;10;10;[832] 914A;[3376] 914A_10092018;600108;508720;;0;0;0;5;No;WDE339;No;Norte-Sur
203622;14;16 - 17;16:00 - 19:59;2;3;3;10;10;[154] 802;[2265] 802-1_20160705_DESVIO;596480;520472;;0;0;0;5;No;WDD337;No;Sur-Norte
203646;14;19 - 20;16:00 - 19:59;4;3;3;10;10;[78] 330_;[2493] 330_N-S_V6_;599648;517191;;0;0;0;5;Sí;WEX153;No;Norte-Sur
204010;17;12 - 13;12:00 - 15:59;2;2;3;7;5;[238] 111;[2734] IDA V.6;601432;503197;;0;0;0;2;Sí;WDE077;No;Occi-Orien
203666;14;20 - 21;20:00 - 23:59;9;3;3;10;10;[219] 488;[3220] 488_12062018_V5;596985;506130;;0;0;0;5;Sí;SMY924;No;Sur-Norte
203878;16;11 - 12;08:00 - 11:59;2;3;3;10;10;[273] E57;[2390] E57_VUELTA_NS_V4;596975;504606;;0;0;0;5;No;WEW145;No;Orien-Occi
203905;16;15 - 16;12:00 - 15:59;2;3;3;10;10;[537] 953;[1387] 953_IDA_V2;596694;506990;;0;0;0;5;No;WDD336;No;Norte-Sur
203911;16;16 - 17;16:00 - 19:59;2;3;3;10;10;[739] 271L;[3520] 271_13112018_N-S_V5;597450;521901;;0;0;0;5;Sí;WDG068;No;NO APLICA
203950;16;20 - 21;20:00 - 23:59;2;3;3;10;10;[385] 539;[2991] 539_USM-ENG_20180212;598253;498517;;0;0;0;5;No;WEX157;No;Sur-Norte
203982;17;8 - 9;08:00 - 11:59;2;3;3;10;10;[154] 802;[2265] 802-1_20160705_DESVIO;597771;520156;;0;0;0;5;No;WDG025;No;Norte-Sur